source_url,link_text,href,target_url,route_exists,anchor,anchor_exists,language_status,status
/404,,/en/,/en/,True,,True,PASS,PASS
/404,Home,/en/,/en/,True,,True,PASS,PASS
/404,Products,/en/products/,/en/products/,True,,True,PASS,PASS
/404,Components,/en/components/,/en/components/,True,,True,PASS,PASS
/404,Projects,/en/projects/,/en/projects/,True,,True,PASS,PASS
/404,Manufacturing,/en/manufacturing-quality/,/en/manufacturing-quality/,True,,True,PASS,PASS
/404,About,/en/about/,/en/about/,True,,True,PASS,PASS
/404,Get a Quote,/en/contact/#quote-form,/en/contact/,True,quote-form,True,PASS,PASS
/404,Home,/en/,/en/,True,,True,PASS,PASS
/404,Products,/en/products/,/en/products/,True,,True,PASS,PASS
/404,Components,/en/components/,/en/components/,True,,True,PASS,PASS
/404,Projects,/en/projects/,/en/projects/,True,,True,PASS,PASS
/404,Manufacturing,/en/manufacturing-quality/,/en/manufacturing-quality/,True,,True,PASS,PASS
/404,About,/en/about/,/en/about/,True,,True,PASS,PASS
/404,Contact,/en/contact/,/en/contact/,True,,True,PASS,PASS
/404,Get a Quote,/en/contact/#quote-form,/en/contact/,True,quote-form,True,PASS,PASS
/404,Go to English Home,/en/,/en/,True,,True,PASS,PASS
/404,返回中文首页,/zh/,/zh/,True,,True,PASS,PASS
/404,Factory & Workshop,/en/steel-workshop/,/en/steel-workshop/,True,,True,PASS,PASS
/404,Steel Warehouse,/en/steel-warehouse/,/en/steel-warehouse/,True,,True,PASS,PASS
/404,Engineering Design,/en/engineering-design/,/en/engineering-design/,True,,True,PASS,PASS
/404,Manufacturing & Quality,/en/manufacturing-quality/,/en/manufacturing-quality/,True,,True,PASS,PASS
/404,Export Delivery,/en/export-delivery/,/en/export-delivery/,True,,True,PASS,PASS
/404,Components,/en/components/,/en/components/,True,,True,PASS,PASS
/404,About Us,/en/about/,/en/about/,True,,True,PASS,PASS
/404,Projects,/en/projects/,/en/projects/,True,,True,PASS,PASS
/404,Contact,/en/contact/,/en/contact/,True,,True,PASS,PASS
/404,Privacy Policy,/en/privacy/,/en/privacy/,True,,True,PASS,PASS
/404,Terms of Use,/en/terms/,/en/terms/,True,,True,PASS,PASS
/en/about/,,/en/,/en/,True,,True,PASS,PASS
/en/about/,Home,/en/,/en/,True,,True,PASS,PASS
/en/about/,Products,/en/products/,/en/products/,True,,True,PASS,PASS
/en/about/,Components,/en/components/,/en/components/,True,,True,PASS,PASS
/en/about/,Projects,/en/projects/,/en/projects/,True,,True,PASS,PASS
/en/about/,Manufacturing,/en/manufacturing-quality/,/en/manufacturing-quality/,True,,True,PASS,PASS
/en/about/,About,/en/about/,/en/about/,True,,True,PASS,PASS
/en/about/,中文,/zh/about/,/zh/about/,True,,True,PASS,PASS
/en/about/,Get a Quote,/en/contact/#quote-form,/en/contact/,True,quote-form,True,PASS,PASS
/en/about/,Home,/en/,/en/,True,,True,PASS,PASS
/en/about/,Products,/en/products/,/en/products/,True,,True,PASS,PASS
/en/about/,Components,/en/components/,/en/components/,True,,True,PASS,PASS
/en/about/,Projects,/en/projects/,/en/projects/,True,,True,PASS,PASS
/en/about/,Manufacturing,/en/manufacturing-quality/,/en/manufacturing-quality/,True,,True,PASS,PASS
/en/about/,About,/en/about/,/en/about/,True,,True,PASS,PASS
/en/about/,Contact,/en/contact/,/en/contact/,True,,True,PASS,PASS
/en/about/,中文,/zh/about/,/zh/about/,True,,True,PASS,PASS
/en/about/,Get a Quote,/en/contact/#quote-form,/en/contact/,True,quote-form,True,PASS,PASS
/en/about/,Home,/en/,/en/,True,,True,PASS,PASS
/en/about/,View Detailed Manufacturing Process →,/en/manufacturing-quality/,/en/manufacturing-quality/,True,,True,PASS,PASS
/en/about/,View Export Delivery →,/en/export-delivery/,/en/export-delivery/,True,,True,PASS,PASS
/en/about/,Factory & Workshop,/en/steel-workshop/,/en/steel-workshop/,True,,True,PASS,PASS
/en/about/,Steel Warehouse,/en/steel-warehouse/,/en/steel-warehouse/,True,,True,PASS,PASS
/en/about/,Engineering Design,/en/engineering-design/,/en/engineering-design/,True,,True,PASS,PASS
/en/about/,Manufacturing & Quality,/en/manufacturing-quality/,/en/manufacturing-quality/,True,,True,PASS,PASS
/en/about/,Export Delivery,/en/export-delivery/,/en/export-delivery/,True,,True,PASS,PASS
/en/about/,Components,/en/components/,/en/components/,True,,True,PASS,PASS
/en/about/,About Us,/en/about/,/en/about/,True,,True,PASS,PASS
/en/about/,Projects,/en/projects/,/en/projects/,True,,True,PASS,PASS
/en/about/,Contact,/en/contact/,/en/contact/,True,,True,PASS,PASS
/en/about/,Privacy Policy,/en/privacy/,/en/privacy/,True,,True,PASS,PASS
/en/about/,Terms of Use,/en/terms/,/en/terms/,True,,True,PASS,PASS
/en/blog/how-to-import-steel-structure-from-china-complete-guide/,,/en/,/en/,True,,True,PASS,PASS
/en/blog/how-to-import-steel-structure-from-china-complete-guide/,Home,/en/,/en/,True,,True,PASS,PASS
/en/blog/how-to-import-steel-structure-from-china-complete-guide/,Products,/en/products/,/en/products/,True,,True,PASS,PASS
/en/blog/how-to-import-steel-structure-from-china-complete-guide/,Components,/en/components/,/en/components/,True,,True,PASS,PASS
/en/blog/how-to-import-steel-structure-from-china-complete-guide/,Projects,/en/projects/,/en/projects/,True,,True,PASS,PASS
/en/blog/how-to-import-steel-structure-from-china-complete-guide/,Manufacturing,/en/manufacturing-quality/,/en/manufacturing-quality/,True,,True,PASS,PASS
/en/blog/how-to-import-steel-structure-from-china-complete-guide/,About,/en/about/,/en/about/,True,,True,PASS,PASS
/en/blog/how-to-import-steel-structure-from-china-complete-guide/,Get a Quote,/en/contact/#quote-form,/en/contact/,True,quote-form,True,PASS,PASS
/en/blog/how-to-import-steel-structure-from-china-complete-guide/,Home,/en/,/en/,True,,True,PASS,PASS
/en/blog/how-to-import-steel-structure-from-china-complete-guide/,Products,/en/products/,/en/products/,True,,True,PASS,PASS
/en/blog/how-to-import-steel-structure-from-china-complete-guide/,Components,/en/components/,/en/components/,True,,True,PASS,PASS
/en/blog/how-to-import-steel-structure-from-china-complete-guide/,Projects,/en/projects/,/en/projects/,True,,True,PASS,PASS
/en/blog/how-to-import-steel-structure-from-china-complete-guide/,Manufacturing,/en/manufacturing-quality/,/en/manufacturing-quality/,True,,True,PASS,PASS
/en/blog/how-to-import-steel-structure-from-china-complete-guide/,About,/en/about/,/en/about/,True,,True,PASS,PASS
/en/blog/how-to-import-steel-structure-from-china-complete-guide/,Contact,/en/contact/,/en/contact/,True,,True,PASS,PASS
/en/blog/how-to-import-steel-structure-from-china-complete-guide/,Get a Quote,/en/contact/#quote-form,/en/contact/,True,quote-form,True,PASS,PASS
/en/blog/how-to-import-steel-structure-from-china-complete-guide/,Home,/en/,/en/,True,,True,PASS,PASS
/en/blog/how-to-import-steel-structure-from-china-complete-guide/,"Export Delivery Packing, container loading, and export coordination",/en/export-delivery/,/en/export-delivery/,True,,True,PASS,PASS
/en/blog/how-to-import-steel-structure-from-china-complete-guide/,Manufacturing Quality Fabrication quality control and production capability,/en/manufacturing-quality/,/en/manufacturing-quality/,True,,True,PASS,PASS
/en/blog/how-to-import-steel-structure-from-china-complete-guide/,Custom Engineering Drawings review and custom fabrication support,/en/products/custom-engineering/,/en/products/custom-engineering/,True,,True,PASS,PASS
/en/blog/how-to-import-steel-structure-from-china-complete-guide/,Factory & Workshop,/en/steel-workshop/,/en/steel-workshop/,True,,True,PASS,PASS
/en/blog/how-to-import-steel-structure-from-china-complete-guide/,Steel Warehouse,/en/steel-warehouse/,/en/steel-warehouse/,True,,True,PASS,PASS
/en/blog/how-to-import-steel-structure-from-china-complete-guide/,Engineering Design,/en/engineering-design/,/en/engineering-design/,True,,True,PASS,PASS
/en/blog/how-to-import-steel-structure-from-china-complete-guide/,Manufacturing & Quality,/en/manufacturing-quality/,/en/manufacturing-quality/,True,,True,PASS,PASS
/en/blog/how-to-import-steel-structure-from-china-complete-guide/,Export Delivery,/en/export-delivery/,/en/export-delivery/,True,,True,PASS,PASS
/en/blog/how-to-import-steel-structure-from-china-complete-guide/,Components,/en/components/,/en/components/,True,,True,PASS,PASS
/en/blog/how-to-import-steel-structure-from-china-complete-guide/,About Us,/en/about/,/en/about/,True,,True,PASS,PASS
/en/blog/how-to-import-steel-structure-from-china-complete-guide/,Projects,/en/projects/,/en/projects/,True,,True,PASS,PASS
/en/blog/how-to-import-steel-structure-from-china-complete-guide/,Contact,/en/contact/,/en/contact/,True,,True,PASS,PASS
/en/blog/how-to-import-steel-structure-from-china-complete-guide/,Privacy Policy,/en/privacy/,/en/privacy/,True,,True,PASS,PASS
/en/blog/how-to-import-steel-structure-from-china-complete-guide/,Terms of Use,/en/terms/,/en/terms/,True,,True,PASS,PASS
/en/blog/how-to-import-steel-structure-from-china-to-africa/,,/en/,/en/,True,,True,PASS,PASS
/en/blog/how-to-import-steel-structure-from-china-to-africa/,Home,/en/,/en/,True,,True,PASS,PASS
/en/blog/how-to-import-steel-structure-from-china-to-africa/,Products,/en/products/,/en/products/,True,,True,PASS,PASS
/en/blog/how-to-import-steel-structure-from-china-to-africa/,Components,/en/components/,/en/components/,True,,True,PASS,PASS
/en/blog/how-to-import-steel-structure-from-china-to-africa/,Projects,/en/projects/,/en/projects/,True,,True,PASS,PASS
/en/blog/how-to-import-steel-structure-from-china-to-africa/,Manufacturing,/en/manufacturing-quality/,/en/manufacturing-quality/,True,,True,PASS,PASS
/en/blog/how-to-import-steel-structure-from-china-to-africa/,About,/en/about/,/en/about/,True,,True,PASS,PASS
/en/blog/how-to-import-steel-structure-from-china-to-africa/,Get a Quote,/en/contact/#quote-form,/en/contact/,True,quote-form,True,PASS,PASS
/en/blog/how-to-import-steel-structure-from-china-to-africa/,Home,/en/,/en/,True,,True,PASS,PASS
/en/blog/how-to-import-steel-structure-from-china-to-africa/,Products,/en/products/,/en/products/,True,,True,PASS,PASS
/en/blog/how-to-import-steel-structure-from-china-to-africa/,Components,/en/components/,/en/components/,True,,True,PASS,PASS
/en/blog/how-to-import-steel-structure-from-china-to-africa/,Projects,/en/projects/,/en/projects/,True,,True,PASS,PASS
/en/blog/how-to-import-steel-structure-from-china-to-africa/,Manufacturing,/en/manufacturing-quality/,/en/manufacturing-quality/,True,,True,PASS,PASS
/en/blog/how-to-import-steel-structure-from-china-to-africa/,About,/en/about/,/en/about/,True,,True,PASS,PASS
/en/blog/how-to-import-steel-structure-from-china-to-africa/,Contact,/en/contact/,/en/contact/,True,,True,PASS,PASS
/en/blog/how-to-import-steel-structure-from-china-to-africa/,Get a Quote,/en/contact/#quote-form,/en/contact/,True,quote-form,True,PASS,PASS
/en/blog/how-to-import-steel-structure-from-china-to-africa/,Home,/en/,/en/,True,,True,PASS,PASS
/en/blog/how-to-import-steel-structure-from-china-to-africa/,"Export Delivery Packing, container loading, and export coordination",/en/export-delivery/,/en/export-delivery/,True,,True,PASS,PASS
/en/blog/how-to-import-steel-structure-from-china-to-africa/,Steel Warehouse Industrial and logistics warehouse solutions,/en/steel-warehouse/,/en/steel-warehouse/,True,,True,PASS,PASS
/en/blog/how-to-import-steel-structure-from-china-to-africa/,Steel Workshop Manufacturing and processing workshop solutions,/en/steel-workshop/,/en/steel-workshop/,True,,True,PASS,PASS
/en/blog/how-to-import-steel-structure-from-china-to-africa/,Factory & Workshop,/en/steel-workshop/,/en/steel-workshop/,True,,True,PASS,PASS
/en/blog/how-to-import-steel-structure-from-china-to-africa/,Steel Warehouse,/en/steel-warehouse/,/en/steel-warehouse/,True,,True,PASS,PASS
/en/blog/how-to-import-steel-structure-from-china-to-africa/,Engineering Design,/en/engineering-design/,/en/engineering-design/,True,,True,PASS,PASS
/en/blog/how-to-import-steel-structure-from-china-to-africa/,Manufacturing & Quality,/en/manufacturing-quality/,/en/manufacturing-quality/,True,,True,PASS,PASS
/en/blog/how-to-import-steel-structure-from-china-to-africa/,Export Delivery,/en/export-delivery/,/en/export-delivery/,True,,True,PASS,PASS
/en/blog/how-to-import-steel-structure-from-china-to-africa/,Components,/en/components/,/en/components/,True,,True,PASS,PASS
/en/blog/how-to-import-steel-structure-from-china-to-africa/,About Us,/en/about/,/en/about/,True,,True,PASS,PASS
/en/blog/how-to-import-steel-structure-from-china-to-africa/,Projects,/en/projects/,/en/projects/,True,,True,PASS,PASS
/en/blog/how-to-import-steel-structure-from-china-to-africa/,Contact,/en/contact/,/en/contact/,True,,True,PASS,PASS
/en/blog/how-to-import-steel-structure-from-china-to-africa/,Privacy Policy,/en/privacy/,/en/privacy/,True,,True,PASS,PASS
/en/blog/how-to-import-steel-structure-from-china-to-africa/,Terms of Use,/en/terms/,/en/terms/,True,,True,PASS,PASS
/en/blog/shipping-cost-steel-structure-from-china/,,/en/,/en/,True,,True,PASS,PASS
/en/blog/shipping-cost-steel-structure-from-china/,Home,/en/,/en/,True,,True,PASS,PASS
/en/blog/shipping-cost-steel-structure-from-china/,Products,/en/products/,/en/products/,True,,True,PASS,PASS
/en/blog/shipping-cost-steel-structure-from-china/,Components,/en/components/,/en/components/,True,,True,PASS,PASS
/en/blog/shipping-cost-steel-structure-from-china/,Projects,/en/projects/,/en/projects/,True,,True,PASS,PASS
/en/blog/shipping-cost-steel-structure-from-china/,Manufacturing,/en/manufacturing-quality/,/en/manufacturing-quality/,True,,True,PASS,PASS
/en/blog/shipping-cost-steel-structure-from-china/,About,/en/about/,/en/about/,True,,True,PASS,PASS
/en/blog/shipping-cost-steel-structure-from-china/,Get a Quote,/en/contact/#quote-form,/en/contact/,True,quote-form,True,PASS,PASS
/en/blog/shipping-cost-steel-structure-from-china/,Home,/en/,/en/,True,,True,PASS,PASS
/en/blog/shipping-cost-steel-structure-from-china/,Products,/en/products/,/en/products/,True,,True,PASS,PASS
/en/blog/shipping-cost-steel-structure-from-china/,Components,/en/components/,/en/components/,True,,True,PASS,PASS
/en/blog/shipping-cost-steel-structure-from-china/,Projects,/en/projects/,/en/projects/,True,,True,PASS,PASS
/en/blog/shipping-cost-steel-structure-from-china/,Manufacturing,/en/manufacturing-quality/,/en/manufacturing-quality/,True,,True,PASS,PASS
/en/blog/shipping-cost-steel-structure-from-china/,About,/en/about/,/en/about/,True,,True,PASS,PASS
/en/blog/shipping-cost-steel-structure-from-china/,Contact,/en/contact/,/en/contact/,True,,True,PASS,PASS
/en/blog/shipping-cost-steel-structure-from-china/,Get a Quote,/en/contact/#quote-form,/en/contact/,True,quote-form,True,PASS,PASS
/en/blog/shipping-cost-steel-structure-from-china/,Home,/en/,/en/,True,,True,PASS,PASS
/en/blog/shipping-cost-steel-structure-from-china/,"Export Delivery Packing, container loading, and export coordination",/en/export-delivery/,/en/export-delivery/,True,,True,PASS,PASS
/en/blog/shipping-cost-steel-structure-from-china/,Container Loading Guide How steel components are packed and loaded for export,/en/blog/steel-structure-container-loading-guide/,/en/blog/steel-structure-container-loading-guide/,True,,True,PASS,PASS
/en/blog/shipping-cost-steel-structure-from-china/,Manufacturing Quality Fabrication quality and production capability,/en/manufacturing-quality/,/en/manufacturing-quality/,True,,True,PASS,PASS
/en/blog/shipping-cost-steel-structure-from-china/,Factory & Workshop,/en/steel-workshop/,/en/steel-workshop/,True,,True,PASS,PASS
/en/blog/shipping-cost-steel-structure-from-china/,Steel Warehouse,/en/steel-warehouse/,/en/steel-warehouse/,True,,True,PASS,PASS
/en/blog/shipping-cost-steel-structure-from-china/,Engineering Design,/en/engineering-design/,/en/engineering-design/,True,,True,PASS,PASS
/en/blog/shipping-cost-steel-structure-from-china/,Manufacturing & Quality,/en/manufacturing-quality/,/en/manufacturing-quality/,True,,True,PASS,PASS
/en/blog/shipping-cost-steel-structure-from-china/,Export Delivery,/en/export-delivery/,/en/export-delivery/,True,,True,PASS,PASS
/en/blog/shipping-cost-steel-structure-from-china/,Components,/en/components/,/en/components/,True,,True,PASS,PASS
/en/blog/shipping-cost-steel-structure-from-china/,About Us,/en/about/,/en/about/,True,,True,PASS,PASS
/en/blog/shipping-cost-steel-structure-from-china/,Projects,/en/projects/,/en/projects/,True,,True,PASS,PASS
/en/blog/shipping-cost-steel-structure-from-china/,Contact,/en/contact/,/en/contact/,True,,True,PASS,PASS
/en/blog/shipping-cost-steel-structure-from-china/,Privacy Policy,/en/privacy/,/en/privacy/,True,,True,PASS,PASS
/en/blog/shipping-cost-steel-structure-from-china/,Terms of Use,/en/terms/,/en/terms/,True,,True,PASS,PASS
/en/blog/steel-structure-container-loading-guide/,,/en/,/en/,True,,True,PASS,PASS
/en/blog/steel-structure-container-loading-guide/,Home,/en/,/en/,True,,True,PASS,PASS
/en/blog/steel-structure-container-loading-guide/,Products,/en/products/,/en/products/,True,,True,PASS,PASS
/en/blog/steel-structure-container-loading-guide/,Components,/en/components/,/en/components/,True,,True,PASS,PASS
/en/blog/steel-structure-container-loading-guide/,Projects,/en/projects/,/en/projects/,True,,True,PASS,PASS
/en/blog/steel-structure-container-loading-guide/,Manufacturing,/en/manufacturing-quality/,/en/manufacturing-quality/,True,,True,PASS,PASS
/en/blog/steel-structure-container-loading-guide/,About,/en/about/,/en/about/,True,,True,PASS,PASS
/en/blog/steel-structure-container-loading-guide/,Get a Quote,/en/contact/#quote-form,/en/contact/,True,quote-form,True,PASS,PASS
/en/blog/steel-structure-container-loading-guide/,Home,/en/,/en/,True,,True,PASS,PASS
/en/blog/steel-structure-container-loading-guide/,Products,/en/products/,/en/products/,True,,True,PASS,PASS
/en/blog/steel-structure-container-loading-guide/,Components,/en/components/,/en/components/,True,,True,PASS,PASS
/en/blog/steel-structure-container-loading-guide/,Projects,/en/projects/,/en/projects/,True,,True,PASS,PASS
/en/blog/steel-structure-container-loading-guide/,Manufacturing,/en/manufacturing-quality/,/en/manufacturing-quality/,True,,True,PASS,PASS
/en/blog/steel-structure-container-loading-guide/,About,/en/about/,/en/about/,True,,True,PASS,PASS
/en/blog/steel-structure-container-loading-guide/,Contact,/en/contact/,/en/contact/,True,,True,PASS,PASS
/en/blog/steel-structure-container-loading-guide/,Get a Quote,/en/contact/#quote-form,/en/contact/,True,quote-form,True,PASS,PASS
/en/blog/steel-structure-container-loading-guide/,Home,/en/,/en/,True,,True,PASS,PASS
/en/blog/steel-structure-container-loading-guide/,"Export Delivery Packing, container loading, and export coordination",/en/export-delivery/,/en/export-delivery/,True,,True,PASS,PASS
/en/blog/steel-structure-container-loading-guide/,Shipping Cost Guide Factors affecting freight rates and total landed cost,/en/blog/shipping-cost-steel-structure-from-china/,/en/blog/shipping-cost-steel-structure-from-china/,True,,True,PASS,PASS
/en/blog/steel-structure-container-loading-guide/,Manufacturing Quality Fabrication quality and production capability,/en/manufacturing-quality/,/en/manufacturing-quality/,True,,True,PASS,PASS
/en/blog/steel-structure-container-loading-guide/,Factory & Workshop,/en/steel-workshop/,/en/steel-workshop/,True,,True,PASS,PASS
/en/blog/steel-structure-container-loading-guide/,Steel Warehouse,/en/steel-warehouse/,/en/steel-warehouse/,True,,True,PASS,PASS
/en/blog/steel-structure-container-loading-guide/,Engineering Design,/en/engineering-design/,/en/engineering-design/,True,,True,PASS,PASS
/en/blog/steel-structure-container-loading-guide/,Manufacturing & Quality,/en/manufacturing-quality/,/en/manufacturing-quality/,True,,True,PASS,PASS
/en/blog/steel-structure-container-loading-guide/,Export Delivery,/en/export-delivery/,/en/export-delivery/,True,,True,PASS,PASS
/en/blog/steel-structure-container-loading-guide/,Components,/en/components/,/en/components/,True,,True,PASS,PASS
/en/blog/steel-structure-container-loading-guide/,About Us,/en/about/,/en/about/,True,,True,PASS,PASS
/en/blog/steel-structure-container-loading-guide/,Projects,/en/projects/,/en/projects/,True,,True,PASS,PASS
/en/blog/steel-structure-container-loading-guide/,Contact,/en/contact/,/en/contact/,True,,True,PASS,PASS
/en/blog/steel-structure-container-loading-guide/,Privacy Policy,/en/privacy/,/en/privacy/,True,,True,PASS,PASS
/en/blog/steel-structure-container-loading-guide/,Terms of Use,/en/terms/,/en/terms/,True,,True,PASS,PASS
/en/blog/steel-warehouse-cost-complete-guide/,,/en/,/en/,True,,True,PASS,PASS
/en/blog/steel-warehouse-cost-complete-guide/,Home,/en/,/en/,True,,True,PASS,PASS
/en/blog/steel-warehouse-cost-complete-guide/,Products,/en/products/,/en/products/,True,,True,PASS,PASS
/en/blog/steel-warehouse-cost-complete-guide/,Components,/en/components/,/en/components/,True,,True,PASS,PASS
/en/blog/steel-warehouse-cost-complete-guide/,Projects,/en/projects/,/en/projects/,True,,True,PASS,PASS
/en/blog/steel-warehouse-cost-complete-guide/,Manufacturing,/en/manufacturing-quality/,/en/manufacturing-quality/,True,,True,PASS,PASS
/en/blog/steel-warehouse-cost-complete-guide/,About,/en/about/,/en/about/,True,,True,PASS,PASS
/en/blog/steel-warehouse-cost-complete-guide/,Get a Quote,/en/contact/#quote-form,/en/contact/,True,quote-form,True,PASS,PASS
/en/blog/steel-warehouse-cost-complete-guide/,Home,/en/,/en/,True,,True,PASS,PASS
/en/blog/steel-warehouse-cost-complete-guide/,Products,/en/products/,/en/products/,True,,True,PASS,PASS
/en/blog/steel-warehouse-cost-complete-guide/,Components,/en/components/,/en/components/,True,,True,PASS,PASS
/en/blog/steel-warehouse-cost-complete-guide/,Projects,/en/projects/,/en/projects/,True,,True,PASS,PASS
/en/blog/steel-warehouse-cost-complete-guide/,Manufacturing,/en/manufacturing-quality/,/en/manufacturing-quality/,True,,True,PASS,PASS
/en/blog/steel-warehouse-cost-complete-guide/,About,/en/about/,/en/about/,True,,True,PASS,PASS
/en/blog/steel-warehouse-cost-complete-guide/,Contact,/en/contact/,/en/contact/,True,,True,PASS,PASS
/en/blog/steel-warehouse-cost-complete-guide/,Get a Quote,/en/contact/#quote-form,/en/contact/,True,quote-form,True,PASS,PASS
/en/blog/steel-warehouse-cost-complete-guide/,Home,/en/,/en/,True,,True,PASS,PASS
/en/blog/steel-warehouse-cost-complete-guide/,Steel Warehouse Industrial and logistics warehouse solutions,/en/steel-warehouse/,/en/steel-warehouse/,True,,True,PASS,PASS
/en/blog/steel-warehouse-cost-complete-guide/,Custom Engineering Drawings review and custom fabrication support,/en/products/custom-engineering/,/en/products/custom-engineering/,True,,True,PASS,PASS
/en/blog/steel-warehouse-cost-complete-guide/,Shipping Cost Guide Factors affecting freight rates and total landed cost,/en/blog/shipping-cost-steel-structure-from-china/,/en/blog/shipping-cost-steel-structure-from-china/,True,,True,PASS,PASS
/en/blog/steel-warehouse-cost-complete-guide/,Factory & Workshop,/en/steel-workshop/,/en/steel-workshop/,True,,True,PASS,PASS
/en/blog/steel-warehouse-cost-complete-guide/,Steel Warehouse,/en/steel-warehouse/,/en/steel-warehouse/,True,,True,PASS,PASS
/en/blog/steel-warehouse-cost-complete-guide/,Engineering Design,/en/engineering-design/,/en/engineering-design/,True,,True,PASS,PASS
/en/blog/steel-warehouse-cost-complete-guide/,Manufacturing & Quality,/en/manufacturing-quality/,/en/manufacturing-quality/,True,,True,PASS,PASS
/en/blog/steel-warehouse-cost-complete-guide/,Export Delivery,/en/export-delivery/,/en/export-delivery/,True,,True,PASS,PASS
/en/blog/steel-warehouse-cost-complete-guide/,Components,/en/components/,/en/components/,True,,True,PASS,PASS
/en/blog/steel-warehouse-cost-complete-guide/,About Us,/en/about/,/en/about/,True,,True,PASS,PASS
/en/blog/steel-warehouse-cost-complete-guide/,Projects,/en/projects/,/en/projects/,True,,True,PASS,PASS
/en/blog/steel-warehouse-cost-complete-guide/,Contact,/en/contact/,/en/contact/,True,,True,PASS,PASS
/en/blog/steel-warehouse-cost-complete-guide/,Privacy Policy,/en/privacy/,/en/privacy/,True,,True,PASS,PASS
/en/blog/steel-warehouse-cost-complete-guide/,Terms of Use,/en/terms/,/en/terms/,True,,True,PASS,PASS
/en/components/fabricated-steel-beams-columns/,,/en/,/en/,True,,True,PASS,PASS
/en/components/fabricated-steel-beams-columns/,Home,/en/,/en/,True,,True,PASS,PASS
/en/components/fabricated-steel-beams-columns/,Products,/en/products/,/en/products/,True,,True,PASS,PASS
/en/components/fabricated-steel-beams-columns/,Components,/en/components/,/en/components/,True,,True,PASS,PASS
/en/components/fabricated-steel-beams-columns/,Projects,/en/projects/,/en/projects/,True,,True,PASS,PASS
/en/components/fabricated-steel-beams-columns/,Manufacturing,/en/manufacturing-quality/,/en/manufacturing-quality/,True,,True,PASS,PASS
/en/components/fabricated-steel-beams-columns/,About,/en/about/,/en/about/,True,,True,PASS,PASS
/en/components/fabricated-steel-beams-columns/,中文,/zh/components/fabricated-steel-beams-columns/,/zh/components/fabricated-steel-beams-columns/,True,,True,PASS,PASS
/en/components/fabricated-steel-beams-columns/,Get a Quote,/en/contact/#quote-form,/en/contact/,True,quote-form,True,PASS,PASS
/en/components/fabricated-steel-beams-columns/,Home,/en/,/en/,True,,True,PASS,PASS
/en/components/fabricated-steel-beams-columns/,Products,/en/products/,/en/products/,True,,True,PASS,PASS
/en/components/fabricated-steel-beams-columns/,Components,/en/components/,/en/components/,True,,True,PASS,PASS
/en/components/fabricated-steel-beams-columns/,Projects,/en/projects/,/en/projects/,True,,True,PASS,PASS
/en/components/fabricated-steel-beams-columns/,Manufacturing,/en/manufacturing-quality/,/en/manufacturing-quality/,True,,True,PASS,PASS
/en/components/fabricated-steel-beams-columns/,About,/en/about/,/en/about/,True,,True,PASS,PASS
/en/components/fabricated-steel-beams-columns/,Contact,/en/contact/,/en/contact/,True,,True,PASS,PASS
/en/components/fabricated-steel-beams-columns/,中文,/zh/components/fabricated-steel-beams-columns/,/zh/components/fabricated-steel-beams-columns/,True,,True,PASS,PASS
/en/components/fabricated-steel-beams-columns/,Get a Quote,/en/contact/#quote-form,/en/contact/,True,quote-form,True,PASS,PASS
/en/components/fabricated-steel-beams-columns/,Submit Drawings for Quotation,#quote,/en/components/fabricated-steel-beams-columns/,True,quote,True,PASS,PASS
/en/components/fabricated-steel-beams-columns/,View Manufacturing Capability,/en/manufacturing-quality/,/en/manufacturing-quality/,True,,True,PASS,PASS
/en/components/fabricated-steel-beams-columns/,Home,/en/,/en/,True,,True,PASS,PASS
/en/components/fabricated-steel-beams-columns/,Components,/en/components/,/en/components/,True,,True,PASS,PASS
/en/components/fabricated-steel-beams-columns/,View Industrial Workshop →,/en/steel-workshop/,/en/steel-workshop/,True,,True,PASS,PASS
/en/components/fabricated-steel-beams-columns/,View Warehouse Solutions →,/en/steel-warehouse/,/en/steel-warehouse/,True,,True,PASS,PASS
/en/components/fabricated-steel-beams-columns/,View Custom Engineering →,/en/products/custom-engineering/,/en/products/custom-engineering/,True,,True,PASS,PASS
/en/components/fabricated-steel-beams-columns/,View Detailed 8-Step Manufacturing Process,/en/manufacturing-quality/,/en/manufacturing-quality/,True,,True,PASS,PASS
/en/components/fabricated-steel-beams-columns/,"Components & Materials Steel beams, columns, trusses, purlins and cladding systems View Details →",/en/components/,/en/components/,True,,True,PASS,PASS
/en/components/fabricated-steel-beams-columns/,Custom Engineering & Fabrication Structural steel fabrication in China for overseas projects View Details →,/en/products/custom-engineering/,/en/products/custom-engineering/,True,,True,PASS,PASS
/en/components/fabricated-steel-beams-columns/,"Manufacturing & Quality Control 8-step fabrication process, quality control and packing for export View Details →",/en/manufacturing-quality/,/en/manufacturing-quality/,True,,True,PASS,PASS
/en/components/fabricated-steel-beams-columns/,Industrial Workshop Steel structure industrial workshop solutions View Details →,/en/steel-workshop/,/en/steel-workshop/,True,,True,PASS,PASS
/en/components/fabricated-steel-beams-columns/,Steel Warehouse Steel structure warehouse and logistics building solutions View Details →,/en/steel-warehouse/,/en/steel-warehouse/,True,,True,PASS,PASS
/en/components/fabricated-steel-beams-columns/,"Roof & Wall Cladding Systems Roof panels, wall panels and supporting cladding materials View Details →",/en/components/roof-wall-cladding-systems/,/en/components/roof-wall-cladding-systems/,True,,True,PASS,PASS
/en/components/fabricated-steel-beams-columns/,Factory & Workshop,/en/steel-workshop/,/en/steel-workshop/,True,,True,PASS,PASS
/en/components/fabricated-steel-beams-columns/,Steel Warehouse,/en/steel-warehouse/,/en/steel-warehouse/,True,,True,PASS,PASS
/en/components/fabricated-steel-beams-columns/,Engineering Design,/en/engineering-design/,/en/engineering-design/,True,,True,PASS,PASS
/en/components/fabricated-steel-beams-columns/,Manufacturing & Quality,/en/manufacturing-quality/,/en/manufacturing-quality/,True,,True,PASS,PASS
/en/components/fabricated-steel-beams-columns/,Export Delivery,/en/export-delivery/,/en/export-delivery/,True,,True,PASS,PASS
/en/components/fabricated-steel-beams-columns/,Components,/en/components/,/en/components/,True,,True,PASS,PASS
/en/components/fabricated-steel-beams-columns/,About Us,/en/about/,/en/about/,True,,True,PASS,PASS
/en/components/fabricated-steel-beams-columns/,Projects,/en/projects/,/en/projects/,True,,True,PASS,PASS
/en/components/fabricated-steel-beams-columns/,Contact,/en/contact/,/en/contact/,True,,True,PASS,PASS
/en/components/fabricated-steel-beams-columns/,Privacy Policy,/en/privacy/,/en/privacy/,True,,True,PASS,PASS
/en/components/fabricated-steel-beams-columns/,Terms of Use,/en/terms/,/en/terms/,True,,True,PASS,PASS
/en/components/,,/en/,/en/,True,,True,PASS,PASS
/en/components/,Home,/en/,/en/,True,,True,PASS,PASS
/en/components/,Products,/en/products/,/en/products/,True,,True,PASS,PASS
/en/components/,Components,/en/components/,/en/components/,True,,True,PASS,PASS
/en/components/,Projects,/en/projects/,/en/projects/,True,,True,PASS,PASS
/en/components/,Manufacturing,/en/manufacturing-quality/,/en/manufacturing-quality/,True,,True,PASS,PASS
/en/components/,About,/en/about/,/en/about/,True,,True,PASS,PASS
/en/components/,中文,/zh/components/,/zh/components/,True,,True,PASS,PASS
/en/components/,Get a Quote,/en/contact/#quote-form,/en/contact/,True,quote-form,True,PASS,PASS
/en/components/,Home,/en/,/en/,True,,True,PASS,PASS
/en/components/,Products,/en/products/,/en/products/,True,,True,PASS,PASS
/en/components/,Components,/en/components/,/en/components/,True,,True,PASS,PASS
/en/components/,Projects,/en/projects/,/en/projects/,True,,True,PASS,PASS
/en/components/,Manufacturing,/en/manufacturing-quality/,/en/manufacturing-quality/,True,,True,PASS,PASS
/en/components/,About,/en/about/,/en/about/,True,,True,PASS,PASS
/en/components/,Contact,/en/contact/,/en/contact/,True,,True,PASS,PASS
/en/components/,中文,/zh/components/,/zh/components/,True,,True,PASS,PASS
/en/components/,Get a Quote,/en/contact/#quote-form,/en/contact/,True,quote-form,True,PASS,PASS
/en/components/,Home,/en/,/en/,True,,True,PASS,PASS
/en/components/,Products,/en/products/,/en/products/,True,,True,PASS,PASS
/en/components/,"Steel Beams H-beams, built-up beams and welded beams, fabricated to drawings with pre-fabricated end connection plates. View Steel Beams →",/en/components/fabricated-steel-beams-columns/#steel-beams,/en/components/fabricated-steel-beams-columns/,True,steel-beams,True,PASS,PASS
/en/components/,"Steel Columns H-columns, box columns and lattice columns, designed for load and height, with pre-fabricated base plates and stiffeners. View Steel Columns →",/en/components/fabricated-steel-beams-columns/#steel-columns,/en/components/fabricated-steel-beams-columns/,True,steel-columns,True,PASS,PASS
/en/components/,"Box Sections Box columns and box beams for long-span and heavy-load structures, fabricated to project drawings with full penetration welding. View Box Sections →",/en/components/fabricated-steel-beams-columns/#box-sections,/en/components/fabricated-steel-beams-columns/,True,box-sections,True,PASS,PASS
/en/components/,"Crane Beams Overhead crane beams and under-hung crane beams, designed for crane tonnage and duty class, fabricated to crane system requirements. View Crane Beams →",/en/components/fabricated-steel-beams-columns/#crane-beams,/en/components/fabricated-steel-beams-columns/,True,crane-beams,True,PASS,PASS
/en/components/,"Steel Trusses Roof trusses, transfer trusses and pipe trusses, designed for span and load, with welded or bolted connections. Custom fabricated to drawings. View Steel Trusses →",/en/components/steel-trusses/,/en/components/steel-trusses/,True,,True,PASS,PASS
/en/components/,"Platforms & Bracing Working platforms, equipment platforms, column bracing and roof bracing — custom fabricated to equipment layout and structural stability requirements. Send Platform & Bracing Drawi",#quote,/en/components/,True,quote,True,PASS,PASS
/en/components/,"C Purlins Cold-formed C-section purlins for roof and wall secondary structures, selected by spacing and load, with pre-punched connection holes. View C Purlins →",/en/components/steel-purlins/#c-purlins,/en/components/steel-purlins/,True,c-purlins,True,PASS,PASS
/en/components/,"Z Purlins Cold-formed Z-section purlins with lapped connections, suitable for wide-spacing roofs with better continuous bending performance. View Z Purlins →",/en/components/steel-purlins/#z-purlins,/en/components/steel-purlins/,True,z-purlins,True,PASS,PASS
/en/components/,"Bracing System Column bracing, roof horizontal bracing and vertical bracing using angle steel or round bars, ensuring overall structural stability. Send Bracing Requirements →",#quote,/en/components/,True,quote,True,PASS,PASS
/en/components/,"Connection Components Gusset plates, stiffeners, connection plates and high-strength bolts, pre-fabricated to shop drawings for accurate site erection. Send Connection Details →",#quote,/en/components/,True,quote,True,PASS,PASS
/en/components/,"Roof Panels Color-coated profiled roof panels, standing seam panels in various profiles and thicknesses, waterproof and wind-resistant. View Roof Panels →",/en/components/roof-wall-cladding-systems/#roof-panels,/en/components/roof-wall-cladding-systems/,True,roof-panels,True,PASS,PASS
/en/components/,"Wall Panels Color-coated profiled wall panels, horizontal and vertical siding, various profiles and colors for coordinated building appearance. View Wall Panels →",/en/components/roof-wall-cladding-systems/#wall-panels,/en/components/roof-wall-cladding-systems/,True,wall-panels,True,PASS,PASS
/en/components/,"Sandwich Panels EPS / PU / PIR sandwich panels for thermal insulation, suitable for factories and warehouses with temperature control requirements. View Sandwich Panels →",/en/components/roof-wall-cladding-systems/#sandwich-panels,/en/components/roof-wall-cladding-systems/,True,sandwich-panels,True,PASS,PASS
/en/components/,"Cladding Accessories Gutters, trims, flashings, skylights and ventilators — a complete cladding accessory package coordinated with panel system. View Accessories →",/en/components/roof-wall-cladding-systems/#cladding-accessories,/en/components/roof-wall-cladding-systems/,True,cladding-accessories,True,PASS,PASS
/en/components/,Factory & Workshop,/en/steel-workshop/,/en/steel-workshop/,True,,True,PASS,PASS
/en/components/,Steel Warehouse,/en/steel-warehouse/,/en/steel-warehouse/,True,,True,PASS,PASS
/en/components/,Engineering Design,/en/engineering-design/,/en/engineering-design/,True,,True,PASS,PASS
/en/components/,Manufacturing & Quality,/en/manufacturing-quality/,/en/manufacturing-quality/,True,,True,PASS,PASS
/en/components/,Export Delivery,/en/export-delivery/,/en/export-delivery/,True,,True,PASS,PASS
/en/components/,Components,/en/components/,/en/components/,True,,True,PASS,PASS
/en/components/,About Us,/en/about/,/en/about/,True,,True,PASS,PASS
/en/components/,Projects,/en/projects/,/en/projects/,True,,True,PASS,PASS
/en/components/,Contact,/en/contact/,/en/contact/,True,,True,PASS,PASS
/en/components/,Privacy Policy,/en/privacy/,/en/privacy/,True,,True,PASS,PASS
/en/components/,Terms of Use,/en/terms/,/en/terms/,True,,True,PASS,PASS
/en/components/roof-wall-cladding-systems/,,/en/,/en/,True,,True,PASS,PASS
/en/components/roof-wall-cladding-systems/,Home,/en/,/en/,True,,True,PASS,PASS
/en/components/roof-wall-cladding-systems/,Products,/en/products/,/en/products/,True,,True,PASS,PASS
/en/components/roof-wall-cladding-systems/,Components,/en/components/,/en/components/,True,,True,PASS,PASS
/en/components/roof-wall-cladding-systems/,Projects,/en/projects/,/en/projects/,True,,True,PASS,PASS
/en/components/roof-wall-cladding-systems/,Manufacturing,/en/manufacturing-quality/,/en/manufacturing-quality/,True,,True,PASS,PASS
/en/components/roof-wall-cladding-systems/,About,/en/about/,/en/about/,True,,True,PASS,PASS
/en/components/roof-wall-cladding-systems/,中文,/zh/components/roof-wall-cladding-systems/,/zh/components/roof-wall-cladding-systems/,True,,True,PASS,PASS
/en/components/roof-wall-cladding-systems/,Get a Quote,/en/contact/#quote-form,/en/contact/,True,quote-form,True,PASS,PASS
/en/components/roof-wall-cladding-systems/,Home,/en/,/en/,True,,True,PASS,PASS
/en/components/roof-wall-cladding-systems/,Products,/en/products/,/en/products/,True,,True,PASS,PASS
/en/components/roof-wall-cladding-systems/,Components,/en/components/,/en/components/,True,,True,PASS,PASS
/en/components/roof-wall-cladding-systems/,Projects,/en/projects/,/en/projects/,True,,True,PASS,PASS
/en/components/roof-wall-cladding-systems/,Manufacturing,/en/manufacturing-quality/,/en/manufacturing-quality/,True,,True,PASS,PASS
/en/components/roof-wall-cladding-systems/,About,/en/about/,/en/about/,True,,True,PASS,PASS
/en/components/roof-wall-cladding-systems/,Contact,/en/contact/,/en/contact/,True,,True,PASS,PASS
/en/components/roof-wall-cladding-systems/,中文,/zh/components/roof-wall-cladding-systems/,/zh/components/roof-wall-cladding-systems/,True,,True,PASS,PASS
/en/components/roof-wall-cladding-systems/,Get a Quote,/en/contact/#quote-form,/en/contact/,True,quote-form,True,PASS,PASS
/en/components/roof-wall-cladding-systems/,Submit Project Requirements for Quotation,#quote,/en/components/roof-wall-cladding-systems/,True,quote,True,PASS,PASS
/en/components/roof-wall-cladding-systems/,View Components & Materials,/en/components/,/en/components/,True,,True,PASS,PASS
/en/components/roof-wall-cladding-systems/,Home,/en/,/en/,True,,True,PASS,PASS
/en/components/roof-wall-cladding-systems/,Components,/en/components/,/en/components/,True,,True,PASS,PASS
/en/components/roof-wall-cladding-systems/,View Beams & Columns →,/en/components/fabricated-steel-beams-columns/,/en/components/fabricated-steel-beams-columns/,True,,True,PASS,PASS
/en/components/roof-wall-cladding-systems/,Industrial Workshops Roof and wall cladding systems for steel industrial workshops View Details →,/en/steel-workshop/,/en/steel-workshop/,True,,True,PASS,PASS
/en/components/roof-wall-cladding-systems/,Warehouses & Logistics Cladding systems for steel warehouses and logistics buildings View Details →,/en/steel-warehouse/,/en/steel-warehouse/,True,,True,PASS,PASS
/en/components/roof-wall-cladding-systems/,"Commercial & Public Buildings Cladding systems for commercial buildings, exhibition halls and public buildings View Details →",/en/products/,/en/products/,True,,True,PASS,PASS
/en/components/roof-wall-cladding-systems/,Agriculture & Special Buildings Cladding systems for agricultural storage and special-use buildings View Details →,/en/products/,/en/products/,True,,True,PASS,PASS
/en/components/roof-wall-cladding-systems/,Factory & Workshop,/en/steel-workshop/,/en/steel-workshop/,True,,True,PASS,PASS
/en/components/roof-wall-cladding-systems/,Steel Warehouse,/en/steel-warehouse/,/en/steel-warehouse/,True,,True,PASS,PASS
/en/components/roof-wall-cladding-systems/,Engineering Design,/en/engineering-design/,/en/engineering-design/,True,,True,PASS,PASS
/en/components/roof-wall-cladding-systems/,Manufacturing & Quality,/en/manufacturing-quality/,/en/manufacturing-quality/,True,,True,PASS,PASS
/en/components/roof-wall-cladding-systems/,Export Delivery,/en/export-delivery/,/en/export-delivery/,True,,True,PASS,PASS
/en/components/roof-wall-cladding-systems/,Components,/en/components/,/en/components/,True,,True,PASS,PASS
/en/components/roof-wall-cladding-systems/,About Us,/en/about/,/en/about/,True,,True,PASS,PASS
/en/components/roof-wall-cladding-systems/,Projects,/en/projects/,/en/projects/,True,,True,PASS,PASS
/en/components/roof-wall-cladding-systems/,Contact,/en/contact/,/en/contact/,True,,True,PASS,PASS
/en/components/roof-wall-cladding-systems/,Privacy Policy,/en/privacy/,/en/privacy/,True,,True,PASS,PASS
/en/components/roof-wall-cladding-systems/,Terms of Use,/en/terms/,/en/terms/,True,,True,PASS,PASS
/en/components/steel-purlins/,,/en/,/en/,True,,True,PASS,PASS
/en/components/steel-purlins/,Home,/en/,/en/,True,,True,PASS,PASS
/en/components/steel-purlins/,Products,/en/products/,/en/products/,True,,True,PASS,PASS
/en/components/steel-purlins/,Components,/en/components/,/en/components/,True,,True,PASS,PASS
/en/components/steel-purlins/,Projects,/en/projects/,/en/projects/,True,,True,PASS,PASS
/en/components/steel-purlins/,Manufacturing,/en/manufacturing-quality/,/en/manufacturing-quality/,True,,True,PASS,PASS
/en/components/steel-purlins/,About,/en/about/,/en/about/,True,,True,PASS,PASS
/en/components/steel-purlins/,中文,/zh/components/steel-purlins/,/zh/components/steel-purlins/,True,,True,PASS,PASS
/en/components/steel-purlins/,Get a Quote,/en/contact/#quote-form,/en/contact/,True,quote-form,True,PASS,PASS
/en/components/steel-purlins/,Home,/en/,/en/,True,,True,PASS,PASS
/en/components/steel-purlins/,Products,/en/products/,/en/products/,True,,True,PASS,PASS
/en/components/steel-purlins/,Components,/en/components/,/en/components/,True,,True,PASS,PASS
/en/components/steel-purlins/,Projects,/en/projects/,/en/projects/,True,,True,PASS,PASS
/en/components/steel-purlins/,Manufacturing,/en/manufacturing-quality/,/en/manufacturing-quality/,True,,True,PASS,PASS
/en/components/steel-purlins/,About,/en/about/,/en/about/,True,,True,PASS,PASS
/en/components/steel-purlins/,Contact,/en/contact/,/en/contact/,True,,True,PASS,PASS
/en/components/steel-purlins/,中文,/zh/components/steel-purlins/,/zh/components/steel-purlins/,True,,True,PASS,PASS
/en/components/steel-purlins/,Get a Quote,/en/contact/#quote-form,/en/contact/,True,quote-form,True,PASS,PASS
/en/components/steel-purlins/,Home,/en/,/en/,True,,True,PASS,PASS
/en/components/steel-purlins/,Components,/en/components/,/en/components/,True,,True,PASS,PASS
/en/components/steel-purlins/,all Components,/en/components/,/en/components/,True,,True,PASS,PASS
/en/components/steel-purlins/,C SECTION C Purlins C-shaped cold-formed purlins for roof and wall secondary structures View C Purlins ↓,#c-purlins,/en/components/steel-purlins/,True,c-purlins,True,PASS,PASS
/en/components/steel-purlins/,Z SECTION Z Purlins Z-shaped cold-formed purlins with lapped continuous connections View Z Purlins ↓,#z-purlins,/en/components/steel-purlins/,True,z-purlins,True,PASS,PASS
/en/components/steel-purlins/,Request C Purlin Quotation →,#quote,/en/components/steel-purlins/,True,quote,True,PASS,PASS
/en/components/steel-purlins/,Request Z Purlin Quotation →,#quote,/en/components/steel-purlins/,True,quote,True,PASS,PASS
/en/components/steel-purlins/,Beams & Columns Primary structural members fabricated to drawings. View →,/en/components/fabricated-steel-beams-columns/,/en/components/fabricated-steel-beams-columns/,True,,True,PASS,PASS
/en/components/steel-purlins/,"Steel Trusses Roof trusses, pipe trusses and transfer trusses. View →",/en/components/steel-trusses/,/en/components/steel-trusses/,True,,True,PASS,PASS
/en/components/steel-purlins/,"Cladding Systems Roof panels, wall panels, sandwich panels. View →",/en/components/roof-wall-cladding-systems/,/en/components/roof-wall-cladding-systems/,True,,True,PASS,PASS
/en/components/steel-purlins/,Custom Engineering Complex and special-purpose steel structures. View →,/en/products/custom-engineering/,/en/products/custom-engineering/,True,,True,PASS,PASS
/en/components/steel-purlins/,Factory & Workshop,/en/steel-workshop/,/en/steel-workshop/,True,,True,PASS,PASS
/en/components/steel-purlins/,Steel Warehouse,/en/steel-warehouse/,/en/steel-warehouse/,True,,True,PASS,PASS
/en/components/steel-purlins/,Engineering Design,/en/engineering-design/,/en/engineering-design/,True,,True,PASS,PASS
/en/components/steel-purlins/,Manufacturing & Quality,/en/manufacturing-quality/,/en/manufacturing-quality/,True,,True,PASS,PASS
/en/components/steel-purlins/,Export Delivery,/en/export-delivery/,/en/export-delivery/,True,,True,PASS,PASS
/en/components/steel-purlins/,Components,/en/components/,/en/components/,True,,True,PASS,PASS
/en/components/steel-purlins/,About Us,/en/about/,/en/about/,True,,True,PASS,PASS
/en/components/steel-purlins/,Projects,/en/projects/,/en/projects/,True,,True,PASS,PASS
/en/components/steel-purlins/,Contact,/en/contact/,/en/contact/,True,,True,PASS,PASS
/en/components/steel-purlins/,Privacy Policy,/en/privacy/,/en/privacy/,True,,True,PASS,PASS
/en/components/steel-purlins/,Terms of Use,/en/terms/,/en/terms/,True,,True,PASS,PASS
/en/components/steel-trusses/,,/en/,/en/,True,,True,PASS,PASS
/en/components/steel-trusses/,Home,/en/,/en/,True,,True,PASS,PASS
/en/components/steel-trusses/,Products,/en/products/,/en/products/,True,,True,PASS,PASS
/en/components/steel-trusses/,Components,/en/components/,/en/components/,True,,True,PASS,PASS
/en/components/steel-trusses/,Projects,/en/projects/,/en/projects/,True,,True,PASS,PASS
/en/components/steel-trusses/,Manufacturing,/en/manufacturing-quality/,/en/manufacturing-quality/,True,,True,PASS,PASS
/en/components/steel-trusses/,About,/en/about/,/en/about/,True,,True,PASS,PASS
/en/components/steel-trusses/,中文,/zh/components/steel-trusses/,/zh/components/steel-trusses/,True,,True,PASS,PASS
/en/components/steel-trusses/,Get a Quote,/en/contact/#quote-form,/en/contact/,True,quote-form,True,PASS,PASS
/en/components/steel-trusses/,Home,/en/,/en/,True,,True,PASS,PASS
/en/components/steel-trusses/,Products,/en/products/,/en/products/,True,,True,PASS,PASS
/en/components/steel-trusses/,Components,/en/components/,/en/components/,True,,True,PASS,PASS
/en/components/steel-trusses/,Projects,/en/projects/,/en/projects/,True,,True,PASS,PASS
/en/components/steel-trusses/,Manufacturing,/en/manufacturing-quality/,/en/manufacturing-quality/,True,,True,PASS,PASS
/en/components/steel-trusses/,About,/en/about/,/en/about/,True,,True,PASS,PASS
/en/components/steel-trusses/,Contact,/en/contact/,/en/contact/,True,,True,PASS,PASS
/en/components/steel-trusses/,中文,/zh/components/steel-trusses/,/zh/components/steel-trusses/,True,,True,PASS,PASS
/en/components/steel-trusses/,Get a Quote,/en/contact/#quote-form,/en/contact/,True,quote-form,True,PASS,PASS
/en/components/steel-trusses/,Home,/en/,/en/,True,,True,PASS,PASS
/en/components/steel-trusses/,Components,/en/components/,/en/components/,True,,True,PASS,PASS
/en/components/steel-trusses/,all Components,/en/components/,/en/components/,True,,True,PASS,PASS
/en/components/steel-trusses/,Upload Truss Drawings →,#quote,/en/components/steel-trusses/,True,quote,True,PASS,PASS
/en/components/steel-trusses/,Submit Truss Requirements →,#quote,/en/components/steel-trusses/,True,quote,True,PASS,PASS
/en/components/steel-trusses/,"Beams & Columns H-beams, box columns, built-up members fabricated to drawings. View →",/en/components/fabricated-steel-beams-columns/,/en/components/fabricated-steel-beams-columns/,True,,True,PASS,PASS
/en/components/steel-trusses/,Steel Purlins C and Z cold-formed purlins for roof and wall secondary structures. View →,/en/components/steel-purlins/,/en/components/steel-purlins/,True,,True,PASS,PASS
/en/components/steel-trusses/,"Cladding Systems Roof panels, wall panels, sandwich panels and accessories. View →",/en/components/roof-wall-cladding-systems/,/en/components/roof-wall-cladding-systems/,True,,True,PASS,PASS
/en/components/steel-trusses/,Custom Engineering Complex and special-purpose steel structures fabricated to project drawings. View →,/en/products/custom-engineering/,/en/products/custom-engineering/,True,,True,PASS,PASS
/en/components/steel-trusses/,Factory & Workshop,/en/steel-workshop/,/en/steel-workshop/,True,,True,PASS,PASS
/en/components/steel-trusses/,Steel Warehouse,/en/steel-warehouse/,/en/steel-warehouse/,True,,True,PASS,PASS
/en/components/steel-trusses/,Engineering Design,/en/engineering-design/,/en/engineering-design/,True,,True,PASS,PASS
/en/components/steel-trusses/,Manufacturing & Quality,/en/manufacturing-quality/,/en/manufacturing-quality/,True,,True,PASS,PASS
/en/components/steel-trusses/,Export Delivery,/en/export-delivery/,/en/export-delivery/,True,,True,PASS,PASS
/en/components/steel-trusses/,Components,/en/components/,/en/components/,True,,True,PASS,PASS
/en/components/steel-trusses/,About Us,/en/about/,/en/about/,True,,True,PASS,PASS
/en/components/steel-trusses/,Projects,/en/projects/,/en/projects/,True,,True,PASS,PASS
/en/components/steel-trusses/,Contact,/en/contact/,/en/contact/,True,,True,PASS,PASS
/en/components/steel-trusses/,Privacy Policy,/en/privacy/,/en/privacy/,True,,True,PASS,PASS
/en/components/steel-trusses/,Terms of Use,/en/terms/,/en/terms/,True,,True,PASS,PASS
/en/contact/,,/en/,/en/,True,,True,PASS,PASS
/en/contact/,Home,/en/,/en/,True,,True,PASS,PASS
/en/contact/,Products,/en/products/,/en/products/,True,,True,PASS,PASS
/en/contact/,Components,/en/components/,/en/components/,True,,True,PASS,PASS
/en/contact/,Projects,/en/projects/,/en/projects/,True,,True,PASS,PASS
/en/contact/,Manufacturing,/en/manufacturing-quality/,/en/manufacturing-quality/,True,,True,PASS,PASS
/en/contact/,About,/en/about/,/en/about/,True,,True,PASS,PASS
/en/contact/,中文,/zh/contact/,/zh/contact/,True,,True,PASS,PASS
/en/contact/,Get a Quote,/en/contact/#quote-form,/en/contact/,True,quote-form,True,PASS,PASS
/en/contact/,Home,/en/,/en/,True,,True,PASS,PASS
/en/contact/,Products,/en/products/,/en/products/,True,,True,PASS,PASS
/en/contact/,Components,/en/components/,/en/components/,True,,True,PASS,PASS
/en/contact/,Projects,/en/projects/,/en/projects/,True,,True,PASS,PASS
/en/contact/,Manufacturing,/en/manufacturing-quality/,/en/manufacturing-quality/,True,,True,PASS,PASS
/en/contact/,About,/en/about/,/en/about/,True,,True,PASS,PASS
/en/contact/,Contact,/en/contact/,/en/contact/,True,,True,PASS,PASS
/en/contact/,中文,/zh/contact/,/zh/contact/,True,,True,PASS,PASS
/en/contact/,Get a Quote,/en/contact/#quote-form,/en/contact/,True,quote-form,True,PASS,PASS
/en/contact/,Home,/en/,/en/,True,,True,PASS,PASS
/en/contact/,Send Project Requirements,#quote-form,/en/contact/,True,quote-form,True,PASS,PASS
/en/contact/,Upload Project Files,#quote-form,/en/contact/,True,quote-form,True,PASS,PASS
/en/contact/,Fill Project Information,#quote-form,/en/contact/,True,quote-form,True,PASS,PASS
/en/contact/,PROJECT INQUIRY FORM Submit Project Requirements,#quote-form,/en/contact/,True,quote-form,True,PASS,PASS
/en/contact/,Factory & Workshop,/en/steel-workshop/,/en/steel-workshop/,True,,True,PASS,PASS
/en/contact/,Steel Warehouse,/en/steel-warehouse/,/en/steel-warehouse/,True,,True,PASS,PASS
/en/contact/,Engineering Design,/en/engineering-design/,/en/engineering-design/,True,,True,PASS,PASS
/en/contact/,Manufacturing & Quality,/en/manufacturing-quality/,/en/manufacturing-quality/,True,,True,PASS,PASS
/en/contact/,Export Delivery,/en/export-delivery/,/en/export-delivery/,True,,True,PASS,PASS
/en/contact/,Components,/en/components/,/en/components/,True,,True,PASS,PASS
/en/contact/,About Us,/en/about/,/en/about/,True,,True,PASS,PASS
/en/contact/,Projects,/en/projects/,/en/projects/,True,,True,PASS,PASS
/en/contact/,Contact,/en/contact/,/en/contact/,True,,True,PASS,PASS
/en/contact/,Privacy Policy,/en/privacy/,/en/privacy/,True,,True,PASS,PASS
/en/contact/,Terms of Use,/en/terms/,/en/terms/,True,,True,PASS,PASS
/en/engineering-design/,,/en/,/en/,True,,True,PASS,PASS
/en/engineering-design/,Home,/en/,/en/,True,,True,PASS,PASS
/en/engineering-design/,Products,/en/products/,/en/products/,True,,True,PASS,PASS
/en/engineering-design/,Components,/en/components/,/en/components/,True,,True,PASS,PASS
/en/engineering-design/,Projects,/en/projects/,/en/projects/,True,,True,PASS,PASS
/en/engineering-design/,Manufacturing,/en/manufacturing-quality/,/en/manufacturing-quality/,True,,True,PASS,PASS
/en/engineering-design/,About,/en/about/,/en/about/,True,,True,PASS,PASS
/en/engineering-design/,中文,/zh/engineering-design/,/zh/engineering-design/,True,,True,PASS,PASS
/en/engineering-design/,Get a Quote,/en/contact/#quote-form,/en/contact/,True,quote-form,True,PASS,PASS
/en/engineering-design/,Home,/en/,/en/,True,,True,PASS,PASS
/en/engineering-design/,Products,/en/products/,/en/products/,True,,True,PASS,PASS
/en/engineering-design/,Components,/en/components/,/en/components/,True,,True,PASS,PASS
/en/engineering-design/,Projects,/en/projects/,/en/projects/,True,,True,PASS,PASS
/en/engineering-design/,Manufacturing,/en/manufacturing-quality/,/en/manufacturing-quality/,True,,True,PASS,PASS
/en/engineering-design/,About,/en/about/,/en/about/,True,,True,PASS,PASS
/en/engineering-design/,Contact,/en/contact/,/en/contact/,True,,True,PASS,PASS
/en/engineering-design/,中文,/zh/engineering-design/,/zh/engineering-design/,True,,True,PASS,PASS
/en/engineering-design/,Get a Quote,/en/contact/#quote-form,/en/contact/,True,quote-form,True,PASS,PASS
/en/engineering-design/,Submit Project Requirements,#quote,/en/engineering-design/,True,quote,True,PASS,PASS
/en/engineering-design/,View Detailing Services,/en/services/structural-steel-detailing/,/en/services/structural-steel-detailing/,True,,True,PASS,PASS
/en/engineering-design/,Home,/en/,/en/,True,,True,PASS,PASS
/en/engineering-design/,Start with Engineering Design →,/en/engineering-design/,/en/engineering-design/,True,,True,PASS,PASS
/en/engineering-design/,View Detailing Support →,/en/services/structural-steel-detailing/,/en/services/structural-steel-detailing/,True,,True,PASS,PASS
/en/engineering-design/,Send Drawings for Fabrication Review →,/en/products/custom-engineering/,/en/products/custom-engineering/,True,,True,PASS,PASS
/en/engineering-design/,"Structural Steel Detailing Shop drawings, fabrication drawings and drawing review View Details →",/en/services/structural-steel-detailing/,/en/services/structural-steel-detailing/,True,,True,PASS,PASS
/en/engineering-design/,Custom Engineering & Fabrication Structural steel fabrication from project drawings and BOQ View Details →,/en/products/custom-engineering/,/en/products/custom-engineering/,True,,True,PASS,PASS
/en/engineering-design/,Manufacturing & Quality Control 8-step manufacturing process and quality control View Details →,/en/manufacturing-quality/,/en/manufacturing-quality/,True,,True,PASS,PASS
/en/engineering-design/,View Workshop →,/en/steel-workshop/,/en/steel-workshop/,True,,True,PASS,PASS
/en/engineering-design/,View Warehouse →,/en/steel-warehouse/,/en/steel-warehouse/,True,,True,PASS,PASS
/en/engineering-design/,View Custom Engineering →,/en/products/custom-engineering/,/en/products/custom-engineering/,True,,True,PASS,PASS
/en/engineering-design/,Factory & Workshop,/en/steel-workshop/,/en/steel-workshop/,True,,True,PASS,PASS
/en/engineering-design/,Steel Warehouse,/en/steel-warehouse/,/en/steel-warehouse/,True,,True,PASS,PASS
/en/engineering-design/,Engineering Design,/en/engineering-design/,/en/engineering-design/,True,,True,PASS,PASS
/en/engineering-design/,Manufacturing & Quality,/en/manufacturing-quality/,/en/manufacturing-quality/,True,,True,PASS,PASS
/en/engineering-design/,Export Delivery,/en/export-delivery/,/en/export-delivery/,True,,True,PASS,PASS
/en/engineering-design/,Components,/en/components/,/en/components/,True,,True,PASS,PASS
/en/engineering-design/,About Us,/en/about/,/en/about/,True,,True,PASS,PASS
/en/engineering-design/,Projects,/en/projects/,/en/projects/,True,,True,PASS,PASS
/en/engineering-design/,Contact,/en/contact/,/en/contact/,True,,True,PASS,PASS
/en/engineering-design/,Privacy Policy,/en/privacy/,/en/privacy/,True,,True,PASS,PASS
/en/engineering-design/,Terms of Use,/en/terms/,/en/terms/,True,,True,PASS,PASS
/en/export-delivery/,,/en/,/en/,True,,True,PASS,PASS
/en/export-delivery/,Home,/en/,/en/,True,,True,PASS,PASS
/en/export-delivery/,Products,/en/products/,/en/products/,True,,True,PASS,PASS
/en/export-delivery/,Components,/en/components/,/en/components/,True,,True,PASS,PASS
/en/export-delivery/,Projects,/en/projects/,/en/projects/,True,,True,PASS,PASS
/en/export-delivery/,Manufacturing,/en/manufacturing-quality/,/en/manufacturing-quality/,True,,True,PASS,PASS
/en/export-delivery/,About,/en/about/,/en/about/,True,,True,PASS,PASS
/en/export-delivery/,中文,/zh/export-delivery/,/zh/export-delivery/,True,,True,PASS,PASS
/en/export-delivery/,Get a Quote,/en/contact/#quote-form,/en/contact/,True,quote-form,True,PASS,PASS
/en/export-delivery/,Home,/en/,/en/,True,,True,PASS,PASS
/en/export-delivery/,Products,/en/products/,/en/products/,True,,True,PASS,PASS
/en/export-delivery/,Components,/en/components/,/en/components/,True,,True,PASS,PASS
/en/export-delivery/,Projects,/en/projects/,/en/projects/,True,,True,PASS,PASS
/en/export-delivery/,Manufacturing,/en/manufacturing-quality/,/en/manufacturing-quality/,True,,True,PASS,PASS
/en/export-delivery/,About,/en/about/,/en/about/,True,,True,PASS,PASS
/en/export-delivery/,Contact,/en/contact/,/en/contact/,True,,True,PASS,PASS
/en/export-delivery/,中文,/zh/export-delivery/,/zh/export-delivery/,True,,True,PASS,PASS
/en/export-delivery/,Get a Quote,/en/contact/#quote-form,/en/contact/,True,quote-form,True,PASS,PASS
/en/export-delivery/,Home,/en/,/en/,True,,True,PASS,PASS
/en/export-delivery/,Factory & Workshop,/en/steel-workshop/,/en/steel-workshop/,True,,True,PASS,PASS
/en/export-delivery/,Steel Warehouse,/en/steel-warehouse/,/en/steel-warehouse/,True,,True,PASS,PASS
/en/export-delivery/,Engineering Design,/en/engineering-design/,/en/engineering-design/,True,,True,PASS,PASS
/en/export-delivery/,Manufacturing & Quality,/en/manufacturing-quality/,/en/manufacturing-quality/,True,,True,PASS,PASS
/en/export-delivery/,Export Delivery,/en/export-delivery/,/en/export-delivery/,True,,True,PASS,PASS
/en/export-delivery/,Components,/en/components/,/en/components/,True,,True,PASS,PASS
/en/export-delivery/,About Us,/en/about/,/en/about/,True,,True,PASS,PASS
/en/export-delivery/,Projects,/en/projects/,/en/projects/,True,,True,PASS,PASS
/en/export-delivery/,Contact,/en/contact/,/en/contact/,True,,True,PASS,PASS
/en/export-delivery/,Privacy Policy,/en/privacy/,/en/privacy/,True,,True,PASS,PASS
/en/export-delivery/,Terms of Use,/en/terms/,/en/terms/,True,,True,PASS,PASS
/en/faq/,,/en/,/en/,True,,True,PASS,PASS
/en/faq/,Home,/en/,/en/,True,,True,PASS,PASS
/en/faq/,Products,/en/products/,/en/products/,True,,True,PASS,PASS
/en/faq/,Components,/en/components/,/en/components/,True,,True,PASS,PASS
/en/faq/,Projects,/en/projects/,/en/projects/,True,,True,PASS,PASS
/en/faq/,Manufacturing,/en/manufacturing-quality/,/en/manufacturing-quality/,True,,True,PASS,PASS
/en/faq/,About,/en/about/,/en/about/,True,,True,PASS,PASS
/en/faq/,中文,/zh/faq/,/zh/faq/,True,,True,PASS,PASS
/en/faq/,Get a Quote,/en/contact/#quote-form,/en/contact/,True,quote-form,True,PASS,PASS
/en/faq/,Home,/en/,/en/,True,,True,PASS,PASS
/en/faq/,Products,/en/products/,/en/products/,True,,True,PASS,PASS
/en/faq/,Components,/en/components/,/en/components/,True,,True,PASS,PASS
/en/faq/,Projects,/en/projects/,/en/projects/,True,,True,PASS,PASS
/en/faq/,Manufacturing,/en/manufacturing-quality/,/en/manufacturing-quality/,True,,True,PASS,PASS
/en/faq/,About,/en/about/,/en/about/,True,,True,PASS,PASS
/en/faq/,Contact,/en/contact/,/en/contact/,True,,True,PASS,PASS
/en/faq/,中文,/zh/faq/,/zh/faq/,True,,True,PASS,PASS
/en/faq/,Get a Quote,/en/contact/#quote-form,/en/contact/,True,quote-form,True,PASS,PASS
/en/faq/,Back to Home,/en/,/en/,True,,True,PASS,PASS
/en/faq/,Contact Us,/en/contact/,/en/contact/,True,,True,PASS,PASS
/en/faq/,Factory & Workshop,/en/steel-workshop/,/en/steel-workshop/,True,,True,PASS,PASS
/en/faq/,Steel Warehouse,/en/steel-warehouse/,/en/steel-warehouse/,True,,True,PASS,PASS
/en/faq/,Engineering Design,/en/engineering-design/,/en/engineering-design/,True,,True,PASS,PASS
/en/faq/,Manufacturing & Quality,/en/manufacturing-quality/,/en/manufacturing-quality/,True,,True,PASS,PASS
/en/faq/,Export Delivery,/en/export-delivery/,/en/export-delivery/,True,,True,PASS,PASS
/en/faq/,Components,/en/components/,/en/components/,True,,True,PASS,PASS
/en/faq/,About Us,/en/about/,/en/about/,True,,True,PASS,PASS
/en/faq/,Projects,/en/projects/,/en/projects/,True,,True,PASS,PASS
/en/faq/,Contact,/en/contact/,/en/contact/,True,,True,PASS,PASS
/en/faq/,Privacy Policy,/en/privacy/,/en/privacy/,True,,True,PASS,PASS
/en/faq/,Terms of Use,/en/terms/,/en/terms/,True,,True,PASS,PASS
/en/,,/en/,/en/,True,,True,PASS,PASS
/en/,Home,/en/,/en/,True,,True,PASS,PASS
/en/,Products,/en/products/,/en/products/,True,,True,PASS,PASS
/en/,Components,/en/components/,/en/components/,True,,True,PASS,PASS
/en/,Projects,/en/projects/,/en/projects/,True,,True,PASS,PASS
/en/,Manufacturing,/en/manufacturing-quality/,/en/manufacturing-quality/,True,,True,PASS,PASS
/en/,About,/en/about/,/en/about/,True,,True,PASS,PASS
/en/,中文,/zh/,/zh/,True,,True,PASS,PASS
/en/,Get a Quote,/en/contact/#quote-form,/en/contact/,True,quote-form,True,PASS,PASS
/en/,Home,/en/,/en/,True,,True,PASS,PASS
/en/,Products,/en/products/,/en/products/,True,,True,PASS,PASS
/en/,Components,/en/components/,/en/components/,True,,True,PASS,PASS
/en/,Projects,/en/projects/,/en/projects/,True,,True,PASS,PASS
/en/,Manufacturing,/en/manufacturing-quality/,/en/manufacturing-quality/,True,,True,PASS,PASS
/en/,About,/en/about/,/en/about/,True,,True,PASS,PASS
/en/,Contact,/en/contact/,/en/contact/,True,,True,PASS,PASS
/en/,中文,/zh/,/zh/,True,,True,PASS,PASS
/en/,Get a Quote,/en/contact/#quote-form,/en/contact/,True,quote-form,True,PASS,PASS
/en/,Submit Project Requirements ↗,#quote,/en/,True,quote,True,PASS,PASS
/en/,View Global Projects,#cases,/en/,True,cases,True,PASS,PASS
/en/,"O I am a Project Owner / Investor Planning to build a factory, warehouse or industrial facility, needing a complete steel structure solution from design to export. Only have site and dimensions, need ",#quote,/en/,True,quote,True,PASS,PASS
/en/,"E I am an Engineering Company / Local Contractor Already have drawings and BOQ, needing a reliable steel structure fabrication factory and export supplier. Fabrication from drawings, need detailing su",#quote,/en/,True,quote,True,PASS,PASS
/en/,"By Building Application Factory, warehouse, mining, commercial, agriculture",/en/products/,/en/products/,True,,True,PASS,PASS
/en/,"By Component Supply Columns, beams, trusses, purlins, cladding",/en/components/,/en/components/,True,,True,PASS,PASS
/en/,Have Drawings / BOQ Upload drawings for project quotation,#quote,/en/,True,quote,True,PASS,PASS
/en/,No Complete Drawings Yet Submit project use and basic requirements,#quote,/en/,True,quote,True,PASS,PASS
/en/,Explore Manufacturing →,#quote,/en/,True,quote,True,PASS,PASS
/en/,View Components →,#quote,/en/,True,quote,True,PASS,PASS
/en/,Explore Cladding →,#quote,/en/,True,quote,True,PASS,PASS
/en/,Industrial Engineering Large-Scale Overseas Industrial Projects Design & Detailing / Component Fabrication / Export Delivery,/en/projects/,/en/projects/,True,,True,PASS,PASS
/en/,Delivery Updates Component Marking & Container Management Making on-site erection more efficient,/en/export-delivery/,/en/export-delivery/,True,,True,PASS,PASS
/en/,View Project Archive →,/en/projects/,/en/projects/,True,,True,PASS,PASS
/en/,Factory & Workshop,/en/steel-workshop/,/en/steel-workshop/,True,,True,PASS,PASS
/en/,Steel Warehouse,/en/steel-warehouse/,/en/steel-warehouse/,True,,True,PASS,PASS
/en/,Engineering Design,/en/engineering-design/,/en/engineering-design/,True,,True,PASS,PASS
/en/,Manufacturing & Quality,/en/manufacturing-quality/,/en/manufacturing-quality/,True,,True,PASS,PASS
/en/,Export Delivery,/en/export-delivery/,/en/export-delivery/,True,,True,PASS,PASS
/en/,Components,/en/components/,/en/components/,True,,True,PASS,PASS
/en/,About Us,/en/about/,/en/about/,True,,True,PASS,PASS
/en/,Projects,/en/projects/,/en/projects/,True,,True,PASS,PASS
/en/,Contact,/en/contact/,/en/contact/,True,,True,PASS,PASS
/en/,Privacy Policy,/en/privacy/,/en/privacy/,True,,True,PASS,PASS
/en/,Terms of Use,/en/terms/,/en/terms/,True,,True,PASS,PASS
/en/manufacturing-quality/,,/en/,/en/,True,,True,PASS,PASS
/en/manufacturing-quality/,Home,/en/,/en/,True,,True,PASS,PASS
/en/manufacturing-quality/,Products,/en/products/,/en/products/,True,,True,PASS,PASS
/en/manufacturing-quality/,Components,/en/components/,/en/components/,True,,True,PASS,PASS
/en/manufacturing-quality/,Projects,/en/projects/,/en/projects/,True,,True,PASS,PASS
/en/manufacturing-quality/,Manufacturing,/en/manufacturing-quality/,/en/manufacturing-quality/,True,,True,PASS,PASS
/en/manufacturing-quality/,About,/en/about/,/en/about/,True,,True,PASS,PASS
/en/manufacturing-quality/,中文,/zh/manufacturing-quality/,/zh/manufacturing-quality/,True,,True,PASS,PASS
/en/manufacturing-quality/,Get a Quote,/en/contact/#quote-form,/en/contact/,True,quote-form,True,PASS,PASS
/en/manufacturing-quality/,Home,/en/,/en/,True,,True,PASS,PASS
/en/manufacturing-quality/,Products,/en/products/,/en/products/,True,,True,PASS,PASS
/en/manufacturing-quality/,Components,/en/components/,/en/components/,True,,True,PASS,PASS
/en/manufacturing-quality/,Projects,/en/projects/,/en/projects/,True,,True,PASS,PASS
/en/manufacturing-quality/,Manufacturing,/en/manufacturing-quality/,/en/manufacturing-quality/,True,,True,PASS,PASS
/en/manufacturing-quality/,About,/en/about/,/en/about/,True,,True,PASS,PASS
/en/manufacturing-quality/,Contact,/en/contact/,/en/contact/,True,,True,PASS,PASS
/en/manufacturing-quality/,中文,/zh/manufacturing-quality/,/zh/manufacturing-quality/,True,,True,PASS,PASS
/en/manufacturing-quality/,Get a Quote,/en/contact/#quote-form,/en/contact/,True,quote-form,True,PASS,PASS
/en/manufacturing-quality/,Home,/en/,/en/,True,,True,PASS,PASS
/en/manufacturing-quality/,"Components & Materials Steel beams, columns, trusses, purlins and cladding systems, custom fabricated to drawings. View Components →",/en/components/,/en/components/,True,,True,PASS,PASS
/en/manufacturing-quality/,"Steel Beams & Columns H-beams, columns and box sections, fabricated to project drawings and load requirements. View Details →",/en/components/fabricated-steel-beams-columns/,/en/components/fabricated-steel-beams-columns/,True,,True,PASS,PASS
/en/manufacturing-quality/,"Cladding Systems Roof panels, wall panels, sandwich panels and accessories, supplied with steel structure package. View Details →",/en/components/roof-wall-cladding-systems/,/en/components/roof-wall-cladding-systems/,True,,True,PASS,PASS
/en/manufacturing-quality/,"Product Categories Industrial workshops, warehouses, mining, commercial, agriculture and custom engineering steel structures. View Products →",/en/products/,/en/products/,True,,True,PASS,PASS
/en/manufacturing-quality/,View Export Delivery →,/en/export-delivery/,/en/export-delivery/,True,,True,PASS,PASS
/en/manufacturing-quality/,Factory & Workshop,/en/steel-workshop/,/en/steel-workshop/,True,,True,PASS,PASS
/en/manufacturing-quality/,Steel Warehouse,/en/steel-warehouse/,/en/steel-warehouse/,True,,True,PASS,PASS
/en/manufacturing-quality/,Engineering Design,/en/engineering-design/,/en/engineering-design/,True,,True,PASS,PASS
/en/manufacturing-quality/,Manufacturing & Quality,/en/manufacturing-quality/,/en/manufacturing-quality/,True,,True,PASS,PASS
/en/manufacturing-quality/,Export Delivery,/en/export-delivery/,/en/export-delivery/,True,,True,PASS,PASS
/en/manufacturing-quality/,Components,/en/components/,/en/components/,True,,True,PASS,PASS
/en/manufacturing-quality/,About Us,/en/about/,/en/about/,True,,True,PASS,PASS
/en/manufacturing-quality/,Projects,/en/projects/,/en/projects/,True,,True,PASS,PASS
/en/manufacturing-quality/,Contact,/en/contact/,/en/contact/,True,,True,PASS,PASS
/en/manufacturing-quality/,Privacy Policy,/en/privacy/,/en/privacy/,True,,True,PASS,PASS
/en/manufacturing-quality/,Terms of Use,/en/terms/,/en/terms/,True,,True,PASS,PASS
/en/privacy/,,/en/,/en/,True,,True,PASS,PASS
/en/privacy/,Home,/en/,/en/,True,,True,PASS,PASS
/en/privacy/,Products,/en/products/,/en/products/,True,,True,PASS,PASS
/en/privacy/,Components,/en/components/,/en/components/,True,,True,PASS,PASS
/en/privacy/,Projects,/en/projects/,/en/projects/,True,,True,PASS,PASS
/en/privacy/,Manufacturing,/en/manufacturing-quality/,/en/manufacturing-quality/,True,,True,PASS,PASS
/en/privacy/,About,/en/about/,/en/about/,True,,True,PASS,PASS
/en/privacy/,中文,/zh/privacy/,/zh/privacy/,True,,True,PASS,PASS
/en/privacy/,Get a Quote,/en/contact/#quote-form,/en/contact/,True,quote-form,True,PASS,PASS
/en/privacy/,Home,/en/,/en/,True,,True,PASS,PASS
/en/privacy/,Products,/en/products/,/en/products/,True,,True,PASS,PASS
/en/privacy/,Components,/en/components/,/en/components/,True,,True,PASS,PASS
/en/privacy/,Projects,/en/projects/,/en/projects/,True,,True,PASS,PASS
/en/privacy/,Manufacturing,/en/manufacturing-quality/,/en/manufacturing-quality/,True,,True,PASS,PASS
/en/privacy/,About,/en/about/,/en/about/,True,,True,PASS,PASS
/en/privacy/,Contact,/en/contact/,/en/contact/,True,,True,PASS,PASS
/en/privacy/,中文,/zh/privacy/,/zh/privacy/,True,,True,PASS,PASS
/en/privacy/,Get a Quote,/en/contact/#quote-form,/en/contact/,True,quote-form,True,PASS,PASS
/en/privacy/,Home,/en/,/en/,True,,True,PASS,PASS
/en/privacy/,Information We Collect,#information-we-collect,/en/privacy/,True,information-we-collect,True,PASS,PASS
/en/privacy/,Project Inquiry Information,#project-inquiry,/en/privacy/,True,project-inquiry,True,PASS,PASS
/en/privacy/,Uploaded Drawings and Project Files,#uploaded-files,/en/privacy/,True,uploaded-files,True,PASS,PASS
/en/privacy/,How We Use Information,#how-we-use,/en/privacy/,True,how-we-use,True,PASS,PASS
/en/privacy/,Communications,#communications,/en/privacy/,True,communications,True,PASS,PASS
/en/privacy/,Website Analytics and Technical Data,#analytics,/en/privacy/,True,analytics,True,PASS,PASS
/en/privacy/,Cookies and Similar Technologies,#cookies,/en/privacy/,True,cookies,True,PASS,PASS
/en/privacy/,Service Providers,#service-providers,/en/privacy/,True,service-providers,True,PASS,PASS
/en/privacy/,Data Retention,#data-retention,/en/privacy/,True,data-retention,True,PASS,PASS
/en/privacy/,Data Security,#data-security,/en/privacy/,True,data-security,True,PASS,PASS
/en/privacy/,International Website Use,#international-use,/en/privacy/,True,international-use,True,PASS,PASS
/en/privacy/,Your Choices,#your-choices,/en/privacy/,True,your-choices,True,PASS,PASS
/en/privacy/,Updates to This Policy,#updates,/en/privacy/,True,updates,True,PASS,PASS
/en/privacy/,Contact,#contact,/en/privacy/,True,contact,True,PASS,PASS
/en/privacy/,Project Inquiry Form,/en/contact/,/en/contact/,True,,True,PASS,PASS
/en/privacy/,Factory & Workshop,/en/steel-workshop/,/en/steel-workshop/,True,,True,PASS,PASS
/en/privacy/,Steel Warehouse,/en/steel-warehouse/,/en/steel-warehouse/,True,,True,PASS,PASS
/en/privacy/,Engineering Design,/en/engineering-design/,/en/engineering-design/,True,,True,PASS,PASS
/en/privacy/,Manufacturing & Quality,/en/manufacturing-quality/,/en/manufacturing-quality/,True,,True,PASS,PASS
/en/privacy/,Export Delivery,/en/export-delivery/,/en/export-delivery/,True,,True,PASS,PASS
/en/privacy/,Components,/en/components/,/en/components/,True,,True,PASS,PASS
/en/privacy/,About Us,/en/about/,/en/about/,True,,True,PASS,PASS
/en/privacy/,Projects,/en/projects/,/en/projects/,True,,True,PASS,PASS
/en/privacy/,Contact,/en/contact/,/en/contact/,True,,True,PASS,PASS
/en/privacy/,Privacy Policy,/en/privacy/,/en/privacy/,True,,True,PASS,PASS
/en/privacy/,Terms of Use,/en/terms/,/en/terms/,True,,True,PASS,PASS
/en/products/custom-engineering/,,/en/,/en/,True,,True,PASS,PASS
/en/products/custom-engineering/,Home,/en/,/en/,True,,True,PASS,PASS
/en/products/custom-engineering/,Products,/en/products/,/en/products/,True,,True,PASS,PASS
/en/products/custom-engineering/,Components,/en/components/,/en/components/,True,,True,PASS,PASS
/en/products/custom-engineering/,Projects,/en/projects/,/en/projects/,True,,True,PASS,PASS
/en/products/custom-engineering/,Manufacturing,/en/manufacturing-quality/,/en/manufacturing-quality/,True,,True,PASS,PASS
/en/products/custom-engineering/,About,/en/about/,/en/about/,True,,True,PASS,PASS
/en/products/custom-engineering/,中文,/zh/products/custom-engineering/,/zh/products/custom-engineering/,True,,True,PASS,PASS
/en/products/custom-engineering/,Get a Quote,/en/contact/#quote-form,/en/contact/,True,quote-form,True,PASS,PASS
/en/products/custom-engineering/,Home,/en/,/en/,True,,True,PASS,PASS
/en/products/custom-engineering/,Products,/en/products/,/en/products/,True,,True,PASS,PASS
/en/products/custom-engineering/,Components,/en/components/,/en/components/,True,,True,PASS,PASS
/en/products/custom-engineering/,Projects,/en/projects/,/en/projects/,True,,True,PASS,PASS
/en/products/custom-engineering/,Manufacturing,/en/manufacturing-quality/,/en/manufacturing-quality/,True,,True,PASS,PASS
/en/products/custom-engineering/,About,/en/about/,/en/about/,True,,True,PASS,PASS
/en/products/custom-engineering/,Contact,/en/contact/,/en/contact/,True,,True,PASS,PASS
/en/products/custom-engineering/,中文,/zh/products/custom-engineering/,/zh/products/custom-engineering/,True,,True,PASS,PASS
/en/products/custom-engineering/,Get a Quote,/en/contact/#quote-form,/en/contact/,True,quote-form,True,PASS,PASS
/en/products/custom-engineering/,Submit Drawings for Review,#quote,/en/products/custom-engineering/,True,quote,True,PASS,PASS
/en/products/custom-engineering/,View Manufacturing Capability,/en/manufacturing-quality/,/en/manufacturing-quality/,True,,True,PASS,PASS
/en/products/custom-engineering/,Home,/en/,/en/,True,,True,PASS,PASS
/en/products/custom-engineering/,Products,/en/products/,/en/products/,True,,True,PASS,PASS
/en/products/custom-engineering/,Start with Engineering Design →,/en/engineering-design/,/en/engineering-design/,True,,True,PASS,PASS
/en/products/custom-engineering/,View Detailing Support →,/en/services/structural-steel-detailing/,/en/services/structural-steel-detailing/,True,,True,PASS,PASS
/en/products/custom-engineering/,Send Drawings for Fabrication Review →,/en/products/custom-engineering/,/en/products/custom-engineering/,True,,True,PASS,PASS
/en/products/custom-engineering/,View Components & Materials,/en/components/,/en/components/,True,,True,PASS,PASS
/en/products/custom-engineering/,View Detailed 8-Step Manufacturing Process,/en/manufacturing-quality/,/en/manufacturing-quality/,True,,True,PASS,PASS
/en/products/custom-engineering/,"Components & Materials Steel beams, columns, trusses, purlins and cladding systems View Details →",/en/components/,/en/components/,True,,True,PASS,PASS
/en/products/custom-engineering/,"Manufacturing & Quality Control 8-step fabrication process, quality control and packing for export View Details →",/en/manufacturing-quality/,/en/manufacturing-quality/,True,,True,PASS,PASS
/en/products/custom-engineering/,Steel Beams & Columns Custom fabricated steel beams and columns from drawings View Details →,/en/components/fabricated-steel-beams-columns/,/en/components/fabricated-steel-beams-columns/,True,,True,PASS,PASS
/en/products/custom-engineering/,"Roof & Wall Cladding Systems Roof panels, wall panels and supporting cladding materials View Details →",/en/components/roof-wall-cladding-systems/,/en/components/roof-wall-cladding-systems/,True,,True,PASS,PASS
/en/products/custom-engineering/,Industrial Workshop Steel structure industrial workshop solutions View Details →,/en/steel-workshop/,/en/steel-workshop/,True,,True,PASS,PASS
/en/products/custom-engineering/,Steel Warehouse Steel structure warehouse and logistics building solutions View Details →,/en/steel-warehouse/,/en/steel-warehouse/,True,,True,PASS,PASS
/en/products/custom-engineering/,View Export Delivery →,/en/export-delivery/,/en/export-delivery/,True,,True,PASS,PASS
/en/products/custom-engineering/,Factory & Workshop,/en/steel-workshop/,/en/steel-workshop/,True,,True,PASS,PASS
/en/products/custom-engineering/,Steel Warehouse,/en/steel-warehouse/,/en/steel-warehouse/,True,,True,PASS,PASS
/en/products/custom-engineering/,Engineering Design,/en/engineering-design/,/en/engineering-design/,True,,True,PASS,PASS
/en/products/custom-engineering/,Manufacturing & Quality,/en/manufacturing-quality/,/en/manufacturing-quality/,True,,True,PASS,PASS
/en/products/custom-engineering/,Export Delivery,/en/export-delivery/,/en/export-delivery/,True,,True,PASS,PASS
/en/products/custom-engineering/,Components,/en/components/,/en/components/,True,,True,PASS,PASS
/en/products/custom-engineering/,About Us,/en/about/,/en/about/,True,,True,PASS,PASS
/en/products/custom-engineering/,Projects,/en/projects/,/en/projects/,True,,True,PASS,PASS
/en/products/custom-engineering/,Contact,/en/contact/,/en/contact/,True,,True,PASS,PASS
/en/products/custom-engineering/,Privacy Policy,/en/privacy/,/en/privacy/,True,,True,PASS,PASS
/en/products/custom-engineering/,Terms of Use,/en/terms/,/en/terms/,True,,True,PASS,PASS
/en/products/,,/en/,/en/,True,,True,PASS,PASS
/en/products/,Home,/en/,/en/,True,,True,PASS,PASS
/en/products/,Products,/en/products/,/en/products/,True,,True,PASS,PASS
/en/products/,Components,/en/components/,/en/components/,True,,True,PASS,PASS
/en/products/,Projects,/en/projects/,/en/projects/,True,,True,PASS,PASS
/en/products/,Manufacturing,/en/manufacturing-quality/,/en/manufacturing-quality/,True,,True,PASS,PASS
/en/products/,About,/en/about/,/en/about/,True,,True,PASS,PASS
/en/products/,中文,/zh/products/,/zh/products/,True,,True,PASS,PASS
/en/products/,Get a Quote,/en/contact/#quote-form,/en/contact/,True,quote-form,True,PASS,PASS
/en/products/,Home,/en/,/en/,True,,True,PASS,PASS
/en/products/,Products,/en/products/,/en/products/,True,,True,PASS,PASS
/en/products/,Components,/en/components/,/en/components/,True,,True,PASS,PASS
/en/products/,Projects,/en/projects/,/en/projects/,True,,True,PASS,PASS
/en/products/,Manufacturing,/en/manufacturing-quality/,/en/manufacturing-quality/,True,,True,PASS,PASS
/en/products/,About,/en/about/,/en/about/,True,,True,PASS,PASS
/en/products/,Contact,/en/contact/,/en/contact/,True,,True,PASS,PASS
/en/products/,中文,/zh/products/,/zh/products/,True,,True,PASS,PASS
/en/products/,Get a Quote,/en/contact/#quote-form,/en/contact/,True,quote-form,True,PASS,PASS
/en/products/,Home,/en/,/en/,True,,True,PASS,PASS
/en/products/,Components,/en/components/,/en/components/,True,,True,PASS,PASS
/en/products/,"01 Application Illustration Industrial & Manufacturing Buildings Long-span steel structure factories, production and assembly workshops, metallurgical plants, concrete batching plants — supporting cra",/en/steel-workshop/,/en/steel-workshop/,True,,True,PASS,PASS
/en/products/,"02 Application Illustration Warehousing & Logistics Steel warehouses, distribution centers, logistics hubs, loading docks, canopies and parking structures — supporting large clear span, racking layout",/en/steel-warehouse/,/en/steel-warehouse/,True,,True,PASS,PASS
/en/products/,"03 Application Illustration Agriculture & Livestock Agricultural storage buildings, livestock shelters, poultry houses, dairy farms, pig farms and greenhouse steel frames — considering ventilation, mo",#quote,/en/products/,True,quote,True,PASS,PASS
/en/products/,"04 Application Illustration Commercial & Public Buildings Steel structure shopping malls, supermarkets, exhibition halls, 4S dealerships, hospitals, schools, hotels, office buildings, museums and spor",#quote,/en/products/,True,quote,True,PASS,PASS
/en/products/,"05 Application Illustration Transportation & Infrastructure Steel bridges, pedestrian overpasses, airport hangars, railway and metro structures, port and terminal steel structures, bus shelters, noise",#quote,/en/products/,True,quote,True,PASS,PASS
/en/products/,"06 Application Illustration Mining, Energy & Heavy Industry Mining conveyor structures, power plant steel frames, oil and gas pipe racks, equipment support platforms, heavy industrial building steel s",/en/steel-mining-factory/,/en/steel-mining-factory/,True,,True,PASS,PASS
/en/products/,"07 Application Illustration Special & Custom Steel Structures Irregular and double-twisted steel structures, spiral staircases, LED display support frames, canopy structures, mezzanine floors, steel p",#quote,/en/products/,True,quote,True,PASS,PASS
/en/products/,View Custom Engineering Capability →,/en/products/custom-engineering/,/en/products/custom-engineering/,True,,True,PASS,PASS
/en/products/,Upload Drawings for Quote →,#quote,/en/products/,True,quote,True,PASS,PASS
/en/products/,Submit Project Requirements →,#quote,/en/products/,True,quote,True,PASS,PASS
/en/products/,Factory & Workshop,/en/steel-workshop/,/en/steel-workshop/,True,,True,PASS,PASS
/en/products/,Steel Warehouse,/en/steel-warehouse/,/en/steel-warehouse/,True,,True,PASS,PASS
/en/products/,Engineering Design,/en/engineering-design/,/en/engineering-design/,True,,True,PASS,PASS
/en/products/,Manufacturing & Quality,/en/manufacturing-quality/,/en/manufacturing-quality/,True,,True,PASS,PASS
/en/products/,Export Delivery,/en/export-delivery/,/en/export-delivery/,True,,True,PASS,PASS
/en/products/,Components,/en/components/,/en/components/,True,,True,PASS,PASS
/en/products/,About Us,/en/about/,/en/about/,True,,True,PASS,PASS
/en/products/,Projects,/en/projects/,/en/projects/,True,,True,PASS,PASS
/en/products/,Contact,/en/contact/,/en/contact/,True,,True,PASS,PASS
/en/products/,Privacy Policy,/en/privacy/,/en/privacy/,True,,True,PASS,PASS
/en/products/,Terms of Use,/en/terms/,/en/terms/,True,,True,PASS,PASS
/en/projects/cnooc-pr6-pipe-rack/,,/en/,/en/,True,,True,PASS,PASS
/en/projects/cnooc-pr6-pipe-rack/,Home,/en/,/en/,True,,True,PASS,PASS
/en/projects/cnooc-pr6-pipe-rack/,Products,/en/products/,/en/products/,True,,True,PASS,PASS
/en/projects/cnooc-pr6-pipe-rack/,Components,/en/components/,/en/components/,True,,True,PASS,PASS
/en/projects/cnooc-pr6-pipe-rack/,Projects,/en/projects/,/en/projects/,True,,True,PASS,PASS
/en/projects/cnooc-pr6-pipe-rack/,Manufacturing,/en/manufacturing-quality/,/en/manufacturing-quality/,True,,True,PASS,PASS
/en/projects/cnooc-pr6-pipe-rack/,About,/en/about/,/en/about/,True,,True,PASS,PASS
/en/projects/cnooc-pr6-pipe-rack/,中文,/zh/projects/cnooc-pr6-pipe-rack/,/zh/projects/cnooc-pr6-pipe-rack/,True,,True,PASS,PASS
/en/projects/cnooc-pr6-pipe-rack/,Get a Quote,/en/contact/#quote-form,/en/contact/,True,quote-form,True,PASS,PASS
/en/projects/cnooc-pr6-pipe-rack/,Home,/en/,/en/,True,,True,PASS,PASS
/en/projects/cnooc-pr6-pipe-rack/,Products,/en/products/,/en/products/,True,,True,PASS,PASS
/en/projects/cnooc-pr6-pipe-rack/,Components,/en/components/,/en/components/,True,,True,PASS,PASS
/en/projects/cnooc-pr6-pipe-rack/,Projects,/en/projects/,/en/projects/,True,,True,PASS,PASS
/en/projects/cnooc-pr6-pipe-rack/,Manufacturing,/en/manufacturing-quality/,/en/manufacturing-quality/,True,,True,PASS,PASS
/en/projects/cnooc-pr6-pipe-rack/,About,/en/about/,/en/about/,True,,True,PASS,PASS
/en/projects/cnooc-pr6-pipe-rack/,Contact,/en/contact/,/en/contact/,True,,True,PASS,PASS
/en/projects/cnooc-pr6-pipe-rack/,中文,/zh/projects/cnooc-pr6-pipe-rack/,/zh/projects/cnooc-pr6-pipe-rack/,True,,True,PASS,PASS
/en/projects/cnooc-pr6-pipe-rack/,Get a Quote,/en/contact/#quote-form,/en/contact/,True,quote-form,True,PASS,PASS
/en/projects/cnooc-pr6-pipe-rack/,Home,/en/,/en/,True,,True,PASS,PASS
/en/projects/cnooc-pr6-pipe-rack/,Projects,/en/projects,/en/projects,True,,True,PASS,PASS
/en/projects/cnooc-pr6-pipe-rack/,Custom Engineering →,/en/products/custom-engineering/,/en/products/custom-engineering/,True,,True,PASS,PASS
/en/projects/cnooc-pr6-pipe-rack/,Beams & Columns →,/en/components/fabricated-steel-beams-columns/,/en/components/fabricated-steel-beams-columns/,True,,True,PASS,PASS
/en/projects/cnooc-pr6-pipe-rack/,Send Project Requirements,/en/contact/#quote-form,/en/contact/,True,quote-form,True,PASS,PASS
/en/projects/cnooc-pr6-pipe-rack/,Factory & Workshop,/en/steel-workshop/,/en/steel-workshop/,True,,True,PASS,PASS
/en/projects/cnooc-pr6-pipe-rack/,Steel Warehouse,/en/steel-warehouse/,/en/steel-warehouse/,True,,True,PASS,PASS
/en/projects/cnooc-pr6-pipe-rack/,Engineering Design,/en/engineering-design/,/en/engineering-design/,True,,True,PASS,PASS
/en/projects/cnooc-pr6-pipe-rack/,Manufacturing & Quality,/en/manufacturing-quality/,/en/manufacturing-quality/,True,,True,PASS,PASS
/en/projects/cnooc-pr6-pipe-rack/,Export Delivery,/en/export-delivery/,/en/export-delivery/,True,,True,PASS,PASS
/en/projects/cnooc-pr6-pipe-rack/,Components,/en/components/,/en/components/,True,,True,PASS,PASS
/en/projects/cnooc-pr6-pipe-rack/,About Us,/en/about/,/en/about/,True,,True,PASS,PASS
/en/projects/cnooc-pr6-pipe-rack/,Projects,/en/projects/,/en/projects/,True,,True,PASS,PASS
/en/projects/cnooc-pr6-pipe-rack/,Contact,/en/contact/,/en/contact/,True,,True,PASS,PASS
/en/projects/cnooc-pr6-pipe-rack/,Privacy Policy,/en/privacy/,/en/privacy/,True,,True,PASS,PASS
/en/projects/cnooc-pr6-pipe-rack/,Terms of Use,/en/terms/,/en/terms/,True,,True,PASS,PASS
/en/projects/cnpc-cracking-furnace/,,/en/,/en/,True,,True,PASS,PASS
/en/projects/cnpc-cracking-furnace/,Home,/en/,/en/,True,,True,PASS,PASS
/en/projects/cnpc-cracking-furnace/,Products,/en/products/,/en/products/,True,,True,PASS,PASS
/en/projects/cnpc-cracking-furnace/,Components,/en/components/,/en/components/,True,,True,PASS,PASS
/en/projects/cnpc-cracking-furnace/,Projects,/en/projects/,/en/projects/,True,,True,PASS,PASS
/en/projects/cnpc-cracking-furnace/,Manufacturing,/en/manufacturing-quality/,/en/manufacturing-quality/,True,,True,PASS,PASS
/en/projects/cnpc-cracking-furnace/,About,/en/about/,/en/about/,True,,True,PASS,PASS
/en/projects/cnpc-cracking-furnace/,中文,/zh/projects/cnpc-cracking-furnace/,/zh/projects/cnpc-cracking-furnace/,True,,True,PASS,PASS
/en/projects/cnpc-cracking-furnace/,Get a Quote,/en/contact/#quote-form,/en/contact/,True,quote-form,True,PASS,PASS
/en/projects/cnpc-cracking-furnace/,Home,/en/,/en/,True,,True,PASS,PASS
/en/projects/cnpc-cracking-furnace/,Products,/en/products/,/en/products/,True,,True,PASS,PASS
/en/projects/cnpc-cracking-furnace/,Components,/en/components/,/en/components/,True,,True,PASS,PASS
/en/projects/cnpc-cracking-furnace/,Projects,/en/projects/,/en/projects/,True,,True,PASS,PASS
/en/projects/cnpc-cracking-furnace/,Manufacturing,/en/manufacturing-quality/,/en/manufacturing-quality/,True,,True,PASS,PASS
/en/projects/cnpc-cracking-furnace/,About,/en/about/,/en/about/,True,,True,PASS,PASS
/en/projects/cnpc-cracking-furnace/,Contact,/en/contact/,/en/contact/,True,,True,PASS,PASS
/en/projects/cnpc-cracking-furnace/,中文,/zh/projects/cnpc-cracking-furnace/,/zh/projects/cnpc-cracking-furnace/,True,,True,PASS,PASS
/en/projects/cnpc-cracking-furnace/,Get a Quote,/en/contact/#quote-form,/en/contact/,True,quote-form,True,PASS,PASS
/en/projects/cnpc-cracking-furnace/,Home,/en/,/en/,True,,True,PASS,PASS
/en/projects/cnpc-cracking-furnace/,Projects,/en/projects,/en/projects,True,,True,PASS,PASS
/en/projects/cnpc-cracking-furnace/,Custom Engineering →,/en/products/custom-engineering/,/en/products/custom-engineering/,True,,True,PASS,PASS
/en/projects/cnpc-cracking-furnace/,Beams & Columns →,/en/components/fabricated-steel-beams-columns/,/en/components/fabricated-steel-beams-columns/,True,,True,PASS,PASS
/en/projects/cnpc-cracking-furnace/,Send Project Requirements,/en/contact/#quote-form,/en/contact/,True,quote-form,True,PASS,PASS
/en/projects/cnpc-cracking-furnace/,Factory & Workshop,/en/steel-workshop/,/en/steel-workshop/,True,,True,PASS,PASS
/en/projects/cnpc-cracking-furnace/,Steel Warehouse,/en/steel-warehouse/,/en/steel-warehouse/,True,,True,PASS,PASS
/en/projects/cnpc-cracking-furnace/,Engineering Design,/en/engineering-design/,/en/engineering-design/,True,,True,PASS,PASS
/en/projects/cnpc-cracking-furnace/,Manufacturing & Quality,/en/manufacturing-quality/,/en/manufacturing-quality/,True,,True,PASS,PASS
/en/projects/cnpc-cracking-furnace/,Export Delivery,/en/export-delivery/,/en/export-delivery/,True,,True,PASS,PASS
/en/projects/cnpc-cracking-furnace/,Components,/en/components/,/en/components/,True,,True,PASS,PASS
/en/projects/cnpc-cracking-furnace/,About Us,/en/about/,/en/about/,True,,True,PASS,PASS
/en/projects/cnpc-cracking-furnace/,Projects,/en/projects/,/en/projects/,True,,True,PASS,PASS
/en/projects/cnpc-cracking-furnace/,Contact,/en/contact/,/en/contact/,True,,True,PASS,PASS
/en/projects/cnpc-cracking-furnace/,Privacy Policy,/en/privacy/,/en/privacy/,True,,True,PASS,PASS
/en/projects/cnpc-cracking-furnace/,Terms of Use,/en/terms/,/en/terms/,True,,True,PASS,PASS
/en/projects/cnpc-liquid-furnace/,,/en/,/en/,True,,True,PASS,PASS
/en/projects/cnpc-liquid-furnace/,Home,/en/,/en/,True,,True,PASS,PASS
/en/projects/cnpc-liquid-furnace/,Products,/en/products/,/en/products/,True,,True,PASS,PASS
/en/projects/cnpc-liquid-furnace/,Components,/en/components/,/en/components/,True,,True,PASS,PASS
/en/projects/cnpc-liquid-furnace/,Projects,/en/projects/,/en/projects/,True,,True,PASS,PASS
/en/projects/cnpc-liquid-furnace/,Manufacturing,/en/manufacturing-quality/,/en/manufacturing-quality/,True,,True,PASS,PASS
/en/projects/cnpc-liquid-furnace/,About,/en/about/,/en/about/,True,,True,PASS,PASS
/en/projects/cnpc-liquid-furnace/,中文,/zh/projects/cnpc-liquid-furnace/,/zh/projects/cnpc-liquid-furnace/,True,,True,PASS,PASS
/en/projects/cnpc-liquid-furnace/,Get a Quote,/en/contact/#quote-form,/en/contact/,True,quote-form,True,PASS,PASS
/en/projects/cnpc-liquid-furnace/,Home,/en/,/en/,True,,True,PASS,PASS
/en/projects/cnpc-liquid-furnace/,Products,/en/products/,/en/products/,True,,True,PASS,PASS
/en/projects/cnpc-liquid-furnace/,Components,/en/components/,/en/components/,True,,True,PASS,PASS
/en/projects/cnpc-liquid-furnace/,Projects,/en/projects/,/en/projects/,True,,True,PASS,PASS
/en/projects/cnpc-liquid-furnace/,Manufacturing,/en/manufacturing-quality/,/en/manufacturing-quality/,True,,True,PASS,PASS
/en/projects/cnpc-liquid-furnace/,About,/en/about/,/en/about/,True,,True,PASS,PASS
/en/projects/cnpc-liquid-furnace/,Contact,/en/contact/,/en/contact/,True,,True,PASS,PASS
/en/projects/cnpc-liquid-furnace/,中文,/zh/projects/cnpc-liquid-furnace/,/zh/projects/cnpc-liquid-furnace/,True,,True,PASS,PASS
/en/projects/cnpc-liquid-furnace/,Get a Quote,/en/contact/#quote-form,/en/contact/,True,quote-form,True,PASS,PASS
/en/projects/cnpc-liquid-furnace/,Home,/en/,/en/,True,,True,PASS,PASS
/en/projects/cnpc-liquid-furnace/,Projects,/en/projects,/en/projects,True,,True,PASS,PASS
/en/projects/cnpc-liquid-furnace/,Custom Engineering →,/en/products/custom-engineering/,/en/products/custom-engineering/,True,,True,PASS,PASS
/en/projects/cnpc-liquid-furnace/,Beams & Columns →,/en/components/fabricated-steel-beams-columns/,/en/components/fabricated-steel-beams-columns/,True,,True,PASS,PASS
/en/projects/cnpc-liquid-furnace/,Send Project Requirements,/en/contact/#quote-form,/en/contact/,True,quote-form,True,PASS,PASS
/en/projects/cnpc-liquid-furnace/,Factory & Workshop,/en/steel-workshop/,/en/steel-workshop/,True,,True,PASS,PASS
/en/projects/cnpc-liquid-furnace/,Steel Warehouse,/en/steel-warehouse/,/en/steel-warehouse/,True,,True,PASS,PASS
/en/projects/cnpc-liquid-furnace/,Engineering Design,/en/engineering-design/,/en/engineering-design/,True,,True,PASS,PASS
/en/projects/cnpc-liquid-furnace/,Manufacturing & Quality,/en/manufacturing-quality/,/en/manufacturing-quality/,True,,True,PASS,PASS
/en/projects/cnpc-liquid-furnace/,Export Delivery,/en/export-delivery/,/en/export-delivery/,True,,True,PASS,PASS
/en/projects/cnpc-liquid-furnace/,Components,/en/components/,/en/components/,True,,True,PASS,PASS
/en/projects/cnpc-liquid-furnace/,About Us,/en/about/,/en/about/,True,,True,PASS,PASS
/en/projects/cnpc-liquid-furnace/,Projects,/en/projects/,/en/projects/,True,,True,PASS,PASS
/en/projects/cnpc-liquid-furnace/,Contact,/en/contact/,/en/contact/,True,,True,PASS,PASS
/en/projects/cnpc-liquid-furnace/,Privacy Policy,/en/privacy/,/en/privacy/,True,,True,PASS,PASS
/en/projects/cnpc-liquid-furnace/,Terms of Use,/en/terms/,/en/terms/,True,,True,PASS,PASS
/en/projects/dongguan-huarun-center/,,/en/,/en/,True,,True,PASS,PASS
/en/projects/dongguan-huarun-center/,Home,/en/,/en/,True,,True,PASS,PASS
/en/projects/dongguan-huarun-center/,Products,/en/products/,/en/products/,True,,True,PASS,PASS
/en/projects/dongguan-huarun-center/,Components,/en/components/,/en/components/,True,,True,PASS,PASS
/en/projects/dongguan-huarun-center/,Projects,/en/projects/,/en/projects/,True,,True,PASS,PASS
/en/projects/dongguan-huarun-center/,Manufacturing,/en/manufacturing-quality/,/en/manufacturing-quality/,True,,True,PASS,PASS
/en/projects/dongguan-huarun-center/,About,/en/about/,/en/about/,True,,True,PASS,PASS
/en/projects/dongguan-huarun-center/,中文,/zh/projects/dongguan-huarun-center/,/zh/projects/dongguan-huarun-center/,True,,True,PASS,PASS
/en/projects/dongguan-huarun-center/,Get a Quote,/en/contact/#quote-form,/en/contact/,True,quote-form,True,PASS,PASS
/en/projects/dongguan-huarun-center/,Home,/en/,/en/,True,,True,PASS,PASS
/en/projects/dongguan-huarun-center/,Products,/en/products/,/en/products/,True,,True,PASS,PASS
/en/projects/dongguan-huarun-center/,Components,/en/components/,/en/components/,True,,True,PASS,PASS
/en/projects/dongguan-huarun-center/,Projects,/en/projects/,/en/projects/,True,,True,PASS,PASS
/en/projects/dongguan-huarun-center/,Manufacturing,/en/manufacturing-quality/,/en/manufacturing-quality/,True,,True,PASS,PASS
/en/projects/dongguan-huarun-center/,About,/en/about/,/en/about/,True,,True,PASS,PASS
/en/projects/dongguan-huarun-center/,Contact,/en/contact/,/en/contact/,True,,True,PASS,PASS
/en/projects/dongguan-huarun-center/,中文,/zh/projects/dongguan-huarun-center/,/zh/projects/dongguan-huarun-center/,True,,True,PASS,PASS
/en/projects/dongguan-huarun-center/,Get a Quote,/en/contact/#quote-form,/en/contact/,True,quote-form,True,PASS,PASS
/en/projects/dongguan-huarun-center/,Home,/en/,/en/,True,,True,PASS,PASS
/en/projects/dongguan-huarun-center/,Projects,/en/projects,/en/projects,True,,True,PASS,PASS
/en/projects/dongguan-huarun-center/,Manufacturing →,/en/manufacturing-quality/,/en/manufacturing-quality/,True,,True,PASS,PASS
/en/projects/dongguan-huarun-center/,Beams & Columns →,/en/components/fabricated-steel-beams-columns/,/en/components/fabricated-steel-beams-columns/,True,,True,PASS,PASS
/en/projects/dongguan-huarun-center/,Send Project Requirements,/en/contact/#quote-form,/en/contact/,True,quote-form,True,PASS,PASS
/en/projects/dongguan-huarun-center/,Factory & Workshop,/en/steel-workshop/,/en/steel-workshop/,True,,True,PASS,PASS
/en/projects/dongguan-huarun-center/,Steel Warehouse,/en/steel-warehouse/,/en/steel-warehouse/,True,,True,PASS,PASS
/en/projects/dongguan-huarun-center/,Engineering Design,/en/engineering-design/,/en/engineering-design/,True,,True,PASS,PASS
/en/projects/dongguan-huarun-center/,Manufacturing & Quality,/en/manufacturing-quality/,/en/manufacturing-quality/,True,,True,PASS,PASS
/en/projects/dongguan-huarun-center/,Export Delivery,/en/export-delivery/,/en/export-delivery/,True,,True,PASS,PASS
/en/projects/dongguan-huarun-center/,Components,/en/components/,/en/components/,True,,True,PASS,PASS
/en/projects/dongguan-huarun-center/,About Us,/en/about/,/en/about/,True,,True,PASS,PASS
/en/projects/dongguan-huarun-center/,Projects,/en/projects/,/en/projects/,True,,True,PASS,PASS
/en/projects/dongguan-huarun-center/,Contact,/en/contact/,/en/contact/,True,,True,PASS,PASS
/en/projects/dongguan-huarun-center/,Privacy Policy,/en/privacy/,/en/privacy/,True,,True,PASS,PASS
/en/projects/dongguan-huarun-center/,Terms of Use,/en/terms/,/en/terms/,True,,True,PASS,PASS
/en/projects/futian-bonded-zone-customs/,,/en/,/en/,True,,True,PASS,PASS
/en/projects/futian-bonded-zone-customs/,Home,/en/,/en/,True,,True,PASS,PASS
/en/projects/futian-bonded-zone-customs/,Products,/en/products/,/en/products/,True,,True,PASS,PASS
/en/projects/futian-bonded-zone-customs/,Components,/en/components/,/en/components/,True,,True,PASS,PASS
/en/projects/futian-bonded-zone-customs/,Projects,/en/projects/,/en/projects/,True,,True,PASS,PASS
/en/projects/futian-bonded-zone-customs/,Manufacturing,/en/manufacturing-quality/,/en/manufacturing-quality/,True,,True,PASS,PASS
/en/projects/futian-bonded-zone-customs/,About,/en/about/,/en/about/,True,,True,PASS,PASS
/en/projects/futian-bonded-zone-customs/,中文,/zh/projects/futian-bonded-zone-customs/,/zh/projects/futian-bonded-zone-customs/,True,,True,PASS,PASS
/en/projects/futian-bonded-zone-customs/,Get a Quote,/en/contact/#quote-form,/en/contact/,True,quote-form,True,PASS,PASS
/en/projects/futian-bonded-zone-customs/,Home,/en/,/en/,True,,True,PASS,PASS
/en/projects/futian-bonded-zone-customs/,Products,/en/products/,/en/products/,True,,True,PASS,PASS
/en/projects/futian-bonded-zone-customs/,Components,/en/components/,/en/components/,True,,True,PASS,PASS
/en/projects/futian-bonded-zone-customs/,Projects,/en/projects/,/en/projects/,True,,True,PASS,PASS
/en/projects/futian-bonded-zone-customs/,Manufacturing,/en/manufacturing-quality/,/en/manufacturing-quality/,True,,True,PASS,PASS
/en/projects/futian-bonded-zone-customs/,About,/en/about/,/en/about/,True,,True,PASS,PASS
/en/projects/futian-bonded-zone-customs/,Contact,/en/contact/,/en/contact/,True,,True,PASS,PASS
/en/projects/futian-bonded-zone-customs/,中文,/zh/projects/futian-bonded-zone-customs/,/zh/projects/futian-bonded-zone-customs/,True,,True,PASS,PASS
/en/projects/futian-bonded-zone-customs/,Get a Quote,/en/contact/#quote-form,/en/contact/,True,quote-form,True,PASS,PASS
/en/projects/futian-bonded-zone-customs/,Home,/en/,/en/,True,,True,PASS,PASS
/en/projects/futian-bonded-zone-customs/,Projects,/en/projects,/en/projects,True,,True,PASS,PASS
/en/projects/futian-bonded-zone-customs/,Steel Warehouse →,/en/steel-warehouse/,/en/steel-warehouse/,True,,True,PASS,PASS
/en/projects/futian-bonded-zone-customs/,Components →,/en/components/,/en/components/,True,,True,PASS,PASS
/en/projects/futian-bonded-zone-customs/,Send Project Requirements,/en/contact/#quote-form,/en/contact/,True,quote-form,True,PASS,PASS
/en/projects/futian-bonded-zone-customs/,Factory & Workshop,/en/steel-workshop/,/en/steel-workshop/,True,,True,PASS,PASS
/en/projects/futian-bonded-zone-customs/,Steel Warehouse,/en/steel-warehouse/,/en/steel-warehouse/,True,,True,PASS,PASS
/en/projects/futian-bonded-zone-customs/,Engineering Design,/en/engineering-design/,/en/engineering-design/,True,,True,PASS,PASS
/en/projects/futian-bonded-zone-customs/,Manufacturing & Quality,/en/manufacturing-quality/,/en/manufacturing-quality/,True,,True,PASS,PASS
/en/projects/futian-bonded-zone-customs/,Export Delivery,/en/export-delivery/,/en/export-delivery/,True,,True,PASS,PASS
/en/projects/futian-bonded-zone-customs/,Components,/en/components/,/en/components/,True,,True,PASS,PASS
/en/projects/futian-bonded-zone-customs/,About Us,/en/about/,/en/about/,True,,True,PASS,PASS
/en/projects/futian-bonded-zone-customs/,Projects,/en/projects/,/en/projects/,True,,True,PASS,PASS
/en/projects/futian-bonded-zone-customs/,Contact,/en/contact/,/en/contact/,True,,True,PASS,PASS
/en/projects/futian-bonded-zone-customs/,Privacy Policy,/en/privacy/,/en/privacy/,True,,True,PASS,PASS
/en/projects/futian-bonded-zone-customs/,Terms of Use,/en/terms/,/en/terms/,True,,True,PASS,PASS
/en/projects/guangzhou-high-end-equipment-base/,,/en/,/en/,True,,True,PASS,PASS
/en/projects/guangzhou-high-end-equipment-base/,Home,/en/,/en/,True,,True,PASS,PASS
/en/projects/guangzhou-high-end-equipment-base/,Products,/en/products/,/en/products/,True,,True,PASS,PASS
/en/projects/guangzhou-high-end-equipment-base/,Components,/en/components/,/en/components/,True,,True,PASS,PASS
/en/projects/guangzhou-high-end-equipment-base/,Projects,/en/projects/,/en/projects/,True,,True,PASS,PASS
/en/projects/guangzhou-high-end-equipment-base/,Manufacturing,/en/manufacturing-quality/,/en/manufacturing-quality/,True,,True,PASS,PASS
/en/projects/guangzhou-high-end-equipment-base/,About,/en/about/,/en/about/,True,,True,PASS,PASS
/en/projects/guangzhou-high-end-equipment-base/,中文,/zh/projects/guangzhou-high-end-equipment-base/,/zh/projects/guangzhou-high-end-equipment-base/,True,,True,PASS,PASS
/en/projects/guangzhou-high-end-equipment-base/,Get a Quote,/en/contact/#quote-form,/en/contact/,True,quote-form,True,PASS,PASS
/en/projects/guangzhou-high-end-equipment-base/,Home,/en/,/en/,True,,True,PASS,PASS
/en/projects/guangzhou-high-end-equipment-base/,Products,/en/products/,/en/products/,True,,True,PASS,PASS
/en/projects/guangzhou-high-end-equipment-base/,Components,/en/components/,/en/components/,True,,True,PASS,PASS
/en/projects/guangzhou-high-end-equipment-base/,Projects,/en/projects/,/en/projects/,True,,True,PASS,PASS
/en/projects/guangzhou-high-end-equipment-base/,Manufacturing,/en/manufacturing-quality/,/en/manufacturing-quality/,True,,True,PASS,PASS
/en/projects/guangzhou-high-end-equipment-base/,About,/en/about/,/en/about/,True,,True,PASS,PASS
/en/projects/guangzhou-high-end-equipment-base/,Contact,/en/contact/,/en/contact/,True,,True,PASS,PASS
/en/projects/guangzhou-high-end-equipment-base/,中文,/zh/projects/guangzhou-high-end-equipment-base/,/zh/projects/guangzhou-high-end-equipment-base/,True,,True,PASS,PASS
/en/projects/guangzhou-high-end-equipment-base/,Get a Quote,/en/contact/#quote-form,/en/contact/,True,quote-form,True,PASS,PASS
/en/projects/guangzhou-high-end-equipment-base/,Home,/en/,/en/,True,,True,PASS,PASS
/en/projects/guangzhou-high-end-equipment-base/,Projects,/en/projects,/en/projects,True,,True,PASS,PASS
/en/projects/guangzhou-high-end-equipment-base/,Steel Workshop →,/en/steel-workshop/,/en/steel-workshop/,True,,True,PASS,PASS
/en/projects/guangzhou-high-end-equipment-base/,Custom Engineering →,/en/products/custom-engineering/,/en/products/custom-engineering/,True,,True,PASS,PASS
/en/projects/guangzhou-high-end-equipment-base/,Send Project Requirements,/en/contact/#quote-form,/en/contact/,True,quote-form,True,PASS,PASS
/en/projects/guangzhou-high-end-equipment-base/,Factory & Workshop,/en/steel-workshop/,/en/steel-workshop/,True,,True,PASS,PASS
/en/projects/guangzhou-high-end-equipment-base/,Steel Warehouse,/en/steel-warehouse/,/en/steel-warehouse/,True,,True,PASS,PASS
/en/projects/guangzhou-high-end-equipment-base/,Engineering Design,/en/engineering-design/,/en/engineering-design/,True,,True,PASS,PASS
/en/projects/guangzhou-high-end-equipment-base/,Manufacturing & Quality,/en/manufacturing-quality/,/en/manufacturing-quality/,True,,True,PASS,PASS
/en/projects/guangzhou-high-end-equipment-base/,Export Delivery,/en/export-delivery/,/en/export-delivery/,True,,True,PASS,PASS
/en/projects/guangzhou-high-end-equipment-base/,Components,/en/components/,/en/components/,True,,True,PASS,PASS
/en/projects/guangzhou-high-end-equipment-base/,About Us,/en/about/,/en/about/,True,,True,PASS,PASS
/en/projects/guangzhou-high-end-equipment-base/,Projects,/en/projects/,/en/projects/,True,,True,PASS,PASS
/en/projects/guangzhou-high-end-equipment-base/,Contact,/en/contact/,/en/contact/,True,,True,PASS,PASS
/en/projects/guangzhou-high-end-equipment-base/,Privacy Policy,/en/privacy/,/en/privacy/,True,,True,PASS,PASS
/en/projects/guangzhou-high-end-equipment-base/,Terms of Use,/en/terms/,/en/terms/,True,,True,PASS,PASS
/en/projects/,,/en/,/en/,True,,True,PASS,PASS
/en/projects/,Home,/en/,/en/,True,,True,PASS,PASS
/en/projects/,Products,/en/products/,/en/products/,True,,True,PASS,PASS
/en/projects/,Components,/en/components/,/en/components/,True,,True,PASS,PASS
/en/projects/,Projects,/en/projects/,/en/projects/,True,,True,PASS,PASS
/en/projects/,Manufacturing,/en/manufacturing-quality/,/en/manufacturing-quality/,True,,True,PASS,PASS
/en/projects/,About,/en/about/,/en/about/,True,,True,PASS,PASS
/en/projects/,中文,/zh/projects/,/zh/projects/,True,,True,PASS,PASS
/en/projects/,Get a Quote,/en/contact/#quote-form,/en/contact/,True,quote-form,True,PASS,PASS
/en/projects/,Home,/en/,/en/,True,,True,PASS,PASS
/en/projects/,Products,/en/products/,/en/products/,True,,True,PASS,PASS
/en/projects/,Components,/en/components/,/en/components/,True,,True,PASS,PASS
/en/projects/,Projects,/en/projects/,/en/projects/,True,,True,PASS,PASS
/en/projects/,Manufacturing,/en/manufacturing-quality/,/en/manufacturing-quality/,True,,True,PASS,PASS
/en/projects/,About,/en/about/,/en/about/,True,,True,PASS,PASS
/en/projects/,Contact,/en/contact/,/en/contact/,True,,True,PASS,PASS
/en/projects/,中文,/zh/projects/,/zh/projects/,True,,True,PASS,PASS
/en/projects/,Get a Quote,/en/contact/#quote-form,/en/contact/,True,quote-form,True,PASS,PASS
/en/projects/,Home,/en/,/en/,True,,True,PASS,PASS
/en/projects/,"Logistics & Warehousing Shenzhen International Zhanjiang Comprehensive Logistics Port Project Total Building Area Approx. 100,700 m² Building Height 22.6 m Span 22 m View Project →",/en/projects/zhanjiang-logistics-port/,/en/projects/zhanjiang-logistics-port/,True,,True,PASS,PASS
/en/projects/,"Commercial & Residential Dongguan Huarun Land Center Commercial & Residential Building Project Total Building Area 838,100 m² Building Height 249.10 m Structural System Steel-Reinforced Concrete View ",/en/projects/dongguan-huarun-center/,/en/projects/dongguan-huarun-center/,True,,True,PASS,PASS
/en/projects/,Industrial Manufacturing Shanghai Baoye Xiegang General Aviation Manufacturing & Supply Chain Project Span 40 m Length 136.8 m Height 34.5 m View Project →,/en/projects/xiegang-aviation-manufacturing/,/en/projects/xiegang-aviation-manufacturing/,True,,True,PASS,PASS
/en/projects/,"Industrial Manufacturing Guangzhou Gongkong Greater Bay Area Modern High-End Equipment R&D and Production Base Building Height 42 m Span 60 m Steel Tonnage Approx. 9,800 tonnes View Project →",/en/projects/guangzhou-high-end-equipment-base/,/en/projects/guangzhou-high-end-equipment-base/,True,,True,PASS,PASS
/en/projects/,"Industrial / Business Parks Shantou Luxshare Precision Global Electronic Information Industry Center Project Steel Tonnage Approx. 4,700 tonnes View Project →",/en/projects/shantou-luxshare-electronics-center/,/en/projects/shantou-luxshare-electronics-center/,True,,True,PASS,PASS
/en/projects/,"Public Building Shenzhen Futian Bonded Zone Customs Infrastructure Upgrade and Renovation Project Building Area Approx. 9,388 m² Length 167 m Width 48 m View Project →",/en/projects/futian-bonded-zone-customs/,/en/projects/futian-bonded-zone-customs/,True,,True,PASS,PASS
/en/projects/,Commercial & Industrial Shenzhen Qianhai Shenzhen-Hong Kong Youth Dream Factory Project Span 26 m Length 98 m Height 28 m View Project →,/en/projects/qianhai-dreamfactory/,/en/projects/qianhai-dreamfactory/,True,,True,PASS,PASS
/en/projects/,Energy & Petrochemical CNPC Sixth Construction Cracking Furnace Project Span 17.3 m Length 40.7 m Height 77.7 m View Project →,/en/projects/cnpc-cracking-furnace/,/en/projects/cnpc-cracking-furnace/,True,,True,PASS,PASS
/en/projects/,Energy & Petrochemical CNPC Sixth Construction Liquid Furnace Project Span 14 m Length 35.3 m Height 70.7 m View Project →,/en/projects/cnpc-liquid-furnace/,/en/projects/cnpc-liquid-furnace/,True,,True,PASS,PASS
/en/projects/,"Industrial Manufacturing Guangdong Yixian Biotechnology High-End Manufacturing Plant Project Steel Tonnage Approx. 9,000 tonnes View Project →",/en/projects/yixian-biotech-manufacturing/,/en/projects/yixian-biotech-manufacturing/,True,,True,PASS,PASS
/en/projects/,Commercial & Public Shenzhen Luohu Mixc Commercial Center Skybridge Project Steel Tonnage Approx. 500 tonnes View Project →,/en/projects/luohu-mixc-skybridge/,/en/projects/luohu-mixc-skybridge/,True,,True,PASS,PASS
/en/projects/,"Energy & Petrochemical CNOOC PR6 Pipe Rack 4-SS2 Frame Project Building Area Approx. 30,000 m² Span 20 m Length 150 m View Project →",/en/projects/cnooc-pr6-pipe-rack/,/en/projects/cnooc-pr6-pipe-rack/,True,,True,PASS,PASS
/en/projects/,View Export Delivery →,/en/export-delivery/,/en/export-delivery/,True,,True,PASS,PASS
/en/projects/,Factory & Workshop,/en/steel-workshop/,/en/steel-workshop/,True,,True,PASS,PASS
/en/projects/,Steel Warehouse,/en/steel-warehouse/,/en/steel-warehouse/,True,,True,PASS,PASS
/en/projects/,Engineering Design,/en/engineering-design/,/en/engineering-design/,True,,True,PASS,PASS
/en/projects/,Manufacturing & Quality,/en/manufacturing-quality/,/en/manufacturing-quality/,True,,True,PASS,PASS
/en/projects/,Export Delivery,/en/export-delivery/,/en/export-delivery/,True,,True,PASS,PASS
/en/projects/,Components,/en/components/,/en/components/,True,,True,PASS,PASS
/en/projects/,About Us,/en/about/,/en/about/,True,,True,PASS,PASS
/en/projects/,Projects,/en/projects/,/en/projects/,True,,True,PASS,PASS
/en/projects/,Contact,/en/contact/,/en/contact/,True,,True,PASS,PASS
/en/projects/,Privacy Policy,/en/privacy/,/en/privacy/,True,,True,PASS,PASS
/en/projects/,Terms of Use,/en/terms/,/en/terms/,True,,True,PASS,PASS
/en/projects/luohu-mixc-skybridge/,,/en/,/en/,True,,True,PASS,PASS
/en/projects/luohu-mixc-skybridge/,Home,/en/,/en/,True,,True,PASS,PASS
/en/projects/luohu-mixc-skybridge/,Products,/en/products/,/en/products/,True,,True,PASS,PASS
/en/projects/luohu-mixc-skybridge/,Components,/en/components/,/en/components/,True,,True,PASS,PASS
/en/projects/luohu-mixc-skybridge/,Projects,/en/projects/,/en/projects/,True,,True,PASS,PASS
/en/projects/luohu-mixc-skybridge/,Manufacturing,/en/manufacturing-quality/,/en/manufacturing-quality/,True,,True,PASS,PASS
/en/projects/luohu-mixc-skybridge/,About,/en/about/,/en/about/,True,,True,PASS,PASS
/en/projects/luohu-mixc-skybridge/,中文,/zh/projects/luohu-mixc-skybridge/,/zh/projects/luohu-mixc-skybridge/,True,,True,PASS,PASS
/en/projects/luohu-mixc-skybridge/,Get a Quote,/en/contact/#quote-form,/en/contact/,True,quote-form,True,PASS,PASS
/en/projects/luohu-mixc-skybridge/,Home,/en/,/en/,True,,True,PASS,PASS
/en/projects/luohu-mixc-skybridge/,Products,/en/products/,/en/products/,True,,True,PASS,PASS
/en/projects/luohu-mixc-skybridge/,Components,/en/components/,/en/components/,True,,True,PASS,PASS
/en/projects/luohu-mixc-skybridge/,Projects,/en/projects/,/en/projects/,True,,True,PASS,PASS
/en/projects/luohu-mixc-skybridge/,Manufacturing,/en/manufacturing-quality/,/en/manufacturing-quality/,True,,True,PASS,PASS
/en/projects/luohu-mixc-skybridge/,About,/en/about/,/en/about/,True,,True,PASS,PASS
/en/projects/luohu-mixc-skybridge/,Contact,/en/contact/,/en/contact/,True,,True,PASS,PASS
/en/projects/luohu-mixc-skybridge/,中文,/zh/projects/luohu-mixc-skybridge/,/zh/projects/luohu-mixc-skybridge/,True,,True,PASS,PASS
/en/projects/luohu-mixc-skybridge/,Get a Quote,/en/contact/#quote-form,/en/contact/,True,quote-form,True,PASS,PASS
/en/projects/luohu-mixc-skybridge/,Home,/en/,/en/,True,,True,PASS,PASS
/en/projects/luohu-mixc-skybridge/,Projects,/en/projects,/en/projects,True,,True,PASS,PASS
/en/projects/luohu-mixc-skybridge/,Custom Engineering →,/en/products/custom-engineering/,/en/products/custom-engineering/,True,,True,PASS,PASS
/en/projects/luohu-mixc-skybridge/,Beams & Columns →,/en/components/fabricated-steel-beams-columns/,/en/components/fabricated-steel-beams-columns/,True,,True,PASS,PASS
/en/projects/luohu-mixc-skybridge/,Send Project Requirements,/en/contact/#quote-form,/en/contact/,True,quote-form,True,PASS,PASS
/en/projects/luohu-mixc-skybridge/,Factory & Workshop,/en/steel-workshop/,/en/steel-workshop/,True,,True,PASS,PASS
/en/projects/luohu-mixc-skybridge/,Steel Warehouse,/en/steel-warehouse/,/en/steel-warehouse/,True,,True,PASS,PASS
/en/projects/luohu-mixc-skybridge/,Engineering Design,/en/engineering-design/,/en/engineering-design/,True,,True,PASS,PASS
/en/projects/luohu-mixc-skybridge/,Manufacturing & Quality,/en/manufacturing-quality/,/en/manufacturing-quality/,True,,True,PASS,PASS
/en/projects/luohu-mixc-skybridge/,Export Delivery,/en/export-delivery/,/en/export-delivery/,True,,True,PASS,PASS
/en/projects/luohu-mixc-skybridge/,Components,/en/components/,/en/components/,True,,True,PASS,PASS
/en/projects/luohu-mixc-skybridge/,About Us,/en/about/,/en/about/,True,,True,PASS,PASS
/en/projects/luohu-mixc-skybridge/,Projects,/en/projects/,/en/projects/,True,,True,PASS,PASS
/en/projects/luohu-mixc-skybridge/,Contact,/en/contact/,/en/contact/,True,,True,PASS,PASS
/en/projects/luohu-mixc-skybridge/,Privacy Policy,/en/privacy/,/en/privacy/,True,,True,PASS,PASS
/en/projects/luohu-mixc-skybridge/,Terms of Use,/en/terms/,/en/terms/,True,,True,PASS,PASS
/en/projects/qianhai-dreamfactory/,,/en/,/en/,True,,True,PASS,PASS
/en/projects/qianhai-dreamfactory/,Home,/en/,/en/,True,,True,PASS,PASS
/en/projects/qianhai-dreamfactory/,Products,/en/products/,/en/products/,True,,True,PASS,PASS
/en/projects/qianhai-dreamfactory/,Components,/en/components/,/en/components/,True,,True,PASS,PASS
/en/projects/qianhai-dreamfactory/,Projects,/en/projects/,/en/projects/,True,,True,PASS,PASS
/en/projects/qianhai-dreamfactory/,Manufacturing,/en/manufacturing-quality/,/en/manufacturing-quality/,True,,True,PASS,PASS
/en/projects/qianhai-dreamfactory/,About,/en/about/,/en/about/,True,,True,PASS,PASS
/en/projects/qianhai-dreamfactory/,中文,/zh/projects/qianhai-dreamfactory/,/zh/projects/qianhai-dreamfactory/,True,,True,PASS,PASS
/en/projects/qianhai-dreamfactory/,Get a Quote,/en/contact/#quote-form,/en/contact/,True,quote-form,True,PASS,PASS
/en/projects/qianhai-dreamfactory/,Home,/en/,/en/,True,,True,PASS,PASS
/en/projects/qianhai-dreamfactory/,Products,/en/products/,/en/products/,True,,True,PASS,PASS
/en/projects/qianhai-dreamfactory/,Components,/en/components/,/en/components/,True,,True,PASS,PASS
/en/projects/qianhai-dreamfactory/,Projects,/en/projects/,/en/projects/,True,,True,PASS,PASS
/en/projects/qianhai-dreamfactory/,Manufacturing,/en/manufacturing-quality/,/en/manufacturing-quality/,True,,True,PASS,PASS
/en/projects/qianhai-dreamfactory/,About,/en/about/,/en/about/,True,,True,PASS,PASS
/en/projects/qianhai-dreamfactory/,Contact,/en/contact/,/en/contact/,True,,True,PASS,PASS
/en/projects/qianhai-dreamfactory/,中文,/zh/projects/qianhai-dreamfactory/,/zh/projects/qianhai-dreamfactory/,True,,True,PASS,PASS
/en/projects/qianhai-dreamfactory/,Get a Quote,/en/contact/#quote-form,/en/contact/,True,quote-form,True,PASS,PASS
/en/projects/qianhai-dreamfactory/,Home,/en/,/en/,True,,True,PASS,PASS
/en/projects/qianhai-dreamfactory/,Projects,/en/projects,/en/projects,True,,True,PASS,PASS
/en/projects/qianhai-dreamfactory/,Steel Workshop →,/en/steel-workshop/,/en/steel-workshop/,True,,True,PASS,PASS
/en/projects/qianhai-dreamfactory/,Manufacturing →,/en/manufacturing-quality/,/en/manufacturing-quality/,True,,True,PASS,PASS
/en/projects/qianhai-dreamfactory/,Send Project Requirements,/en/contact/#quote-form,/en/contact/,True,quote-form,True,PASS,PASS
/en/projects/qianhai-dreamfactory/,Factory & Workshop,/en/steel-workshop/,/en/steel-workshop/,True,,True,PASS,PASS
/en/projects/qianhai-dreamfactory/,Steel Warehouse,/en/steel-warehouse/,/en/steel-warehouse/,True,,True,PASS,PASS
/en/projects/qianhai-dreamfactory/,Engineering Design,/en/engineering-design/,/en/engineering-design/,True,,True,PASS,PASS
/en/projects/qianhai-dreamfactory/,Manufacturing & Quality,/en/manufacturing-quality/,/en/manufacturing-quality/,True,,True,PASS,PASS
/en/projects/qianhai-dreamfactory/,Export Delivery,/en/export-delivery/,/en/export-delivery/,True,,True,PASS,PASS
/en/projects/qianhai-dreamfactory/,Components,/en/components/,/en/components/,True,,True,PASS,PASS
/en/projects/qianhai-dreamfactory/,About Us,/en/about/,/en/about/,True,,True,PASS,PASS
/en/projects/qianhai-dreamfactory/,Projects,/en/projects/,/en/projects/,True,,True,PASS,PASS
/en/projects/qianhai-dreamfactory/,Contact,/en/contact/,/en/contact/,True,,True,PASS,PASS
/en/projects/qianhai-dreamfactory/,Privacy Policy,/en/privacy/,/en/privacy/,True,,True,PASS,PASS
/en/projects/qianhai-dreamfactory/,Terms of Use,/en/terms/,/en/terms/,True,,True,PASS,PASS
/en/projects/shantou-luxshare-electronics-center/,,/en/,/en/,True,,True,PASS,PASS
/en/projects/shantou-luxshare-electronics-center/,Home,/en/,/en/,True,,True,PASS,PASS
/en/projects/shantou-luxshare-electronics-center/,Products,/en/products/,/en/products/,True,,True,PASS,PASS
/en/projects/shantou-luxshare-electronics-center/,Components,/en/components/,/en/components/,True,,True,PASS,PASS
/en/projects/shantou-luxshare-electronics-center/,Projects,/en/projects/,/en/projects/,True,,True,PASS,PASS
/en/projects/shantou-luxshare-electronics-center/,Manufacturing,/en/manufacturing-quality/,/en/manufacturing-quality/,True,,True,PASS,PASS
/en/projects/shantou-luxshare-electronics-center/,About,/en/about/,/en/about/,True,,True,PASS,PASS
/en/projects/shantou-luxshare-electronics-center/,中文,/zh/projects/shantou-luxshare-electronics-center/,/zh/projects/shantou-luxshare-electronics-center/,True,,True,PASS,PASS
/en/projects/shantou-luxshare-electronics-center/,Get a Quote,/en/contact/#quote-form,/en/contact/,True,quote-form,True,PASS,PASS
/en/projects/shantou-luxshare-electronics-center/,Home,/en/,/en/,True,,True,PASS,PASS
/en/projects/shantou-luxshare-electronics-center/,Products,/en/products/,/en/products/,True,,True,PASS,PASS
/en/projects/shantou-luxshare-electronics-center/,Components,/en/components/,/en/components/,True,,True,PASS,PASS
/en/projects/shantou-luxshare-electronics-center/,Projects,/en/projects/,/en/projects/,True,,True,PASS,PASS
/en/projects/shantou-luxshare-electronics-center/,Manufacturing,/en/manufacturing-quality/,/en/manufacturing-quality/,True,,True,PASS,PASS
/en/projects/shantou-luxshare-electronics-center/,About,/en/about/,/en/about/,True,,True,PASS,PASS
/en/projects/shantou-luxshare-electronics-center/,Contact,/en/contact/,/en/contact/,True,,True,PASS,PASS
/en/projects/shantou-luxshare-electronics-center/,中文,/zh/projects/shantou-luxshare-electronics-center/,/zh/projects/shantou-luxshare-electronics-center/,True,,True,PASS,PASS
/en/projects/shantou-luxshare-electronics-center/,Get a Quote,/en/contact/#quote-form,/en/contact/,True,quote-form,True,PASS,PASS
/en/projects/shantou-luxshare-electronics-center/,Home,/en/,/en/,True,,True,PASS,PASS
/en/projects/shantou-luxshare-electronics-center/,Projects,/en/projects,/en/projects,True,,True,PASS,PASS
/en/projects/shantou-luxshare-electronics-center/,Steel Workshop →,/en/steel-workshop/,/en/steel-workshop/,True,,True,PASS,PASS
/en/projects/shantou-luxshare-electronics-center/,Manufacturing →,/en/manufacturing-quality/,/en/manufacturing-quality/,True,,True,PASS,PASS
/en/projects/shantou-luxshare-electronics-center/,Send Project Requirements,/en/contact/#quote-form,/en/contact/,True,quote-form,True,PASS,PASS
/en/projects/shantou-luxshare-electronics-center/,Factory & Workshop,/en/steel-workshop/,/en/steel-workshop/,True,,True,PASS,PASS
/en/projects/shantou-luxshare-electronics-center/,Steel Warehouse,/en/steel-warehouse/,/en/steel-warehouse/,True,,True,PASS,PASS
/en/projects/shantou-luxshare-electronics-center/,Engineering Design,/en/engineering-design/,/en/engineering-design/,True,,True,PASS,PASS
/en/projects/shantou-luxshare-electronics-center/,Manufacturing & Quality,/en/manufacturing-quality/,/en/manufacturing-quality/,True,,True,PASS,PASS
/en/projects/shantou-luxshare-electronics-center/,Export Delivery,/en/export-delivery/,/en/export-delivery/,True,,True,PASS,PASS
/en/projects/shantou-luxshare-electronics-center/,Components,/en/components/,/en/components/,True,,True,PASS,PASS
/en/projects/shantou-luxshare-electronics-center/,About Us,/en/about/,/en/about/,True,,True,PASS,PASS
/en/projects/shantou-luxshare-electronics-center/,Projects,/en/projects/,/en/projects/,True,,True,PASS,PASS
/en/projects/shantou-luxshare-electronics-center/,Contact,/en/contact/,/en/contact/,True,,True,PASS,PASS
/en/projects/shantou-luxshare-electronics-center/,Privacy Policy,/en/privacy/,/en/privacy/,True,,True,PASS,PASS
/en/projects/shantou-luxshare-electronics-center/,Terms of Use,/en/terms/,/en/terms/,True,,True,PASS,PASS
/en/projects/xiegang-aviation-manufacturing/,,/en/,/en/,True,,True,PASS,PASS
/en/projects/xiegang-aviation-manufacturing/,Home,/en/,/en/,True,,True,PASS,PASS
/en/projects/xiegang-aviation-manufacturing/,Products,/en/products/,/en/products/,True,,True,PASS,PASS
/en/projects/xiegang-aviation-manufacturing/,Components,/en/components/,/en/components/,True,,True,PASS,PASS
/en/projects/xiegang-aviation-manufacturing/,Projects,/en/projects/,/en/projects/,True,,True,PASS,PASS
/en/projects/xiegang-aviation-manufacturing/,Manufacturing,/en/manufacturing-quality/,/en/manufacturing-quality/,True,,True,PASS,PASS
/en/projects/xiegang-aviation-manufacturing/,About,/en/about/,/en/about/,True,,True,PASS,PASS
/en/projects/xiegang-aviation-manufacturing/,中文,/zh/projects/xiegang-aviation-manufacturing/,/zh/projects/xiegang-aviation-manufacturing/,True,,True,PASS,PASS
/en/projects/xiegang-aviation-manufacturing/,Get a Quote,/en/contact/#quote-form,/en/contact/,True,quote-form,True,PASS,PASS
/en/projects/xiegang-aviation-manufacturing/,Home,/en/,/en/,True,,True,PASS,PASS
/en/projects/xiegang-aviation-manufacturing/,Products,/en/products/,/en/products/,True,,True,PASS,PASS
/en/projects/xiegang-aviation-manufacturing/,Components,/en/components/,/en/components/,True,,True,PASS,PASS
/en/projects/xiegang-aviation-manufacturing/,Projects,/en/projects/,/en/projects/,True,,True,PASS,PASS
/en/projects/xiegang-aviation-manufacturing/,Manufacturing,/en/manufacturing-quality/,/en/manufacturing-quality/,True,,True,PASS,PASS
/en/projects/xiegang-aviation-manufacturing/,About,/en/about/,/en/about/,True,,True,PASS,PASS
/en/projects/xiegang-aviation-manufacturing/,Contact,/en/contact/,/en/contact/,True,,True,PASS,PASS
/en/projects/xiegang-aviation-manufacturing/,中文,/zh/projects/xiegang-aviation-manufacturing/,/zh/projects/xiegang-aviation-manufacturing/,True,,True,PASS,PASS
/en/projects/xiegang-aviation-manufacturing/,Get a Quote,/en/contact/#quote-form,/en/contact/,True,quote-form,True,PASS,PASS
/en/projects/xiegang-aviation-manufacturing/,Home,/en/,/en/,True,,True,PASS,PASS
/en/projects/xiegang-aviation-manufacturing/,Projects,/en/projects,/en/projects,True,,True,PASS,PASS
/en/projects/xiegang-aviation-manufacturing/,Steel Workshop →,/en/steel-workshop/,/en/steel-workshop/,True,,True,PASS,PASS
/en/projects/xiegang-aviation-manufacturing/,Manufacturing →,/en/manufacturing-quality/,/en/manufacturing-quality/,True,,True,PASS,PASS
/en/projects/xiegang-aviation-manufacturing/,Send Project Requirements,/en/contact/#quote-form,/en/contact/,True,quote-form,True,PASS,PASS
/en/projects/xiegang-aviation-manufacturing/,Factory & Workshop,/en/steel-workshop/,/en/steel-workshop/,True,,True,PASS,PASS
/en/projects/xiegang-aviation-manufacturing/,Steel Warehouse,/en/steel-warehouse/,/en/steel-warehouse/,True,,True,PASS,PASS
/en/projects/xiegang-aviation-manufacturing/,Engineering Design,/en/engineering-design/,/en/engineering-design/,True,,True,PASS,PASS
/en/projects/xiegang-aviation-manufacturing/,Manufacturing & Quality,/en/manufacturing-quality/,/en/manufacturing-quality/,True,,True,PASS,PASS
/en/projects/xiegang-aviation-manufacturing/,Export Delivery,/en/export-delivery/,/en/export-delivery/,True,,True,PASS,PASS
/en/projects/xiegang-aviation-manufacturing/,Components,/en/components/,/en/components/,True,,True,PASS,PASS
/en/projects/xiegang-aviation-manufacturing/,About Us,/en/about/,/en/about/,True,,True,PASS,PASS
/en/projects/xiegang-aviation-manufacturing/,Projects,/en/projects/,/en/projects/,True,,True,PASS,PASS
/en/projects/xiegang-aviation-manufacturing/,Contact,/en/contact/,/en/contact/,True,,True,PASS,PASS
/en/projects/xiegang-aviation-manufacturing/,Privacy Policy,/en/privacy/,/en/privacy/,True,,True,PASS,PASS
/en/projects/xiegang-aviation-manufacturing/,Terms of Use,/en/terms/,/en/terms/,True,,True,PASS,PASS
/en/projects/yixian-biotech-manufacturing/,,/en/,/en/,True,,True,PASS,PASS
/en/projects/yixian-biotech-manufacturing/,Home,/en/,/en/,True,,True,PASS,PASS
/en/projects/yixian-biotech-manufacturing/,Products,/en/products/,/en/products/,True,,True,PASS,PASS
/en/projects/yixian-biotech-manufacturing/,Components,/en/components/,/en/components/,True,,True,PASS,PASS
/en/projects/yixian-biotech-manufacturing/,Projects,/en/projects/,/en/projects/,True,,True,PASS,PASS
/en/projects/yixian-biotech-manufacturing/,Manufacturing,/en/manufacturing-quality/,/en/manufacturing-quality/,True,,True,PASS,PASS
/en/projects/yixian-biotech-manufacturing/,About,/en/about/,/en/about/,True,,True,PASS,PASS
/en/projects/yixian-biotech-manufacturing/,中文,/zh/projects/yixian-biotech-manufacturing/,/zh/projects/yixian-biotech-manufacturing/,True,,True,PASS,PASS
/en/projects/yixian-biotech-manufacturing/,Get a Quote,/en/contact/#quote-form,/en/contact/,True,quote-form,True,PASS,PASS
/en/projects/yixian-biotech-manufacturing/,Home,/en/,/en/,True,,True,PASS,PASS
/en/projects/yixian-biotech-manufacturing/,Products,/en/products/,/en/products/,True,,True,PASS,PASS
/en/projects/yixian-biotech-manufacturing/,Components,/en/components/,/en/components/,True,,True,PASS,PASS
/en/projects/yixian-biotech-manufacturing/,Projects,/en/projects/,/en/projects/,True,,True,PASS,PASS
/en/projects/yixian-biotech-manufacturing/,Manufacturing,/en/manufacturing-quality/,/en/manufacturing-quality/,True,,True,PASS,PASS
/en/projects/yixian-biotech-manufacturing/,About,/en/about/,/en/about/,True,,True,PASS,PASS
/en/projects/yixian-biotech-manufacturing/,Contact,/en/contact/,/en/contact/,True,,True,PASS,PASS
/en/projects/yixian-biotech-manufacturing/,中文,/zh/projects/yixian-biotech-manufacturing/,/zh/projects/yixian-biotech-manufacturing/,True,,True,PASS,PASS
/en/projects/yixian-biotech-manufacturing/,Get a Quote,/en/contact/#quote-form,/en/contact/,True,quote-form,True,PASS,PASS
/en/projects/yixian-biotech-manufacturing/,Home,/en/,/en/,True,,True,PASS,PASS
/en/projects/yixian-biotech-manufacturing/,Projects,/en/projects,/en/projects,True,,True,PASS,PASS
/en/projects/yixian-biotech-manufacturing/,Steel Workshop →,/en/steel-workshop/,/en/steel-workshop/,True,,True,PASS,PASS
/en/projects/yixian-biotech-manufacturing/,Manufacturing →,/en/manufacturing-quality/,/en/manufacturing-quality/,True,,True,PASS,PASS
/en/projects/yixian-biotech-manufacturing/,Send Project Requirements,/en/contact/#quote-form,/en/contact/,True,quote-form,True,PASS,PASS
/en/projects/yixian-biotech-manufacturing/,Factory & Workshop,/en/steel-workshop/,/en/steel-workshop/,True,,True,PASS,PASS
/en/projects/yixian-biotech-manufacturing/,Steel Warehouse,/en/steel-warehouse/,/en/steel-warehouse/,True,,True,PASS,PASS
/en/projects/yixian-biotech-manufacturing/,Engineering Design,/en/engineering-design/,/en/engineering-design/,True,,True,PASS,PASS
/en/projects/yixian-biotech-manufacturing/,Manufacturing & Quality,/en/manufacturing-quality/,/en/manufacturing-quality/,True,,True,PASS,PASS
/en/projects/yixian-biotech-manufacturing/,Export Delivery,/en/export-delivery/,/en/export-delivery/,True,,True,PASS,PASS
/en/projects/yixian-biotech-manufacturing/,Components,/en/components/,/en/components/,True,,True,PASS,PASS
/en/projects/yixian-biotech-manufacturing/,About Us,/en/about/,/en/about/,True,,True,PASS,PASS
/en/projects/yixian-biotech-manufacturing/,Projects,/en/projects/,/en/projects/,True,,True,PASS,PASS
/en/projects/yixian-biotech-manufacturing/,Contact,/en/contact/,/en/contact/,True,,True,PASS,PASS
/en/projects/yixian-biotech-manufacturing/,Privacy Policy,/en/privacy/,/en/privacy/,True,,True,PASS,PASS
/en/projects/yixian-biotech-manufacturing/,Terms of Use,/en/terms/,/en/terms/,True,,True,PASS,PASS
/en/projects/zhanjiang-logistics-port/,,/en/,/en/,True,,True,PASS,PASS
/en/projects/zhanjiang-logistics-port/,Home,/en/,/en/,True,,True,PASS,PASS
/en/projects/zhanjiang-logistics-port/,Products,/en/products/,/en/products/,True,,True,PASS,PASS
/en/projects/zhanjiang-logistics-port/,Components,/en/components/,/en/components/,True,,True,PASS,PASS
/en/projects/zhanjiang-logistics-port/,Projects,/en/projects/,/en/projects/,True,,True,PASS,PASS
/en/projects/zhanjiang-logistics-port/,Manufacturing,/en/manufacturing-quality/,/en/manufacturing-quality/,True,,True,PASS,PASS
/en/projects/zhanjiang-logistics-port/,About,/en/about/,/en/about/,True,,True,PASS,PASS
/en/projects/zhanjiang-logistics-port/,中文,/zh/projects/zhanjiang-logistics-port/,/zh/projects/zhanjiang-logistics-port/,True,,True,PASS,PASS
/en/projects/zhanjiang-logistics-port/,Get a Quote,/en/contact/#quote-form,/en/contact/,True,quote-form,True,PASS,PASS
/en/projects/zhanjiang-logistics-port/,Home,/en/,/en/,True,,True,PASS,PASS
/en/projects/zhanjiang-logistics-port/,Products,/en/products/,/en/products/,True,,True,PASS,PASS
/en/projects/zhanjiang-logistics-port/,Components,/en/components/,/en/components/,True,,True,PASS,PASS
/en/projects/zhanjiang-logistics-port/,Projects,/en/projects/,/en/projects/,True,,True,PASS,PASS
/en/projects/zhanjiang-logistics-port/,Manufacturing,/en/manufacturing-quality/,/en/manufacturing-quality/,True,,True,PASS,PASS
/en/projects/zhanjiang-logistics-port/,About,/en/about/,/en/about/,True,,True,PASS,PASS
/en/projects/zhanjiang-logistics-port/,Contact,/en/contact/,/en/contact/,True,,True,PASS,PASS
/en/projects/zhanjiang-logistics-port/,中文,/zh/projects/zhanjiang-logistics-port/,/zh/projects/zhanjiang-logistics-port/,True,,True,PASS,PASS
/en/projects/zhanjiang-logistics-port/,Get a Quote,/en/contact/#quote-form,/en/contact/,True,quote-form,True,PASS,PASS
/en/projects/zhanjiang-logistics-port/,Home,/en/,/en/,True,,True,PASS,PASS
/en/projects/zhanjiang-logistics-port/,Projects,/en/projects,/en/projects,True,,True,PASS,PASS
/en/projects/zhanjiang-logistics-port/,Steel Warehouse →,/en/steel-warehouse/,/en/steel-warehouse/,True,,True,PASS,PASS
/en/projects/zhanjiang-logistics-port/,Manufacturing →,/en/manufacturing-quality/,/en/manufacturing-quality/,True,,True,PASS,PASS
/en/projects/zhanjiang-logistics-port/,Send Project Requirements,/en/contact/#quote-form,/en/contact/,True,quote-form,True,PASS,PASS
/en/projects/zhanjiang-logistics-port/,Factory & Workshop,/en/steel-workshop/,/en/steel-workshop/,True,,True,PASS,PASS
/en/projects/zhanjiang-logistics-port/,Steel Warehouse,/en/steel-warehouse/,/en/steel-warehouse/,True,,True,PASS,PASS
/en/projects/zhanjiang-logistics-port/,Engineering Design,/en/engineering-design/,/en/engineering-design/,True,,True,PASS,PASS
/en/projects/zhanjiang-logistics-port/,Manufacturing & Quality,/en/manufacturing-quality/,/en/manufacturing-quality/,True,,True,PASS,PASS
/en/projects/zhanjiang-logistics-port/,Export Delivery,/en/export-delivery/,/en/export-delivery/,True,,True,PASS,PASS
/en/projects/zhanjiang-logistics-port/,Components,/en/components/,/en/components/,True,,True,PASS,PASS
/en/projects/zhanjiang-logistics-port/,About Us,/en/about/,/en/about/,True,,True,PASS,PASS
/en/projects/zhanjiang-logistics-port/,Projects,/en/projects/,/en/projects/,True,,True,PASS,PASS
/en/projects/zhanjiang-logistics-port/,Contact,/en/contact/,/en/contact/,True,,True,PASS,PASS
/en/projects/zhanjiang-logistics-port/,Privacy Policy,/en/privacy/,/en/privacy/,True,,True,PASS,PASS
/en/projects/zhanjiang-logistics-port/,Terms of Use,/en/terms/,/en/terms/,True,,True,PASS,PASS
/en/services/structural-steel-detailing/,,/en/,/en/,True,,True,PASS,PASS
/en/services/structural-steel-detailing/,Home,/en/,/en/,True,,True,PASS,PASS
/en/services/structural-steel-detailing/,Products,/en/products/,/en/products/,True,,True,PASS,PASS
/en/services/structural-steel-detailing/,Components,/en/components/,/en/components/,True,,True,PASS,PASS
/en/services/structural-steel-detailing/,Projects,/en/projects/,/en/projects/,True,,True,PASS,PASS
/en/services/structural-steel-detailing/,Manufacturing,/en/manufacturing-quality/,/en/manufacturing-quality/,True,,True,PASS,PASS
/en/services/structural-steel-detailing/,About,/en/about/,/en/about/,True,,True,PASS,PASS
/en/services/structural-steel-detailing/,中文,/zh/services/structural-steel-detailing/,/zh/services/structural-steel-detailing/,True,,True,PASS,PASS
/en/services/structural-steel-detailing/,Get a Quote,/en/contact/#quote-form,/en/contact/,True,quote-form,True,PASS,PASS
/en/services/structural-steel-detailing/,Home,/en/,/en/,True,,True,PASS,PASS
/en/services/structural-steel-detailing/,Products,/en/products/,/en/products/,True,,True,PASS,PASS
/en/services/structural-steel-detailing/,Components,/en/components/,/en/components/,True,,True,PASS,PASS
/en/services/structural-steel-detailing/,Projects,/en/projects/,/en/projects/,True,,True,PASS,PASS
/en/services/structural-steel-detailing/,Manufacturing,/en/manufacturing-quality/,/en/manufacturing-quality/,True,,True,PASS,PASS
/en/services/structural-steel-detailing/,About,/en/about/,/en/about/,True,,True,PASS,PASS
/en/services/structural-steel-detailing/,Contact,/en/contact/,/en/contact/,True,,True,PASS,PASS
/en/services/structural-steel-detailing/,中文,/zh/services/structural-steel-detailing/,/zh/services/structural-steel-detailing/,True,,True,PASS,PASS
/en/services/structural-steel-detailing/,Get a Quote,/en/contact/#quote-form,/en/contact/,True,quote-form,True,PASS,PASS
/en/services/structural-steel-detailing/,Submit Drawings for Review,#quote,/en/services/structural-steel-detailing/,True,quote,True,PASS,PASS
/en/services/structural-steel-detailing/,View Custom Fabrication,/en/products/custom-engineering/,/en/products/custom-engineering/,True,,True,PASS,PASS
/en/services/structural-steel-detailing/,Home,/en/,/en/,True,,True,PASS,PASS
/en/services/structural-steel-detailing/,Start with Engineering Design →,/en/engineering-design/,/en/engineering-design/,True,,True,PASS,PASS
/en/services/structural-steel-detailing/,View Detailing Support →,/en/services/structural-steel-detailing/,/en/services/structural-steel-detailing/,True,,True,PASS,PASS
/en/services/structural-steel-detailing/,Send Drawings for Fabrication Review →,/en/products/custom-engineering/,/en/products/custom-engineering/,True,,True,PASS,PASS
/en/services/structural-steel-detailing/,Custom Engineering & Fabrication Structural steel fabrication from project drawings and BOQ View Details →,/en/products/custom-engineering/,/en/products/custom-engineering/,True,,True,PASS,PASS
/en/services/structural-steel-detailing/,Manufacturing & Quality Control 8-step manufacturing process and quality control View Details →,/en/manufacturing-quality/,/en/manufacturing-quality/,True,,True,PASS,PASS
/en/services/structural-steel-detailing/,"Components & Materials Steel beams, columns, trusses, purlins and cladding systems View Details →",/en/components/,/en/components/,True,,True,PASS,PASS
/en/services/structural-steel-detailing/,Fabricated Beams & Columns Custom fabricated steel beams and columns to project drawings View Details →,/en/components/fabricated-steel-beams-columns/,/en/components/fabricated-steel-beams-columns/,True,,True,PASS,PASS
/en/services/structural-steel-detailing/,Factory & Workshop,/en/steel-workshop/,/en/steel-workshop/,True,,True,PASS,PASS
/en/services/structural-steel-detailing/,Steel Warehouse,/en/steel-warehouse/,/en/steel-warehouse/,True,,True,PASS,PASS
/en/services/structural-steel-detailing/,Engineering Design,/en/engineering-design/,/en/engineering-design/,True,,True,PASS,PASS
/en/services/structural-steel-detailing/,Manufacturing & Quality,/en/manufacturing-quality/,/en/manufacturing-quality/,True,,True,PASS,PASS
/en/services/structural-steel-detailing/,Export Delivery,/en/export-delivery/,/en/export-delivery/,True,,True,PASS,PASS
/en/services/structural-steel-detailing/,Components,/en/components/,/en/components/,True,,True,PASS,PASS
/en/services/structural-steel-detailing/,About Us,/en/about/,/en/about/,True,,True,PASS,PASS
/en/services/structural-steel-detailing/,Projects,/en/projects/,/en/projects/,True,,True,PASS,PASS
/en/services/structural-steel-detailing/,Contact,/en/contact/,/en/contact/,True,,True,PASS,PASS
/en/services/structural-steel-detailing/,Privacy Policy,/en/privacy/,/en/privacy/,True,,True,PASS,PASS
/en/services/structural-steel-detailing/,Terms of Use,/en/terms/,/en/terms/,True,,True,PASS,PASS
/en/solutions/,,/en/,/en/,True,,True,PASS,PASS
/en/solutions/,Home,/en/,/en/,True,,True,PASS,PASS
/en/solutions/,Products,/en/products/,/en/products/,True,,True,PASS,PASS
/en/solutions/,Components,/en/components/,/en/components/,True,,True,PASS,PASS
/en/solutions/,Projects,/en/projects/,/en/projects/,True,,True,PASS,PASS
/en/solutions/,Manufacturing,/en/manufacturing-quality/,/en/manufacturing-quality/,True,,True,PASS,PASS
/en/solutions/,About,/en/about/,/en/about/,True,,True,PASS,PASS
/en/solutions/,中文,/zh/solutions/,/zh/solutions/,True,,True,PASS,PASS
/en/solutions/,Get a Quote,/en/contact/#quote-form,/en/contact/,True,quote-form,True,PASS,PASS
/en/solutions/,Home,/en/,/en/,True,,True,PASS,PASS
/en/solutions/,Products,/en/products/,/en/products/,True,,True,PASS,PASS
/en/solutions/,Components,/en/components/,/en/components/,True,,True,PASS,PASS
/en/solutions/,Projects,/en/projects/,/en/projects/,True,,True,PASS,PASS
/en/solutions/,Manufacturing,/en/manufacturing-quality/,/en/manufacturing-quality/,True,,True,PASS,PASS
/en/solutions/,About,/en/about/,/en/about/,True,,True,PASS,PASS
/en/solutions/,Contact,/en/contact/,/en/contact/,True,,True,PASS,PASS
/en/solutions/,中文,/zh/solutions/,/zh/solutions/,True,,True,PASS,PASS
/en/solutions/,Get a Quote,/en/contact/#quote-form,/en/contact/,True,quote-form,True,PASS,PASS
/en/solutions/,Back to Home,/en/,/en/,True,,True,PASS,PASS
/en/solutions/,Contact Us,/en/contact/,/en/contact/,True,,True,PASS,PASS
/en/solutions/,Factory & Workshop,/en/steel-workshop/,/en/steel-workshop/,True,,True,PASS,PASS
/en/solutions/,Steel Warehouse,/en/steel-warehouse/,/en/steel-warehouse/,True,,True,PASS,PASS
/en/solutions/,Engineering Design,/en/engineering-design/,/en/engineering-design/,True,,True,PASS,PASS
/en/solutions/,Manufacturing & Quality,/en/manufacturing-quality/,/en/manufacturing-quality/,True,,True,PASS,PASS
/en/solutions/,Export Delivery,/en/export-delivery/,/en/export-delivery/,True,,True,PASS,PASS
/en/solutions/,Components,/en/components/,/en/components/,True,,True,PASS,PASS
/en/solutions/,About Us,/en/about/,/en/about/,True,,True,PASS,PASS
/en/solutions/,Projects,/en/projects/,/en/projects/,True,,True,PASS,PASS
/en/solutions/,Contact,/en/contact/,/en/contact/,True,,True,PASS,PASS
/en/solutions/,Privacy Policy,/en/privacy/,/en/privacy/,True,,True,PASS,PASS
/en/solutions/,Terms of Use,/en/terms/,/en/terms/,True,,True,PASS,PASS
/en/steel-mining-factory/,,/en/,/en/,True,,True,PASS,PASS
/en/steel-mining-factory/,Home,/en/,/en/,True,,True,PASS,PASS
/en/steel-mining-factory/,Products,/en/products/,/en/products/,True,,True,PASS,PASS
/en/steel-mining-factory/,Components,/en/components/,/en/components/,True,,True,PASS,PASS
/en/steel-mining-factory/,Projects,/en/projects/,/en/projects/,True,,True,PASS,PASS
/en/steel-mining-factory/,Manufacturing,/en/manufacturing-quality/,/en/manufacturing-quality/,True,,True,PASS,PASS
/en/steel-mining-factory/,About,/en/about/,/en/about/,True,,True,PASS,PASS
/en/steel-mining-factory/,中文,/zh/steel-mining-factory/,/zh/steel-mining-factory/,True,,True,PASS,PASS
/en/steel-mining-factory/,Get a Quote,/en/contact/#quote-form,/en/contact/,True,quote-form,True,PASS,PASS
/en/steel-mining-factory/,Home,/en/,/en/,True,,True,PASS,PASS
/en/steel-mining-factory/,Products,/en/products/,/en/products/,True,,True,PASS,PASS
/en/steel-mining-factory/,Components,/en/components/,/en/components/,True,,True,PASS,PASS
/en/steel-mining-factory/,Projects,/en/projects/,/en/projects/,True,,True,PASS,PASS
/en/steel-mining-factory/,Manufacturing,/en/manufacturing-quality/,/en/manufacturing-quality/,True,,True,PASS,PASS
/en/steel-mining-factory/,About,/en/about/,/en/about/,True,,True,PASS,PASS
/en/steel-mining-factory/,Contact,/en/contact/,/en/contact/,True,,True,PASS,PASS
/en/steel-mining-factory/,中文,/zh/steel-mining-factory/,/zh/steel-mining-factory/,True,,True,PASS,PASS
/en/steel-mining-factory/,Get a Quote,/en/contact/#quote-form,/en/contact/,True,quote-form,True,PASS,PASS
/en/steel-mining-factory/,Get Project Quotation,#quote,/en/steel-mining-factory/,True,quote,True,PASS,PASS
/en/steel-mining-factory/,View All Products,/en/products/,/en/products/,True,,True,PASS,PASS
/en/steel-mining-factory/,Home,/en/,/en/,True,,True,PASS,PASS
/en/steel-mining-factory/,Products,/en/products/,/en/products/,True,,True,PASS,PASS
/en/steel-mining-factory/,View Manufacturing Capability,/en/manufacturing-quality/,/en/manufacturing-quality/,True,,True,PASS,PASS
/en/steel-mining-factory/,View Custom Engineering,/en/products/custom-engineering/,/en/products/custom-engineering/,True,,True,PASS,PASS
/en/steel-mining-factory/,View Export Delivery Process,/en/export-delivery/,/en/export-delivery/,True,,True,PASS,PASS
/en/steel-mining-factory/,Factory & Workshop,/en/steel-workshop/,/en/steel-workshop/,True,,True,PASS,PASS
/en/steel-mining-factory/,Steel Warehouse,/en/steel-warehouse/,/en/steel-warehouse/,True,,True,PASS,PASS
/en/steel-mining-factory/,Engineering Design,/en/engineering-design/,/en/engineering-design/,True,,True,PASS,PASS
/en/steel-mining-factory/,Manufacturing & Quality,/en/manufacturing-quality/,/en/manufacturing-quality/,True,,True,PASS,PASS
/en/steel-mining-factory/,Export Delivery,/en/export-delivery/,/en/export-delivery/,True,,True,PASS,PASS
/en/steel-mining-factory/,Components,/en/components/,/en/components/,True,,True,PASS,PASS
/en/steel-mining-factory/,About Us,/en/about/,/en/about/,True,,True,PASS,PASS
/en/steel-mining-factory/,Projects,/en/projects/,/en/projects/,True,,True,PASS,PASS
/en/steel-mining-factory/,Contact,/en/contact/,/en/contact/,True,,True,PASS,PASS
/en/steel-mining-factory/,Privacy Policy,/en/privacy/,/en/privacy/,True,,True,PASS,PASS
/en/steel-mining-factory/,Terms of Use,/en/terms/,/en/terms/,True,,True,PASS,PASS
/en/steel-supermarket-mall/,,/en/,/en/,True,,True,PASS,PASS
/en/steel-supermarket-mall/,Home,/en/,/en/,True,,True,PASS,PASS
/en/steel-supermarket-mall/,Products,/en/products/,/en/products/,True,,True,PASS,PASS
/en/steel-supermarket-mall/,Components,/en/components/,/en/components/,True,,True,PASS,PASS
/en/steel-supermarket-mall/,Projects,/en/projects/,/en/projects/,True,,True,PASS,PASS
/en/steel-supermarket-mall/,Manufacturing,/en/manufacturing-quality/,/en/manufacturing-quality/,True,,True,PASS,PASS
/en/steel-supermarket-mall/,About,/en/about/,/en/about/,True,,True,PASS,PASS
/en/steel-supermarket-mall/,中文,/zh/steel-supermarket-mall/,/zh/steel-supermarket-mall/,True,,True,PASS,PASS
/en/steel-supermarket-mall/,Get a Quote,/en/contact/#quote-form,/en/contact/,True,quote-form,True,PASS,PASS
/en/steel-supermarket-mall/,Home,/en/,/en/,True,,True,PASS,PASS
/en/steel-supermarket-mall/,Products,/en/products/,/en/products/,True,,True,PASS,PASS
/en/steel-supermarket-mall/,Components,/en/components/,/en/components/,True,,True,PASS,PASS
/en/steel-supermarket-mall/,Projects,/en/projects/,/en/projects/,True,,True,PASS,PASS
/en/steel-supermarket-mall/,Manufacturing,/en/manufacturing-quality/,/en/manufacturing-quality/,True,,True,PASS,PASS
/en/steel-supermarket-mall/,About,/en/about/,/en/about/,True,,True,PASS,PASS
/en/steel-supermarket-mall/,Contact,/en/contact/,/en/contact/,True,,True,PASS,PASS
/en/steel-supermarket-mall/,中文,/zh/steel-supermarket-mall/,/zh/steel-supermarket-mall/,True,,True,PASS,PASS
/en/steel-supermarket-mall/,Get a Quote,/en/contact/#quote-form,/en/contact/,True,quote-form,True,PASS,PASS
/en/steel-supermarket-mall/,Back to Home,/en/,/en/,True,,True,PASS,PASS
/en/steel-supermarket-mall/,Contact Us,/en/contact/,/en/contact/,True,,True,PASS,PASS
/en/steel-supermarket-mall/,Factory & Workshop,/en/steel-workshop/,/en/steel-workshop/,True,,True,PASS,PASS
/en/steel-supermarket-mall/,Steel Warehouse,/en/steel-warehouse/,/en/steel-warehouse/,True,,True,PASS,PASS
/en/steel-supermarket-mall/,Engineering Design,/en/engineering-design/,/en/engineering-design/,True,,True,PASS,PASS
/en/steel-supermarket-mall/,Manufacturing & Quality,/en/manufacturing-quality/,/en/manufacturing-quality/,True,,True,PASS,PASS
/en/steel-supermarket-mall/,Export Delivery,/en/export-delivery/,/en/export-delivery/,True,,True,PASS,PASS
/en/steel-supermarket-mall/,Components,/en/components/,/en/components/,True,,True,PASS,PASS
/en/steel-supermarket-mall/,About Us,/en/about/,/en/about/,True,,True,PASS,PASS
/en/steel-supermarket-mall/,Projects,/en/projects/,/en/projects/,True,,True,PASS,PASS
/en/steel-supermarket-mall/,Contact,/en/contact/,/en/contact/,True,,True,PASS,PASS
/en/steel-supermarket-mall/,Privacy Policy,/en/privacy/,/en/privacy/,True,,True,PASS,PASS
/en/steel-supermarket-mall/,Terms of Use,/en/terms/,/en/terms/,True,,True,PASS,PASS
/en/steel-warehouse/,,/en/,/en/,True,,True,PASS,PASS
/en/steel-warehouse/,Home,/en/,/en/,True,,True,PASS,PASS
/en/steel-warehouse/,Products,/en/products/,/en/products/,True,,True,PASS,PASS
/en/steel-warehouse/,Components,/en/components/,/en/components/,True,,True,PASS,PASS
/en/steel-warehouse/,Projects,/en/projects/,/en/projects/,True,,True,PASS,PASS
/en/steel-warehouse/,Manufacturing,/en/manufacturing-quality/,/en/manufacturing-quality/,True,,True,PASS,PASS
/en/steel-warehouse/,About,/en/about/,/en/about/,True,,True,PASS,PASS
/en/steel-warehouse/,中文,/zh/steel-warehouse/,/zh/steel-warehouse/,True,,True,PASS,PASS
/en/steel-warehouse/,Get a Quote,/en/contact/#quote-form,/en/contact/,True,quote-form,True,PASS,PASS
/en/steel-warehouse/,Home,/en/,/en/,True,,True,PASS,PASS
/en/steel-warehouse/,Products,/en/products/,/en/products/,True,,True,PASS,PASS
/en/steel-warehouse/,Components,/en/components/,/en/components/,True,,True,PASS,PASS
/en/steel-warehouse/,Projects,/en/projects/,/en/projects/,True,,True,PASS,PASS
/en/steel-warehouse/,Manufacturing,/en/manufacturing-quality/,/en/manufacturing-quality/,True,,True,PASS,PASS
/en/steel-warehouse/,About,/en/about/,/en/about/,True,,True,PASS,PASS
/en/steel-warehouse/,Contact,/en/contact/,/en/contact/,True,,True,PASS,PASS
/en/steel-warehouse/,中文,/zh/steel-warehouse/,/zh/steel-warehouse/,True,,True,PASS,PASS
/en/steel-warehouse/,Get a Quote,/en/contact/#quote-form,/en/contact/,True,quote-form,True,PASS,PASS
/en/steel-warehouse/,Get Project Quotation,#quote,/en/steel-warehouse/,True,quote,True,PASS,PASS
/en/steel-warehouse/,View All Products,/en/products/,/en/products/,True,,True,PASS,PASS
/en/steel-warehouse/,Home,/en/,/en/,True,,True,PASS,PASS
/en/steel-warehouse/,Products,/en/products/,/en/products/,True,,True,PASS,PASS
/en/steel-warehouse/,View Cladding Systems,/en/components/roof-wall-cladding-systems/,/en/components/roof-wall-cladding-systems/,True,,True,PASS,PASS
/en/steel-warehouse/,View Manufacturing Capability,/en/manufacturing-quality/,/en/manufacturing-quality/,True,,True,PASS,PASS
/en/steel-warehouse/,View Components & Materials,/en/components/,/en/components/,True,,True,PASS,PASS
/en/steel-warehouse/,Factory & Workshop,/en/steel-workshop/,/en/steel-workshop/,True,,True,PASS,PASS
/en/steel-warehouse/,Steel Warehouse,/en/steel-warehouse/,/en/steel-warehouse/,True,,True,PASS,PASS
/en/steel-warehouse/,Engineering Design,/en/engineering-design/,/en/engineering-design/,True,,True,PASS,PASS
/en/steel-warehouse/,Manufacturing & Quality,/en/manufacturing-quality/,/en/manufacturing-quality/,True,,True,PASS,PASS
/en/steel-warehouse/,Export Delivery,/en/export-delivery/,/en/export-delivery/,True,,True,PASS,PASS
/en/steel-warehouse/,Components,/en/components/,/en/components/,True,,True,PASS,PASS
/en/steel-warehouse/,About Us,/en/about/,/en/about/,True,,True,PASS,PASS
/en/steel-warehouse/,Projects,/en/projects/,/en/projects/,True,,True,PASS,PASS
/en/steel-warehouse/,Contact,/en/contact/,/en/contact/,True,,True,PASS,PASS
/en/steel-warehouse/,Privacy Policy,/en/privacy/,/en/privacy/,True,,True,PASS,PASS
/en/steel-warehouse/,Terms of Use,/en/terms/,/en/terms/,True,,True,PASS,PASS
/en/steel-workshop/,,/en/,/en/,True,,True,PASS,PASS
/en/steel-workshop/,Home,/en/,/en/,True,,True,PASS,PASS
/en/steel-workshop/,Products,/en/products/,/en/products/,True,,True,PASS,PASS
/en/steel-workshop/,Components,/en/components/,/en/components/,True,,True,PASS,PASS
/en/steel-workshop/,Projects,/en/projects/,/en/projects/,True,,True,PASS,PASS
/en/steel-workshop/,Manufacturing,/en/manufacturing-quality/,/en/manufacturing-quality/,True,,True,PASS,PASS
/en/steel-workshop/,About,/en/about/,/en/about/,True,,True,PASS,PASS
/en/steel-workshop/,中文,/zh/steel-workshop/,/zh/steel-workshop/,True,,True,PASS,PASS
/en/steel-workshop/,Get a Quote,/en/contact/#quote-form,/en/contact/,True,quote-form,True,PASS,PASS
/en/steel-workshop/,Home,/en/,/en/,True,,True,PASS,PASS
/en/steel-workshop/,Products,/en/products/,/en/products/,True,,True,PASS,PASS
/en/steel-workshop/,Components,/en/components/,/en/components/,True,,True,PASS,PASS
/en/steel-workshop/,Projects,/en/projects/,/en/projects/,True,,True,PASS,PASS
/en/steel-workshop/,Manufacturing,/en/manufacturing-quality/,/en/manufacturing-quality/,True,,True,PASS,PASS
/en/steel-workshop/,About,/en/about/,/en/about/,True,,True,PASS,PASS
/en/steel-workshop/,Contact,/en/contact/,/en/contact/,True,,True,PASS,PASS
/en/steel-workshop/,中文,/zh/steel-workshop/,/zh/steel-workshop/,True,,True,PASS,PASS
/en/steel-workshop/,Get a Quote,/en/contact/#quote-form,/en/contact/,True,quote-form,True,PASS,PASS
/en/steel-workshop/,Get Project Quotation,#quote,/en/steel-workshop/,True,quote,True,PASS,PASS
/en/steel-workshop/,View All Products,/en/products/,/en/products/,True,,True,PASS,PASS
/en/steel-workshop/,Home,/en/,/en/,True,,True,PASS,PASS
/en/steel-workshop/,Products,/en/products/,/en/products/,True,,True,PASS,PASS
/en/steel-workshop/,View Manufacturing Capability,/en/manufacturing-quality/,/en/manufacturing-quality/,True,,True,PASS,PASS
/en/steel-workshop/,Steel Beams & Columns,/en/components/fabricated-steel-beams-columns/,/en/components/fabricated-steel-beams-columns/,True,,True,PASS,PASS
/en/steel-workshop/,View Cladding Systems,/en/components/roof-wall-cladding-systems/,/en/components/roof-wall-cladding-systems/,True,,True,PASS,PASS
/en/steel-workshop/,Factory & Workshop,/en/steel-workshop/,/en/steel-workshop/,True,,True,PASS,PASS
/en/steel-workshop/,Steel Warehouse,/en/steel-warehouse/,/en/steel-warehouse/,True,,True,PASS,PASS
/en/steel-workshop/,Engineering Design,/en/engineering-design/,/en/engineering-design/,True,,True,PASS,PASS
/en/steel-workshop/,Manufacturing & Quality,/en/manufacturing-quality/,/en/manufacturing-quality/,True,,True,PASS,PASS
/en/steel-workshop/,Export Delivery,/en/export-delivery/,/en/export-delivery/,True,,True,PASS,PASS
/en/steel-workshop/,Components,/en/components/,/en/components/,True,,True,PASS,PASS
/en/steel-workshop/,About Us,/en/about/,/en/about/,True,,True,PASS,PASS
/en/steel-workshop/,Projects,/en/projects/,/en/projects/,True,,True,PASS,PASS
/en/steel-workshop/,Contact,/en/contact/,/en/contact/,True,,True,PASS,PASS
/en/steel-workshop/,Privacy Policy,/en/privacy/,/en/privacy/,True,,True,PASS,PASS
/en/steel-workshop/,Terms of Use,/en/terms/,/en/terms/,True,,True,PASS,PASS
/en/terms/,,/en/,/en/,True,,True,PASS,PASS
/en/terms/,Home,/en/,/en/,True,,True,PASS,PASS
/en/terms/,Products,/en/products/,/en/products/,True,,True,PASS,PASS
/en/terms/,Components,/en/components/,/en/components/,True,,True,PASS,PASS
/en/terms/,Projects,/en/projects/,/en/projects/,True,,True,PASS,PASS
/en/terms/,Manufacturing,/en/manufacturing-quality/,/en/manufacturing-quality/,True,,True,PASS,PASS
/en/terms/,About,/en/about/,/en/about/,True,,True,PASS,PASS
/en/terms/,中文,/zh/terms/,/zh/terms/,True,,True,PASS,PASS
/en/terms/,Get a Quote,/en/contact/#quote-form,/en/contact/,True,quote-form,True,PASS,PASS
/en/terms/,Home,/en/,/en/,True,,True,PASS,PASS
/en/terms/,Products,/en/products/,/en/products/,True,,True,PASS,PASS
/en/terms/,Components,/en/components/,/en/components/,True,,True,PASS,PASS
/en/terms/,Projects,/en/projects/,/en/projects/,True,,True,PASS,PASS
/en/terms/,Manufacturing,/en/manufacturing-quality/,/en/manufacturing-quality/,True,,True,PASS,PASS
/en/terms/,About,/en/about/,/en/about/,True,,True,PASS,PASS
/en/terms/,Contact,/en/contact/,/en/contact/,True,,True,PASS,PASS
/en/terms/,中文,/zh/terms/,/zh/terms/,True,,True,PASS,PASS
/en/terms/,Get a Quote,/en/contact/#quote-form,/en/contact/,True,quote-form,True,PASS,PASS
/en/terms/,Home,/en/,/en/,True,,True,PASS,PASS
/en/terms/,Website Purpose,#website-purpose,/en/terms/,True,website-purpose,True,PASS,PASS
/en/terms/,Project Information and Quotations,#project-info,/en/terms/,True,project-info,True,PASS,PASS
/en/terms/,Technical Information,#technical-info,/en/terms/,True,technical-info,True,PASS,PASS
/en/terms/,Drawings and Uploaded Materials,#drawings,/en/terms/,True,drawings,True,PASS,PASS
/en/terms/,Supply Scope,#supply-scope,/en/terms/,True,supply-scope,True,PASS,PASS
/en/terms/,Local Construction Responsibility,#local-construction,/en/terms/,True,local-construction,True,PASS,PASS
/en/terms/,Intellectual Property,#ip,/en/terms/,True,ip,True,PASS,PASS
/en/terms/,Third-Party Links,#third-party,/en/terms/,True,third-party,True,PASS,PASS
/en/terms/,Website Availability,#availability,/en/terms/,True,availability,True,PASS,PASS
/en/terms/,Limitation of Website Information,#limitation,/en/terms/,True,limitation,True,PASS,PASS
/en/terms/,Changes to These Terms,#changes,/en/terms/,True,changes,True,PASS,PASS
/en/terms/,Contact,#contact,/en/terms/,True,contact,True,PASS,PASS
/en/terms/,Project Inquiry Form,/en/contact/,/en/contact/,True,,True,PASS,PASS
/en/terms/,Factory & Workshop,/en/steel-workshop/,/en/steel-workshop/,True,,True,PASS,PASS
/en/terms/,Steel Warehouse,/en/steel-warehouse/,/en/steel-warehouse/,True,,True,PASS,PASS
/en/terms/,Engineering Design,/en/engineering-design/,/en/engineering-design/,True,,True,PASS,PASS
/en/terms/,Manufacturing & Quality,/en/manufacturing-quality/,/en/manufacturing-quality/,True,,True,PASS,PASS
/en/terms/,Export Delivery,/en/export-delivery/,/en/export-delivery/,True,,True,PASS,PASS
/en/terms/,Components,/en/components/,/en/components/,True,,True,PASS,PASS
/en/terms/,About Us,/en/about/,/en/about/,True,,True,PASS,PASS
/en/terms/,Projects,/en/projects/,/en/projects/,True,,True,PASS,PASS
/en/terms/,Contact,/en/contact/,/en/contact/,True,,True,PASS,PASS
/en/terms/,Privacy Policy,/en/privacy/,/en/privacy/,True,,True,PASS,PASS
/en/terms/,Terms of Use,/en/terms/,/en/terms/,True,,True,PASS,PASS
/,/en/,/en/,/en/,True,,True,PASS,PASS
/zh/about/,,/zh/,/zh/,True,,True,PASS,PASS
/zh/about/,首页,/zh/,/zh/,True,,True,PASS,PASS
/zh/about/,产品,/zh/products/,/zh/products/,True,,True,PASS,PASS
/zh/about/,构件与材料,/zh/components/,/zh/components/,True,,True,PASS,PASS
/zh/about/,项目案例,/zh/projects/,/zh/projects/,True,,True,PASS,PASS
/zh/about/,制造能力,/zh/manufacturing-quality/,/zh/manufacturing-quality/,True,,True,PASS,PASS
/zh/about/,关于中赛,/zh/about/,/zh/about/,True,,True,PASS,PASS
/zh/about/,English,/en/about/,/en/about/,True,,True,PASS,PASS
/zh/about/,获取报价,/zh/contact/#quote-form,/zh/contact/,True,quote-form,True,PASS,PASS
/zh/about/,首页,/zh/,/zh/,True,,True,PASS,PASS
/zh/about/,产品,/zh/products/,/zh/products/,True,,True,PASS,PASS
/zh/about/,构件与材料,/zh/components/,/zh/components/,True,,True,PASS,PASS
/zh/about/,项目案例,/zh/projects/,/zh/projects/,True,,True,PASS,PASS
/zh/about/,制造能力,/zh/manufacturing-quality/,/zh/manufacturing-quality/,True,,True,PASS,PASS
/zh/about/,关于中赛,/zh/about/,/zh/about/,True,,True,PASS,PASS
/zh/about/,联系我们,/zh/contact/,/zh/contact/,True,,True,PASS,PASS
/zh/about/,English,/en/about/,/en/about/,True,,True,PASS,PASS
/zh/about/,获取报价,/zh/contact/#quote-form,/zh/contact/,True,quote-form,True,PASS,PASS
/zh/about/,首页,/zh/,/zh/,True,,True,PASS,PASS
/zh/about/,查看详细制造流程 →,/zh/manufacturing-quality/,/zh/manufacturing-quality/,True,,True,PASS,PASS
/zh/about/,查看出口交付流程 →,/zh/export-delivery/,/zh/export-delivery/,True,,True,PASS,PASS
/zh/about/,工业厂房与车间,/zh/steel-workshop/,/zh/steel-workshop/,True,,True,PASS,PASS
/zh/about/,钢结构仓库,/zh/steel-warehouse/,/zh/steel-warehouse/,True,,True,PASS,PASS
/zh/about/,钢结构设计深化,/zh/engineering-design/,/zh/engineering-design/,True,,True,PASS,PASS
/zh/about/,制造与质量控制,/zh/manufacturing-quality/,/zh/manufacturing-quality/,True,,True,PASS,PASS
/zh/about/,出口交付,/zh/export-delivery/,/zh/export-delivery/,True,,True,PASS,PASS
/zh/about/,构件与材料,/zh/components/,/zh/components/,True,,True,PASS,PASS
/zh/about/,关于中赛,/zh/about/,/zh/about/,True,,True,PASS,PASS
/zh/about/,项目案例,/zh/projects/,/zh/projects/,True,,True,PASS,PASS
/zh/about/,联系我们,/zh/contact/,/zh/contact/,True,,True,PASS,PASS
/zh/about/,隐私政策,/zh/privacy/,/zh/privacy/,True,,True,PASS,PASS
/zh/about/,使用条款,/zh/terms/,/zh/terms/,True,,True,PASS,PASS
/zh/components/fabricated-steel-beams-columns/,,/zh/,/zh/,True,,True,PASS,PASS
/zh/components/fabricated-steel-beams-columns/,首页,/zh/,/zh/,True,,True,PASS,PASS
/zh/components/fabricated-steel-beams-columns/,产品,/zh/products/,/zh/products/,True,,True,PASS,PASS
/zh/components/fabricated-steel-beams-columns/,构件与材料,/zh/components/,/zh/components/,True,,True,PASS,PASS
/zh/components/fabricated-steel-beams-columns/,项目案例,/zh/projects/,/zh/projects/,True,,True,PASS,PASS
/zh/components/fabricated-steel-beams-columns/,制造能力,/zh/manufacturing-quality/,/zh/manufacturing-quality/,True,,True,PASS,PASS
/zh/components/fabricated-steel-beams-columns/,关于中赛,/zh/about/,/zh/about/,True,,True,PASS,PASS
/zh/components/fabricated-steel-beams-columns/,English,/en/components/fabricated-steel-beams-columns/,/en/components/fabricated-steel-beams-columns/,True,,True,PASS,PASS
/zh/components/fabricated-steel-beams-columns/,获取报价,/zh/contact/#quote-form,/zh/contact/,True,quote-form,True,PASS,PASS
/zh/components/fabricated-steel-beams-columns/,首页,/zh/,/zh/,True,,True,PASS,PASS
/zh/components/fabricated-steel-beams-columns/,产品,/zh/products/,/zh/products/,True,,True,PASS,PASS
/zh/components/fabricated-steel-beams-columns/,构件与材料,/zh/components/,/zh/components/,True,,True,PASS,PASS
/zh/components/fabricated-steel-beams-columns/,项目案例,/zh/projects/,/zh/projects/,True,,True,PASS,PASS
/zh/components/fabricated-steel-beams-columns/,制造能力,/zh/manufacturing-quality/,/zh/manufacturing-quality/,True,,True,PASS,PASS
/zh/components/fabricated-steel-beams-columns/,关于中赛,/zh/about/,/zh/about/,True,,True,PASS,PASS
/zh/components/fabricated-steel-beams-columns/,联系我们,/zh/contact/,/zh/contact/,True,,True,PASS,PASS
/zh/components/fabricated-steel-beams-columns/,English,/en/components/fabricated-steel-beams-columns/,/en/components/fabricated-steel-beams-columns/,True,,True,PASS,PASS
/zh/components/fabricated-steel-beams-columns/,获取报价,/zh/contact/#quote-form,/zh/contact/,True,quote-form,True,PASS,PASS
/zh/components/fabricated-steel-beams-columns/,提交图纸获取报价,#quote,/zh/components/fabricated-steel-beams-columns/,True,quote,True,PASS,PASS
/zh/components/fabricated-steel-beams-columns/,查看制造能力,/zh/manufacturing-quality/,/zh/manufacturing-quality/,True,,True,PASS,PASS
/zh/components/fabricated-steel-beams-columns/,首页,/zh/,/zh/,True,,True,PASS,PASS
/zh/components/fabricated-steel-beams-columns/,构件与材料,/zh/components/,/zh/components/,True,,True,PASS,PASS
/zh/components/fabricated-steel-beams-columns/,查看工业厂房 →,/zh/steel-workshop/,/zh/steel-workshop/,True,,True,PASS,PASS
/zh/components/fabricated-steel-beams-columns/,查看仓库方案 →,/zh/steel-warehouse/,/zh/steel-warehouse/,True,,True,PASS,PASS
/zh/components/fabricated-steel-beams-columns/,查看定制工程 →,/zh/products/custom-engineering/,/zh/products/custom-engineering/,True,,True,PASS,PASS
/zh/components/fabricated-steel-beams-columns/,查看详细8步制造流程,/zh/manufacturing-quality/,/zh/manufacturing-quality/,True,,True,PASS,PASS
/zh/components/fabricated-steel-beams-columns/,构件与材料 钢梁、钢柱、桁架、檩条及围护系统 查看详情 →,/zh/components/,/zh/components/,True,,True,PASS,PASS
/zh/components/fabricated-steel-beams-columns/,定制工程与按图加工 海外项目钢结构按图加工与定制制造 查看详情 →,/zh/products/custom-engineering/,/zh/products/custom-engineering/,True,,True,PASS,PASS
/zh/components/fabricated-steel-beams-columns/,制造与质量控制 8步制造流程、质量控制与包装出口 查看详情 →,/zh/manufacturing-quality/,/zh/manufacturing-quality/,True,,True,PASS,PASS
/zh/components/fabricated-steel-beams-columns/,工业厂房与车间 钢结构工业厂房解决方案 查看详情 →,/zh/steel-workshop/,/zh/steel-workshop/,True,,True,PASS,PASS
/zh/components/fabricated-steel-beams-columns/,钢结构仓库 钢结构仓库与物流建筑解决方案 查看详情 →,/zh/steel-warehouse/,/zh/steel-warehouse/,True,,True,PASS,PASS
/zh/components/fabricated-steel-beams-columns/,屋面墙面围护系统 屋面板、墙面板及配套围护材料 查看详情 →,/zh/components/roof-wall-cladding-systems/,/zh/components/roof-wall-cladding-systems/,True,,True,PASS,PASS
/zh/components/fabricated-steel-beams-columns/,工业厂房与车间,/zh/steel-workshop/,/zh/steel-workshop/,True,,True,PASS,PASS
/zh/components/fabricated-steel-beams-columns/,钢结构仓库,/zh/steel-warehouse/,/zh/steel-warehouse/,True,,True,PASS,PASS
/zh/components/fabricated-steel-beams-columns/,钢结构设计深化,/zh/engineering-design/,/zh/engineering-design/,True,,True,PASS,PASS
/zh/components/fabricated-steel-beams-columns/,制造与质量控制,/zh/manufacturing-quality/,/zh/manufacturing-quality/,True,,True,PASS,PASS
/zh/components/fabricated-steel-beams-columns/,出口交付,/zh/export-delivery/,/zh/export-delivery/,True,,True,PASS,PASS
/zh/components/fabricated-steel-beams-columns/,构件与材料,/zh/components/,/zh/components/,True,,True,PASS,PASS
/zh/components/fabricated-steel-beams-columns/,关于中赛,/zh/about/,/zh/about/,True,,True,PASS,PASS
/zh/components/fabricated-steel-beams-columns/,项目案例,/zh/projects/,/zh/projects/,True,,True,PASS,PASS
/zh/components/fabricated-steel-beams-columns/,联系我们,/zh/contact/,/zh/contact/,True,,True,PASS,PASS
/zh/components/fabricated-steel-beams-columns/,隐私政策,/zh/privacy/,/zh/privacy/,True,,True,PASS,PASS
/zh/components/fabricated-steel-beams-columns/,使用条款,/zh/terms/,/zh/terms/,True,,True,PASS,PASS
/zh/components/,,/zh/,/zh/,True,,True,PASS,PASS
/zh/components/,首页,/zh/,/zh/,True,,True,PASS,PASS
/zh/components/,产品,/zh/products/,/zh/products/,True,,True,PASS,PASS
/zh/components/,构件与材料,/zh/components/,/zh/components/,True,,True,PASS,PASS
/zh/components/,项目案例,/zh/projects/,/zh/projects/,True,,True,PASS,PASS
/zh/components/,制造能力,/zh/manufacturing-quality/,/zh/manufacturing-quality/,True,,True,PASS,PASS
/zh/components/,关于中赛,/zh/about/,/zh/about/,True,,True,PASS,PASS
/zh/components/,English,/en/components/,/en/components/,True,,True,PASS,PASS
/zh/components/,获取报价,/zh/contact/#quote-form,/zh/contact/,True,quote-form,True,PASS,PASS
/zh/components/,首页,/zh/,/zh/,True,,True,PASS,PASS
/zh/components/,产品,/zh/products/,/zh/products/,True,,True,PASS,PASS
/zh/components/,构件与材料,/zh/components/,/zh/components/,True,,True,PASS,PASS
/zh/components/,项目案例,/zh/projects/,/zh/projects/,True,,True,PASS,PASS
/zh/components/,制造能力,/zh/manufacturing-quality/,/zh/manufacturing-quality/,True,,True,PASS,PASS
/zh/components/,关于中赛,/zh/about/,/zh/about/,True,,True,PASS,PASS
/zh/components/,联系我们,/zh/contact/,/zh/contact/,True,,True,PASS,PASS
/zh/components/,English,/en/components/,/en/components/,True,,True,PASS,PASS
/zh/components/,获取报价,/zh/contact/#quote-form,/zh/contact/,True,quote-form,True,PASS,PASS
/zh/components/,首页,/zh/,/zh/,True,,True,PASS,PASS
/zh/components/,产品,/zh/products/,/zh/products/,True,,True,PASS,PASS
/zh/components/,钢梁 H型钢梁、组合截面梁、焊接梁，按图纸加工，预制端部连接板。 查看钢梁 →,/zh/components/fabricated-steel-beams-columns/#steel-beams,/zh/components/fabricated-steel-beams-columns/,True,steel-beams,True,PASS,PASS
/zh/components/,钢柱 H型钢柱、箱型柱、格构柱，按荷载与高度设计，预制底板与加劲板。 查看钢柱 →,/zh/components/fabricated-steel-beams-columns/#steel-columns,/zh/components/fabricated-steel-beams-columns/,True,steel-columns,True,PASS,PASS
/zh/components/,箱型截面 箱型柱与箱型梁，适用于大跨度重载结构，按图纸全熔透焊接加工。 查看箱型截面 →,/zh/components/fabricated-steel-beams-columns/#box-sections,/zh/components/fabricated-steel-beams-columns/,True,box-sections,True,PASS,PASS
/zh/components/,行车梁 桥式行车梁与悬挂行车梁，按行车吨位与工作制设计，按行车系统要求加工。 查看行车梁 →,/zh/components/fabricated-steel-beams-columns/#crane-beams,/zh/components/fabricated-steel-beams-columns/,True,crane-beams,True,PASS,PASS
/zh/components/,钢桁架 屋架桁架、转换桁架、管桁架，按跨度与荷载设计，焊接或螺栓连接。 查看钢桁架 →,/zh/components/steel-trusses/,/zh/components/steel-trusses/,True,,True,PASS,PASS
/zh/components/,平台与支撑 操作平台、设备平台、柱间支撑与屋面支撑，按设备布局与结构稳定要求定制加工。 发送平台与支撑图纸 →,#quote,/zh/components/,True,quote,True,PASS,PASS
/zh/components/,C型钢檩条 冷弯C型檩条，用于屋面墙面次结构，按间距与荷载选型，预制连接孔。 查看C型钢檩条 →,/zh/components/steel-purlins/#c-purlins,/zh/components/steel-purlins/,True,c-purlins,True,PASS,PASS
/zh/components/,Z型钢檩条 冷弯Z型檩条，搭接连接，适用于大间距屋面，连续抗弯性能优于C型。 查看Z型钢檩条 →,/zh/components/steel-purlins/#z-purlins,/zh/components/steel-purlins/,True,z-purlins,True,PASS,PASS
/zh/components/,支撑系统 柱间支撑、屋面水平支撑与垂直支撑，采用角钢或圆钢，确保整体结构稳定。 发送支撑系统需求 →,#quote,/zh/components/,True,quote,True,PASS,PASS
/zh/components/,连接构件 节点板、加劲板、连接板与高强螺栓，按深化图预制，确保现场安装精准。 发送节点详图 →,#quote,/zh/components/,True,quote,True,PASS,PASS
/zh/components/,屋面板 彩涂压型屋面板、直立锁边板，多种板型与厚度，防水抗风。 查看屋面板 →,/zh/components/roof-wall-cladding-systems/#roof-panels,/zh/components/roof-wall-cladding-systems/,True,roof-panels,True,PASS,PASS
/zh/components/,墙面板 彩涂压型墙面板，横铺与竖铺，多种板型与颜色，建筑外观协调统一。 查看墙面板 →,/zh/components/roof-wall-cladding-systems/#wall-panels,/zh/components/roof-wall-cladding-systems/,True,wall-panels,True,PASS,PASS
/zh/components/,夹芯板 EPS/PU/PIR夹芯板，保温隔热，适用于有温控要求的厂房与仓库。 查看夹芯板 →,/zh/components/roof-wall-cladding-systems/#sandwich-panels,/zh/components/roof-wall-cladding-systems/,True,sandwich-panels,True,PASS,PASS
/zh/components/,围护附件 天沟、收边、泛水、采光带、通风器——完整的围护附件配套。 查看围护附件 →,/zh/components/roof-wall-cladding-systems/#cladding-accessories,/zh/components/roof-wall-cladding-systems/,True,cladding-accessories,True,PASS,PASS
/zh/components/,工业厂房与车间,/zh/steel-workshop/,/zh/steel-workshop/,True,,True,PASS,PASS
/zh/components/,钢结构仓库,/zh/steel-warehouse/,/zh/steel-warehouse/,True,,True,PASS,PASS
/zh/components/,钢结构设计深化,/zh/engineering-design/,/zh/engineering-design/,True,,True,PASS,PASS
/zh/components/,制造与质量控制,/zh/manufacturing-quality/,/zh/manufacturing-quality/,True,,True,PASS,PASS
/zh/components/,出口交付,/zh/export-delivery/,/zh/export-delivery/,True,,True,PASS,PASS
/zh/components/,构件与材料,/zh/components/,/zh/components/,True,,True,PASS,PASS
/zh/components/,关于中赛,/zh/about/,/zh/about/,True,,True,PASS,PASS
/zh/components/,项目案例,/zh/projects/,/zh/projects/,True,,True,PASS,PASS
/zh/components/,联系我们,/zh/contact/,/zh/contact/,True,,True,PASS,PASS
/zh/components/,隐私政策,/zh/privacy/,/zh/privacy/,True,,True,PASS,PASS
/zh/components/,使用条款,/zh/terms/,/zh/terms/,True,,True,PASS,PASS
/zh/components/roof-wall-cladding-systems/,,/zh/,/zh/,True,,True,PASS,PASS
/zh/components/roof-wall-cladding-systems/,首页,/zh/,/zh/,True,,True,PASS,PASS
/zh/components/roof-wall-cladding-systems/,产品,/zh/products/,/zh/products/,True,,True,PASS,PASS
/zh/components/roof-wall-cladding-systems/,构件与材料,/zh/components/,/zh/components/,True,,True,PASS,PASS
/zh/components/roof-wall-cladding-systems/,项目案例,/zh/projects/,/zh/projects/,True,,True,PASS,PASS
/zh/components/roof-wall-cladding-systems/,制造能力,/zh/manufacturing-quality/,/zh/manufacturing-quality/,True,,True,PASS,PASS
/zh/components/roof-wall-cladding-systems/,关于中赛,/zh/about/,/zh/about/,True,,True,PASS,PASS
/zh/components/roof-wall-cladding-systems/,English,/en/components/roof-wall-cladding-systems/,/en/components/roof-wall-cladding-systems/,True,,True,PASS,PASS
/zh/components/roof-wall-cladding-systems/,获取报价,/zh/contact/#quote-form,/zh/contact/,True,quote-form,True,PASS,PASS
/zh/components/roof-wall-cladding-systems/,首页,/zh/,/zh/,True,,True,PASS,PASS
/zh/components/roof-wall-cladding-systems/,产品,/zh/products/,/zh/products/,True,,True,PASS,PASS
/zh/components/roof-wall-cladding-systems/,构件与材料,/zh/components/,/zh/components/,True,,True,PASS,PASS
/zh/components/roof-wall-cladding-systems/,项目案例,/zh/projects/,/zh/projects/,True,,True,PASS,PASS
/zh/components/roof-wall-cladding-systems/,制造能力,/zh/manufacturing-quality/,/zh/manufacturing-quality/,True,,True,PASS,PASS
/zh/components/roof-wall-cladding-systems/,关于中赛,/zh/about/,/zh/about/,True,,True,PASS,PASS
/zh/components/roof-wall-cladding-systems/,联系我们,/zh/contact/,/zh/contact/,True,,True,PASS,PASS
/zh/components/roof-wall-cladding-systems/,English,/en/components/roof-wall-cladding-systems/,/en/components/roof-wall-cladding-systems/,True,,True,PASS,PASS
/zh/components/roof-wall-cladding-systems/,获取报价,/zh/contact/#quote-form,/zh/contact/,True,quote-form,True,PASS,PASS
/zh/components/roof-wall-cladding-systems/,提交项目需求获取报价,#quote,/zh/components/roof-wall-cladding-systems/,True,quote,True,PASS,PASS
/zh/components/roof-wall-cladding-systems/,查看构件与材料,/zh/components/,/zh/components/,True,,True,PASS,PASS
/zh/components/roof-wall-cladding-systems/,首页,/zh/,/zh/,True,,True,PASS,PASS
/zh/components/roof-wall-cladding-systems/,构件与材料,/zh/components/,/zh/components/,True,,True,PASS,PASS
/zh/components/roof-wall-cladding-systems/,查看钢梁钢柱 →,/zh/components/fabricated-steel-beams-columns/,/zh/components/fabricated-steel-beams-columns/,True,,True,PASS,PASS
/zh/components/roof-wall-cladding-systems/,工业厂房与车间 钢结构工业厂房的屋面墙面围护系统 查看详情 →,/zh/steel-workshop/,/zh/steel-workshop/,True,,True,PASS,PASS
/zh/components/roof-wall-cladding-systems/,仓库与物流建筑 钢结构仓库和物流建筑的围护系统 查看详情 →,/zh/steel-warehouse/,/zh/steel-warehouse/,True,,True,PASS,PASS
/zh/components/roof-wall-cladding-systems/,商业与公共建筑 商业建筑、展厅等公共建筑的围护系统 查看详情 →,/zh/products/,/zh/products/,True,,True,PASS,PASS
/zh/components/roof-wall-cladding-systems/,农业与特种建筑 农业仓储、特种建筑的围护系统 查看详情 →,/zh/products/,/zh/products/,True,,True,PASS,PASS
/zh/components/roof-wall-cladding-systems/,工业厂房与车间,/zh/steel-workshop/,/zh/steel-workshop/,True,,True,PASS,PASS
/zh/components/roof-wall-cladding-systems/,钢结构仓库,/zh/steel-warehouse/,/zh/steel-warehouse/,True,,True,PASS,PASS
/zh/components/roof-wall-cladding-systems/,钢结构设计深化,/zh/engineering-design/,/zh/engineering-design/,True,,True,PASS,PASS
/zh/components/roof-wall-cladding-systems/,制造与质量控制,/zh/manufacturing-quality/,/zh/manufacturing-quality/,True,,True,PASS,PASS
/zh/components/roof-wall-cladding-systems/,出口交付,/zh/export-delivery/,/zh/export-delivery/,True,,True,PASS,PASS
/zh/components/roof-wall-cladding-systems/,构件与材料,/zh/components/,/zh/components/,True,,True,PASS,PASS
/zh/components/roof-wall-cladding-systems/,关于中赛,/zh/about/,/zh/about/,True,,True,PASS,PASS
/zh/components/roof-wall-cladding-systems/,项目案例,/zh/projects/,/zh/projects/,True,,True,PASS,PASS
/zh/components/roof-wall-cladding-systems/,联系我们,/zh/contact/,/zh/contact/,True,,True,PASS,PASS
/zh/components/roof-wall-cladding-systems/,隐私政策,/zh/privacy/,/zh/privacy/,True,,True,PASS,PASS
/zh/components/roof-wall-cladding-systems/,使用条款,/zh/terms/,/zh/terms/,True,,True,PASS,PASS
/zh/components/steel-purlins/,,/zh/,/zh/,True,,True,PASS,PASS
/zh/components/steel-purlins/,首页,/zh/,/zh/,True,,True,PASS,PASS
/zh/components/steel-purlins/,产品,/zh/products/,/zh/products/,True,,True,PASS,PASS
/zh/components/steel-purlins/,构件与材料,/zh/components/,/zh/components/,True,,True,PASS,PASS
/zh/components/steel-purlins/,项目案例,/zh/projects/,/zh/projects/,True,,True,PASS,PASS
/zh/components/steel-purlins/,制造能力,/zh/manufacturing-quality/,/zh/manufacturing-quality/,True,,True,PASS,PASS
/zh/components/steel-purlins/,关于中赛,/zh/about/,/zh/about/,True,,True,PASS,PASS
/zh/components/steel-purlins/,English,/en/components/steel-purlins/,/en/components/steel-purlins/,True,,True,PASS,PASS
/zh/components/steel-purlins/,获取报价,/zh/contact/#quote-form,/zh/contact/,True,quote-form,True,PASS,PASS
/zh/components/steel-purlins/,首页,/zh/,/zh/,True,,True,PASS,PASS
/zh/components/steel-purlins/,产品,/zh/products/,/zh/products/,True,,True,PASS,PASS
/zh/components/steel-purlins/,构件与材料,/zh/components/,/zh/components/,True,,True,PASS,PASS
/zh/components/steel-purlins/,项目案例,/zh/projects/,/zh/projects/,True,,True,PASS,PASS
/zh/components/steel-purlins/,制造能力,/zh/manufacturing-quality/,/zh/manufacturing-quality/,True,,True,PASS,PASS
/zh/components/steel-purlins/,关于中赛,/zh/about/,/zh/about/,True,,True,PASS,PASS
/zh/components/steel-purlins/,联系我们,/zh/contact/,/zh/contact/,True,,True,PASS,PASS
/zh/components/steel-purlins/,English,/en/components/steel-purlins/,/en/components/steel-purlins/,True,,True,PASS,PASS
/zh/components/steel-purlins/,获取报价,/zh/contact/#quote-form,/zh/contact/,True,quote-form,True,PASS,PASS
/zh/components/steel-purlins/,首页,/zh/,/zh/,True,,True,PASS,PASS
/zh/components/steel-purlins/,构件,/zh/components/,/zh/components/,True,,True,PASS,PASS
/zh/components/steel-purlins/,全部构件,/zh/components/,/zh/components/,True,,True,PASS,PASS
/zh/components/steel-purlins/,C 型截面 C型钢檩条 C形冷弯檩条，用于屋面墙面次结构 查看C型钢檩条 ↓,#c-purlins,/zh/components/steel-purlins/,True,c-purlins,True,PASS,PASS
/zh/components/steel-purlins/,Z 型截面 Z型钢檩条 Z形冷弯檩条，搭接连续连接 查看Z型钢檩条 ↓,#z-purlins,/zh/components/steel-purlins/,True,z-purlins,True,PASS,PASS
/zh/components/steel-purlins/,获取C型钢檩条报价 →,#quote,/zh/components/steel-purlins/,True,quote,True,PASS,PASS
/zh/components/steel-purlins/,获取Z型钢檩条报价 →,#quote,/zh/components/steel-purlins/,True,quote,True,PASS,PASS
/zh/components/steel-purlins/,钢梁与钢柱主要受力构件按图纸加工。查看 →,/zh/components/fabricated-steel-beams-columns/,/zh/components/fabricated-steel-beams-columns/,True,,True,PASS,PASS
/zh/components/steel-purlins/,钢桁架屋架桁架、管桁架、转换桁架。查看 →,/zh/components/steel-trusses/,/zh/components/steel-trusses/,True,,True,PASS,PASS
/zh/components/steel-purlins/,围护系统屋面板、墙面板、夹芯板。查看 →,/zh/components/roof-wall-cladding-systems/,/zh/components/roof-wall-cladding-systems/,True,,True,PASS,PASS
/zh/components/steel-purlins/,定制工程复杂与特殊用途钢结构。查看 →,/zh/products/custom-engineering/,/zh/products/custom-engineering/,True,,True,PASS,PASS
/zh/components/steel-purlins/,工业厂房与车间,/zh/steel-workshop/,/zh/steel-workshop/,True,,True,PASS,PASS
/zh/components/steel-purlins/,钢结构仓库,/zh/steel-warehouse/,/zh/steel-warehouse/,True,,True,PASS,PASS
/zh/components/steel-purlins/,钢结构设计深化,/zh/engineering-design/,/zh/engineering-design/,True,,True,PASS,PASS
/zh/components/steel-purlins/,制造与质量控制,/zh/manufacturing-quality/,/zh/manufacturing-quality/,True,,True,PASS,PASS
/zh/components/steel-purlins/,出口交付,/zh/export-delivery/,/zh/export-delivery/,True,,True,PASS,PASS
/zh/components/steel-purlins/,构件与材料,/zh/components/,/zh/components/,True,,True,PASS,PASS
/zh/components/steel-purlins/,关于中赛,/zh/about/,/zh/about/,True,,True,PASS,PASS
/zh/components/steel-purlins/,项目案例,/zh/projects/,/zh/projects/,True,,True,PASS,PASS
/zh/components/steel-purlins/,联系我们,/zh/contact/,/zh/contact/,True,,True,PASS,PASS
/zh/components/steel-purlins/,隐私政策,/zh/privacy/,/zh/privacy/,True,,True,PASS,PASS
/zh/components/steel-purlins/,使用条款,/zh/terms/,/zh/terms/,True,,True,PASS,PASS
/zh/components/steel-trusses/,,/zh/,/zh/,True,,True,PASS,PASS
/zh/components/steel-trusses/,首页,/zh/,/zh/,True,,True,PASS,PASS
/zh/components/steel-trusses/,产品,/zh/products/,/zh/products/,True,,True,PASS,PASS
/zh/components/steel-trusses/,构件与材料,/zh/components/,/zh/components/,True,,True,PASS,PASS
/zh/components/steel-trusses/,项目案例,/zh/projects/,/zh/projects/,True,,True,PASS,PASS
/zh/components/steel-trusses/,制造能力,/zh/manufacturing-quality/,/zh/manufacturing-quality/,True,,True,PASS,PASS
/zh/components/steel-trusses/,关于中赛,/zh/about/,/zh/about/,True,,True,PASS,PASS
/zh/components/steel-trusses/,English,/en/components/steel-trusses/,/en/components/steel-trusses/,True,,True,PASS,PASS
/zh/components/steel-trusses/,获取报价,/zh/contact/#quote-form,/zh/contact/,True,quote-form,True,PASS,PASS
/zh/components/steel-trusses/,首页,/zh/,/zh/,True,,True,PASS,PASS
/zh/components/steel-trusses/,产品,/zh/products/,/zh/products/,True,,True,PASS,PASS
/zh/components/steel-trusses/,构件与材料,/zh/components/,/zh/components/,True,,True,PASS,PASS
/zh/components/steel-trusses/,项目案例,/zh/projects/,/zh/projects/,True,,True,PASS,PASS
/zh/components/steel-trusses/,制造能力,/zh/manufacturing-quality/,/zh/manufacturing-quality/,True,,True,PASS,PASS
/zh/components/steel-trusses/,关于中赛,/zh/about/,/zh/about/,True,,True,PASS,PASS
/zh/components/steel-trusses/,联系我们,/zh/contact/,/zh/contact/,True,,True,PASS,PASS
/zh/components/steel-trusses/,English,/en/components/steel-trusses/,/en/components/steel-trusses/,True,,True,PASS,PASS
/zh/components/steel-trusses/,获取报价,/zh/contact/#quote-form,/zh/contact/,True,quote-form,True,PASS,PASS
/zh/components/steel-trusses/,首页,/zh/,/zh/,True,,True,PASS,PASS
/zh/components/steel-trusses/,构件,/zh/components/,/zh/components/,True,,True,PASS,PASS
/zh/components/steel-trusses/,全部构件,/zh/components/,/zh/components/,True,,True,PASS,PASS
/zh/components/steel-trusses/,上传桁架图纸 →,#quote,/zh/components/steel-trusses/,True,quote,True,PASS,PASS
/zh/components/steel-trusses/,提交桁架需求 →,#quote,/zh/components/steel-trusses/,True,quote,True,PASS,PASS
/zh/components/steel-trusses/,钢梁与钢柱 H型钢梁、箱型柱、组合截面构件按图纸加工。 查看 →,/zh/components/fabricated-steel-beams-columns/,/zh/components/fabricated-steel-beams-columns/,True,,True,PASS,PASS
/zh/components/steel-trusses/,钢檩条 C型与Z型冷弯檩条，用于屋面墙面次结构。 查看 →,/zh/components/steel-purlins/,/zh/components/steel-purlins/,True,,True,PASS,PASS
/zh/components/steel-trusses/,围护系统 屋面板、墙面板、夹芯板与围护附件。 查看 →,/zh/components/roof-wall-cladding-systems/,/zh/components/roof-wall-cladding-systems/,True,,True,PASS,PASS
/zh/components/steel-trusses/,定制工程 复杂与特殊用途钢结构按项目图纸加工。 查看 →,/zh/products/custom-engineering/,/zh/products/custom-engineering/,True,,True,PASS,PASS
/zh/components/steel-trusses/,工业厂房与车间,/zh/steel-workshop/,/zh/steel-workshop/,True,,True,PASS,PASS
/zh/components/steel-trusses/,钢结构仓库,/zh/steel-warehouse/,/zh/steel-warehouse/,True,,True,PASS,PASS
/zh/components/steel-trusses/,钢结构设计深化,/zh/engineering-design/,/zh/engineering-design/,True,,True,PASS,PASS
/zh/components/steel-trusses/,制造与质量控制,/zh/manufacturing-quality/,/zh/manufacturing-quality/,True,,True,PASS,PASS
/zh/components/steel-trusses/,出口交付,/zh/export-delivery/,/zh/export-delivery/,True,,True,PASS,PASS
/zh/components/steel-trusses/,构件与材料,/zh/components/,/zh/components/,True,,True,PASS,PASS
/zh/components/steel-trusses/,关于中赛,/zh/about/,/zh/about/,True,,True,PASS,PASS
/zh/components/steel-trusses/,项目案例,/zh/projects/,/zh/projects/,True,,True,PASS,PASS
/zh/components/steel-trusses/,联系我们,/zh/contact/,/zh/contact/,True,,True,PASS,PASS
/zh/components/steel-trusses/,隐私政策,/zh/privacy/,/zh/privacy/,True,,True,PASS,PASS
/zh/components/steel-trusses/,使用条款,/zh/terms/,/zh/terms/,True,,True,PASS,PASS
/zh/contact/,,/zh/,/zh/,True,,True,PASS,PASS
/zh/contact/,首页,/zh/,/zh/,True,,True,PASS,PASS
/zh/contact/,产品,/zh/products/,/zh/products/,True,,True,PASS,PASS
/zh/contact/,构件与材料,/zh/components/,/zh/components/,True,,True,PASS,PASS
/zh/contact/,项目案例,/zh/projects/,/zh/projects/,True,,True,PASS,PASS
/zh/contact/,制造能力,/zh/manufacturing-quality/,/zh/manufacturing-quality/,True,,True,PASS,PASS
/zh/contact/,关于中赛,/zh/about/,/zh/about/,True,,True,PASS,PASS
/zh/contact/,English,/en/contact/,/en/contact/,True,,True,PASS,PASS
/zh/contact/,获取报价,/zh/contact/#quote-form,/zh/contact/,True,quote-form,True,PASS,PASS
/zh/contact/,首页,/zh/,/zh/,True,,True,PASS,PASS
/zh/contact/,产品,/zh/products/,/zh/products/,True,,True,PASS,PASS
/zh/contact/,构件与材料,/zh/components/,/zh/components/,True,,True,PASS,PASS
/zh/contact/,项目案例,/zh/projects/,/zh/projects/,True,,True,PASS,PASS
/zh/contact/,制造能力,/zh/manufacturing-quality/,/zh/manufacturing-quality/,True,,True,PASS,PASS
/zh/contact/,关于中赛,/zh/about/,/zh/about/,True,,True,PASS,PASS
/zh/contact/,联系我们,/zh/contact/,/zh/contact/,True,,True,PASS,PASS
/zh/contact/,English,/en/contact/,/en/contact/,True,,True,PASS,PASS
/zh/contact/,获取报价,/zh/contact/#quote-form,/zh/contact/,True,quote-form,True,PASS,PASS
/zh/contact/,首页,/zh/,/zh/,True,,True,PASS,PASS
/zh/contact/,提交项目需求,#quote-form,/zh/contact/,True,quote-form,True,PASS,PASS
/zh/contact/,上传项目资料,#quote-form,/zh/contact/,True,quote-form,True,PASS,PASS
/zh/contact/,填写项目信息,#quote-form,/zh/contact/,True,quote-form,True,PASS,PASS
/zh/contact/,项目询盘表单 提交项目需求,#quote-form,/zh/contact/,True,quote-form,True,PASS,PASS
/zh/contact/,工业厂房与车间,/zh/steel-workshop/,/zh/steel-workshop/,True,,True,PASS,PASS
/zh/contact/,钢结构仓库,/zh/steel-warehouse/,/zh/steel-warehouse/,True,,True,PASS,PASS
/zh/contact/,钢结构设计深化,/zh/engineering-design/,/zh/engineering-design/,True,,True,PASS,PASS
/zh/contact/,制造与质量控制,/zh/manufacturing-quality/,/zh/manufacturing-quality/,True,,True,PASS,PASS
/zh/contact/,出口交付,/zh/export-delivery/,/zh/export-delivery/,True,,True,PASS,PASS
/zh/contact/,构件与材料,/zh/components/,/zh/components/,True,,True,PASS,PASS
/zh/contact/,关于中赛,/zh/about/,/zh/about/,True,,True,PASS,PASS
/zh/contact/,项目案例,/zh/projects/,/zh/projects/,True,,True,PASS,PASS
/zh/contact/,联系我们,/zh/contact/,/zh/contact/,True,,True,PASS,PASS
/zh/contact/,隐私政策,/zh/privacy/,/zh/privacy/,True,,True,PASS,PASS
/zh/contact/,使用条款,/zh/terms/,/zh/terms/,True,,True,PASS,PASS
/zh/engineering-design/,,/zh/,/zh/,True,,True,PASS,PASS
/zh/engineering-design/,首页,/zh/,/zh/,True,,True,PASS,PASS
/zh/engineering-design/,产品,/zh/products/,/zh/products/,True,,True,PASS,PASS
/zh/engineering-design/,构件与材料,/zh/components/,/zh/components/,True,,True,PASS,PASS
/zh/engineering-design/,项目案例,/zh/projects/,/zh/projects/,True,,True,PASS,PASS
/zh/engineering-design/,制造能力,/zh/manufacturing-quality/,/zh/manufacturing-quality/,True,,True,PASS,PASS
/zh/engineering-design/,关于中赛,/zh/about/,/zh/about/,True,,True,PASS,PASS
/zh/engineering-design/,English,/en/engineering-design/,/en/engineering-design/,True,,True,PASS,PASS
/zh/engineering-design/,获取报价,/zh/contact/#quote-form,/zh/contact/,True,quote-form,True,PASS,PASS
/zh/engineering-design/,首页,/zh/,/zh/,True,,True,PASS,PASS
/zh/engineering-design/,产品,/zh/products/,/zh/products/,True,,True,PASS,PASS
/zh/engineering-design/,构件与材料,/zh/components/,/zh/components/,True,,True,PASS,PASS
/zh/engineering-design/,项目案例,/zh/projects/,/zh/projects/,True,,True,PASS,PASS
/zh/engineering-design/,制造能力,/zh/manufacturing-quality/,/zh/manufacturing-quality/,True,,True,PASS,PASS
/zh/engineering-design/,关于中赛,/zh/about/,/zh/about/,True,,True,PASS,PASS
/zh/engineering-design/,联系我们,/zh/contact/,/zh/contact/,True,,True,PASS,PASS
/zh/engineering-design/,English,/en/engineering-design/,/en/engineering-design/,True,,True,PASS,PASS
/zh/engineering-design/,获取报价,/zh/contact/#quote-form,/zh/contact/,True,quote-form,True,PASS,PASS
/zh/engineering-design/,提交项目需求,#quote,/zh/engineering-design/,True,quote,True,PASS,PASS
/zh/engineering-design/,查看深化设计服务,/zh/services/structural-steel-detailing/,/zh/services/structural-steel-detailing/,True,,True,PASS,PASS
/zh/engineering-design/,首页,/zh/,/zh/,True,,True,PASS,PASS
/zh/engineering-design/,从工程设计开始 →,/zh/engineering-design/,/zh/engineering-design/,True,,True,PASS,PASS
/zh/engineering-design/,查看深化设计支持 →,/zh/services/structural-steel-detailing/,/zh/services/structural-steel-detailing/,True,,True,PASS,PASS
/zh/engineering-design/,发送图纸进行加工评估 →,/zh/products/custom-engineering/,/zh/products/custom-engineering/,True,,True,PASS,PASS
/zh/engineering-design/,钢结构深化设计 加工图、制造图纸和图纸审核 查看详情 →,/zh/services/structural-steel-detailing/,/zh/services/structural-steel-detailing/,True,,True,PASS,PASS
/zh/engineering-design/,定制工程与加工 基于项目图纸和BOQ的钢结构加工 查看详情 →,/zh/products/custom-engineering/,/zh/products/custom-engineering/,True,,True,PASS,PASS
/zh/engineering-design/,制造与质量控制 8步制造流程和质量控制 查看详情 →,/zh/manufacturing-quality/,/zh/manufacturing-quality/,True,,True,PASS,PASS
/zh/engineering-design/,查看厂房 →,/zh/steel-workshop/,/zh/steel-workshop/,True,,True,PASS,PASS
/zh/engineering-design/,查看仓库 →,/zh/steel-warehouse/,/zh/steel-warehouse/,True,,True,PASS,PASS
/zh/engineering-design/,查看定制工程 →,/zh/products/custom-engineering/,/zh/products/custom-engineering/,True,,True,PASS,PASS
/zh/engineering-design/,工业厂房与车间,/zh/steel-workshop/,/zh/steel-workshop/,True,,True,PASS,PASS
/zh/engineering-design/,钢结构仓库,/zh/steel-warehouse/,/zh/steel-warehouse/,True,,True,PASS,PASS
/zh/engineering-design/,钢结构设计深化,/zh/engineering-design/,/zh/engineering-design/,True,,True,PASS,PASS
/zh/engineering-design/,制造与质量控制,/zh/manufacturing-quality/,/zh/manufacturing-quality/,True,,True,PASS,PASS
/zh/engineering-design/,出口交付,/zh/export-delivery/,/zh/export-delivery/,True,,True,PASS,PASS
/zh/engineering-design/,构件与材料,/zh/components/,/zh/components/,True,,True,PASS,PASS
/zh/engineering-design/,关于中赛,/zh/about/,/zh/about/,True,,True,PASS,PASS
/zh/engineering-design/,项目案例,/zh/projects/,/zh/projects/,True,,True,PASS,PASS
/zh/engineering-design/,联系我们,/zh/contact/,/zh/contact/,True,,True,PASS,PASS
/zh/engineering-design/,隐私政策,/zh/privacy/,/zh/privacy/,True,,True,PASS,PASS
/zh/engineering-design/,使用条款,/zh/terms/,/zh/terms/,True,,True,PASS,PASS
/zh/export-delivery/,,/zh/,/zh/,True,,True,PASS,PASS
/zh/export-delivery/,首页,/zh/,/zh/,True,,True,PASS,PASS
/zh/export-delivery/,产品,/zh/products/,/zh/products/,True,,True,PASS,PASS
/zh/export-delivery/,构件与材料,/zh/components/,/zh/components/,True,,True,PASS,PASS
/zh/export-delivery/,项目案例,/zh/projects/,/zh/projects/,True,,True,PASS,PASS
/zh/export-delivery/,制造能力,/zh/manufacturing-quality/,/zh/manufacturing-quality/,True,,True,PASS,PASS
/zh/export-delivery/,关于中赛,/zh/about/,/zh/about/,True,,True,PASS,PASS
/zh/export-delivery/,English,/en/export-delivery/,/en/export-delivery/,True,,True,PASS,PASS
/zh/export-delivery/,获取报价,/zh/contact/#quote-form,/zh/contact/,True,quote-form,True,PASS,PASS
/zh/export-delivery/,首页,/zh/,/zh/,True,,True,PASS,PASS
/zh/export-delivery/,产品,/zh/products/,/zh/products/,True,,True,PASS,PASS
/zh/export-delivery/,构件与材料,/zh/components/,/zh/components/,True,,True,PASS,PASS
/zh/export-delivery/,项目案例,/zh/projects/,/zh/projects/,True,,True,PASS,PASS
/zh/export-delivery/,制造能力,/zh/manufacturing-quality/,/zh/manufacturing-quality/,True,,True,PASS,PASS
/zh/export-delivery/,关于中赛,/zh/about/,/zh/about/,True,,True,PASS,PASS
/zh/export-delivery/,联系我们,/zh/contact/,/zh/contact/,True,,True,PASS,PASS
/zh/export-delivery/,English,/en/export-delivery/,/en/export-delivery/,True,,True,PASS,PASS
/zh/export-delivery/,获取报价,/zh/contact/#quote-form,/zh/contact/,True,quote-form,True,PASS,PASS
/zh/export-delivery/,首页,/zh/,/zh/,True,,True,PASS,PASS
/zh/export-delivery/,工业厂房与车间,/zh/steel-workshop/,/zh/steel-workshop/,True,,True,PASS,PASS
/zh/export-delivery/,钢结构仓库,/zh/steel-warehouse/,/zh/steel-warehouse/,True,,True,PASS,PASS
/zh/export-delivery/,钢结构设计深化,/zh/engineering-design/,/zh/engineering-design/,True,,True,PASS,PASS
/zh/export-delivery/,制造与质量控制,/zh/manufacturing-quality/,/zh/manufacturing-quality/,True,,True,PASS,PASS
/zh/export-delivery/,出口交付,/zh/export-delivery/,/zh/export-delivery/,True,,True,PASS,PASS
/zh/export-delivery/,构件与材料,/zh/components/,/zh/components/,True,,True,PASS,PASS
/zh/export-delivery/,关于中赛,/zh/about/,/zh/about/,True,,True,PASS,PASS
/zh/export-delivery/,项目案例,/zh/projects/,/zh/projects/,True,,True,PASS,PASS
/zh/export-delivery/,联系我们,/zh/contact/,/zh/contact/,True,,True,PASS,PASS
/zh/export-delivery/,隐私政策,/zh/privacy/,/zh/privacy/,True,,True,PASS,PASS
/zh/export-delivery/,使用条款,/zh/terms/,/zh/terms/,True,,True,PASS,PASS
/zh/faq/,,/zh/,/zh/,True,,True,PASS,PASS
/zh/faq/,首页,/zh/,/zh/,True,,True,PASS,PASS
/zh/faq/,产品,/zh/products/,/zh/products/,True,,True,PASS,PASS
/zh/faq/,构件与材料,/zh/components/,/zh/components/,True,,True,PASS,PASS
/zh/faq/,项目案例,/zh/projects/,/zh/projects/,True,,True,PASS,PASS
/zh/faq/,制造能力,/zh/manufacturing-quality/,/zh/manufacturing-quality/,True,,True,PASS,PASS
/zh/faq/,关于中赛,/zh/about/,/zh/about/,True,,True,PASS,PASS
/zh/faq/,English,/en/faq/,/en/faq/,True,,True,PASS,PASS
/zh/faq/,获取报价,/zh/contact/#quote-form,/zh/contact/,True,quote-form,True,PASS,PASS
/zh/faq/,首页,/zh/,/zh/,True,,True,PASS,PASS
/zh/faq/,产品,/zh/products/,/zh/products/,True,,True,PASS,PASS
/zh/faq/,构件与材料,/zh/components/,/zh/components/,True,,True,PASS,PASS
/zh/faq/,项目案例,/zh/projects/,/zh/projects/,True,,True,PASS,PASS
/zh/faq/,制造能力,/zh/manufacturing-quality/,/zh/manufacturing-quality/,True,,True,PASS,PASS
/zh/faq/,关于中赛,/zh/about/,/zh/about/,True,,True,PASS,PASS
/zh/faq/,联系我们,/zh/contact/,/zh/contact/,True,,True,PASS,PASS
/zh/faq/,English,/en/faq/,/en/faq/,True,,True,PASS,PASS
/zh/faq/,获取报价,/zh/contact/#quote-form,/zh/contact/,True,quote-form,True,PASS,PASS
/zh/faq/,返回首页,/zh/,/zh/,True,,True,PASS,PASS
/zh/faq/,联系我们,/zh/contact/,/zh/contact/,True,,True,PASS,PASS
/zh/faq/,工业厂房与车间,/zh/steel-workshop/,/zh/steel-workshop/,True,,True,PASS,PASS
/zh/faq/,钢结构仓库,/zh/steel-warehouse/,/zh/steel-warehouse/,True,,True,PASS,PASS
/zh/faq/,钢结构设计深化,/zh/engineering-design/,/zh/engineering-design/,True,,True,PASS,PASS
/zh/faq/,制造与质量控制,/zh/manufacturing-quality/,/zh/manufacturing-quality/,True,,True,PASS,PASS
/zh/faq/,出口交付,/zh/export-delivery/,/zh/export-delivery/,True,,True,PASS,PASS
/zh/faq/,构件与材料,/zh/components/,/zh/components/,True,,True,PASS,PASS
/zh/faq/,关于中赛,/zh/about/,/zh/about/,True,,True,PASS,PASS
/zh/faq/,项目案例,/zh/projects/,/zh/projects/,True,,True,PASS,PASS
/zh/faq/,联系我们,/zh/contact/,/zh/contact/,True,,True,PASS,PASS
/zh/faq/,隐私政策,/zh/privacy/,/zh/privacy/,True,,True,PASS,PASS
/zh/faq/,使用条款,/zh/terms/,/zh/terms/,True,,True,PASS,PASS
/zh/,,/zh/,/zh/,True,,True,PASS,PASS
/zh/,首页,/zh/,/zh/,True,,True,PASS,PASS
/zh/,产品,/zh/products/,/zh/products/,True,,True,PASS,PASS
/zh/,构件与材料,/zh/components/,/zh/components/,True,,True,PASS,PASS
/zh/,项目案例,/zh/projects/,/zh/projects/,True,,True,PASS,PASS
/zh/,制造能力,/zh/manufacturing-quality/,/zh/manufacturing-quality/,True,,True,PASS,PASS
/zh/,关于中赛,/zh/about/,/zh/about/,True,,True,PASS,PASS
/zh/,English,/en/,/en/,True,,True,PASS,PASS
/zh/,获取报价,/zh/contact/#quote-form,/zh/contact/,True,quote-form,True,PASS,PASS
/zh/,首页,/zh/,/zh/,True,,True,PASS,PASS
/zh/,产品,/zh/products/,/zh/products/,True,,True,PASS,PASS
/zh/,构件与材料,/zh/components/,/zh/components/,True,,True,PASS,PASS
/zh/,项目案例,/zh/projects/,/zh/projects/,True,,True,PASS,PASS
/zh/,制造能力,/zh/manufacturing-quality/,/zh/manufacturing-quality/,True,,True,PASS,PASS
/zh/,关于中赛,/zh/about/,/zh/about/,True,,True,PASS,PASS
/zh/,联系我们,/zh/contact/,/zh/contact/,True,,True,PASS,PASS
/zh/,English,/en/,/en/,True,,True,PASS,PASS
/zh/,获取报价,/zh/contact/#quote-form,/zh/contact/,True,quote-form,True,PASS,PASS
/zh/,提交项目需求 ↗,#quote,/zh/,True,quote,True,PASS,PASS
/zh/,查看全球案例,#cases,/zh/,True,cases,True,PASS,PASS
/zh/,业 我是项目业主 / 投资方 计划建设厂房、仓库或工业设施，需要从设计到出口的完整钢结构方案。 只有地皮和尺寸，需要初步设计方案 需要完整材料包和出口交付 需要安装指导和技术支持 获取项目方案 →,#quote,/zh/,True,quote,True,PASS,PASS
/zh/,工 我是工程公司 / 当地总包 已有图纸和BOQ，需要可靠的钢结构加工厂和出口供应商。 按图纸加工，需要深化设计支持 需要构件编号、装箱和装柜管理 需要稳定交期和质量控制 上传图纸获取报价 →,#quote,/zh/,True,quote,True,PASS,PASS
/zh/,按建筑用途找方案 厂房、仓库、矿业、商业、农业等按用途分类,/zh/products/,/zh/products/,True,,True,PASS,PASS
/zh/,按构件找供应 钢柱、钢梁、桁架、檩条、围护系统等,/zh/components/,/zh/components/,True,,True,PASS,PASS
/zh/,已有图纸 / BOQ 上传图纸，获取项目报价,#quote,/zh/,True,quote,True,PASS,PASS
/zh/,暂无完整图纸 提交项目用途与基本需求,#quote,/zh/,True,quote,True,PASS,PASS
/zh/,了解制造能力 →,#quote,/zh/,True,quote,True,PASS,PASS
/zh/,查看构件供应 →,#quote,/zh/,True,quote,True,PASS,PASS
/zh/,了解围护系统 →,#quote,/zh/,True,quote,True,PASS,PASS
/zh/,工业工程 海外大型工业项目 设计深化 / 构件制造 / 出口交付,/zh/projects/,/zh/projects/,True,,True,PASS,PASS
/zh/,交付动态 构件编号与装柜管理 让现场安装更高效,/zh/export-delivery/,/zh/export-delivery/,True,,True,PASS,PASS
/zh/,查看项目档案 →,/zh/projects/,/zh/projects/,True,,True,PASS,PASS
/zh/,工业厂房与车间,/zh/steel-workshop/,/zh/steel-workshop/,True,,True,PASS,PASS
/zh/,钢结构仓库,/zh/steel-warehouse/,/zh/steel-warehouse/,True,,True,PASS,PASS
/zh/,钢结构设计深化,/zh/engineering-design/,/zh/engineering-design/,True,,True,PASS,PASS
/zh/,制造与质量控制,/zh/manufacturing-quality/,/zh/manufacturing-quality/,True,,True,PASS,PASS
/zh/,出口交付,/zh/export-delivery/,/zh/export-delivery/,True,,True,PASS,PASS
/zh/,构件与材料,/zh/components/,/zh/components/,True,,True,PASS,PASS
/zh/,关于中赛,/zh/about/,/zh/about/,True,,True,PASS,PASS
/zh/,项目案例,/zh/projects/,/zh/projects/,True,,True,PASS,PASS
/zh/,联系我们,/zh/contact/,/zh/contact/,True,,True,PASS,PASS
/zh/,隐私政策,/zh/privacy/,/zh/privacy/,True,,True,PASS,PASS
/zh/,使用条款,/zh/terms/,/zh/terms/,True,,True,PASS,PASS
/zh/manufacturing-quality/,,/zh/,/zh/,True,,True,PASS,PASS
/zh/manufacturing-quality/,首页,/zh/,/zh/,True,,True,PASS,PASS
/zh/manufacturing-quality/,产品,/zh/products/,/zh/products/,True,,True,PASS,PASS
/zh/manufacturing-quality/,构件与材料,/zh/components/,/zh/components/,True,,True,PASS,PASS
/zh/manufacturing-quality/,项目案例,/zh/projects/,/zh/projects/,True,,True,PASS,PASS
/zh/manufacturing-quality/,制造能力,/zh/manufacturing-quality/,/zh/manufacturing-quality/,True,,True,PASS,PASS
/zh/manufacturing-quality/,关于中赛,/zh/about/,/zh/about/,True,,True,PASS,PASS
/zh/manufacturing-quality/,English,/en/manufacturing-quality/,/en/manufacturing-quality/,True,,True,PASS,PASS
/zh/manufacturing-quality/,获取报价,/zh/contact/#quote-form,/zh/contact/,True,quote-form,True,PASS,PASS
/zh/manufacturing-quality/,首页,/zh/,/zh/,True,,True,PASS,PASS
/zh/manufacturing-quality/,产品,/zh/products/,/zh/products/,True,,True,PASS,PASS
/zh/manufacturing-quality/,构件与材料,/zh/components/,/zh/components/,True,,True,PASS,PASS
/zh/manufacturing-quality/,项目案例,/zh/projects/,/zh/projects/,True,,True,PASS,PASS
/zh/manufacturing-quality/,制造能力,/zh/manufacturing-quality/,/zh/manufacturing-quality/,True,,True,PASS,PASS
/zh/manufacturing-quality/,关于中赛,/zh/about/,/zh/about/,True,,True,PASS,PASS
/zh/manufacturing-quality/,联系我们,/zh/contact/,/zh/contact/,True,,True,PASS,PASS
/zh/manufacturing-quality/,English,/en/manufacturing-quality/,/en/manufacturing-quality/,True,,True,PASS,PASS
/zh/manufacturing-quality/,获取报价,/zh/contact/#quote-form,/zh/contact/,True,quote-form,True,PASS,PASS
/zh/manufacturing-quality/,首页,/zh/,/zh/,True,,True,PASS,PASS
/zh/manufacturing-quality/,构件与材料 钢梁、钢柱、桁架、檩条及围护系统，按图纸定制加工。 查看构件 →,/zh/components/,/zh/components/,True,,True,PASS,PASS
/zh/manufacturing-quality/,钢梁钢柱 H型钢梁、钢柱、箱型构件，按项目图纸与荷载要求加工。 查看详情 →,/zh/components/fabricated-steel-beams-columns/,/zh/components/fabricated-steel-beams-columns/,True,,True,PASS,PASS
/zh/manufacturing-quality/,围护系统 屋面板、墙面板、夹芯板及配套配件，可与钢结构配套供应。 查看详情 →,/zh/components/roof-wall-cladding-systems/,/zh/components/roof-wall-cladding-systems/,True,,True,PASS,PASS
/zh/manufacturing-quality/,产品分类 工业厂房、仓库、矿业、商业、农业及定制工程钢结构产品。 查看产品 →,/zh/products/,/zh/products/,True,,True,PASS,PASS
/zh/manufacturing-quality/,查看出口交付流程 →,/zh/export-delivery/,/zh/export-delivery/,True,,True,PASS,PASS
/zh/manufacturing-quality/,工业厂房与车间,/zh/steel-workshop/,/zh/steel-workshop/,True,,True,PASS,PASS
/zh/manufacturing-quality/,钢结构仓库,/zh/steel-warehouse/,/zh/steel-warehouse/,True,,True,PASS,PASS
/zh/manufacturing-quality/,钢结构设计深化,/zh/engineering-design/,/zh/engineering-design/,True,,True,PASS,PASS
/zh/manufacturing-quality/,制造与质量控制,/zh/manufacturing-quality/,/zh/manufacturing-quality/,True,,True,PASS,PASS
/zh/manufacturing-quality/,出口交付,/zh/export-delivery/,/zh/export-delivery/,True,,True,PASS,PASS
/zh/manufacturing-quality/,构件与材料,/zh/components/,/zh/components/,True,,True,PASS,PASS
/zh/manufacturing-quality/,关于中赛,/zh/about/,/zh/about/,True,,True,PASS,PASS
/zh/manufacturing-quality/,项目案例,/zh/projects/,/zh/projects/,True,,True,PASS,PASS
/zh/manufacturing-quality/,联系我们,/zh/contact/,/zh/contact/,True,,True,PASS,PASS
/zh/manufacturing-quality/,隐私政策,/zh/privacy/,/zh/privacy/,True,,True,PASS,PASS
/zh/manufacturing-quality/,使用条款,/zh/terms/,/zh/terms/,True,,True,PASS,PASS
/zh/privacy/,,/zh/,/zh/,True,,True,PASS,PASS
/zh/privacy/,首页,/zh/,/zh/,True,,True,PASS,PASS
/zh/privacy/,产品,/zh/products/,/zh/products/,True,,True,PASS,PASS
/zh/privacy/,构件与材料,/zh/components/,/zh/components/,True,,True,PASS,PASS
/zh/privacy/,项目案例,/zh/projects/,/zh/projects/,True,,True,PASS,PASS
/zh/privacy/,制造能力,/zh/manufacturing-quality/,/zh/manufacturing-quality/,True,,True,PASS,PASS
/zh/privacy/,关于中赛,/zh/about/,/zh/about/,True,,True,PASS,PASS
/zh/privacy/,English,/en/privacy/,/en/privacy/,True,,True,PASS,PASS
/zh/privacy/,获取报价,/zh/contact/#quote-form,/zh/contact/,True,quote-form,True,PASS,PASS
/zh/privacy/,首页,/zh/,/zh/,True,,True,PASS,PASS
/zh/privacy/,产品,/zh/products/,/zh/products/,True,,True,PASS,PASS
/zh/privacy/,构件与材料,/zh/components/,/zh/components/,True,,True,PASS,PASS
/zh/privacy/,项目案例,/zh/projects/,/zh/projects/,True,,True,PASS,PASS
/zh/privacy/,制造能力,/zh/manufacturing-quality/,/zh/manufacturing-quality/,True,,True,PASS,PASS
/zh/privacy/,关于中赛,/zh/about/,/zh/about/,True,,True,PASS,PASS
/zh/privacy/,联系我们,/zh/contact/,/zh/contact/,True,,True,PASS,PASS
/zh/privacy/,English,/en/privacy/,/en/privacy/,True,,True,PASS,PASS
/zh/privacy/,获取报价,/zh/contact/#quote-form,/zh/contact/,True,quote-form,True,PASS,PASS
/zh/privacy/,首页,/zh/,/zh/,True,,True,PASS,PASS
/zh/privacy/,我们收集的信息,#information-we-collect,/zh/privacy/,True,information-we-collect,True,PASS,PASS
/zh/privacy/,项目询盘信息,#project-inquiry,/zh/privacy/,True,project-inquiry,True,PASS,PASS
/zh/privacy/,上传的图纸与项目资料,#uploaded-files,/zh/privacy/,True,uploaded-files,True,PASS,PASS
/zh/privacy/,信息使用方式,#how-we-use,/zh/privacy/,True,how-we-use,True,PASS,PASS
/zh/privacy/,项目沟通,#communications,/zh/privacy/,True,communications,True,PASS,PASS
/zh/privacy/,网站分析及技术数据,#analytics,/zh/privacy/,True,analytics,True,PASS,PASS
/zh/privacy/,Cookie及类似技术,#cookies,/zh/privacy/,True,cookies,True,PASS,PASS
/zh/privacy/,服务提供商,#service-providers,/zh/privacy/,True,service-providers,True,PASS,PASS
/zh/privacy/,数据保留,#data-retention,/zh/privacy/,True,data-retention,True,PASS,PASS
/zh/privacy/,数据安全,#data-security,/zh/privacy/,True,data-security,True,PASS,PASS
/zh/privacy/,国际网站使用,#international-use,/zh/privacy/,True,international-use,True,PASS,PASS
/zh/privacy/,用户选择,#your-choices,/zh/privacy/,True,your-choices,True,PASS,PASS
/zh/privacy/,隐私政策更新,#updates,/zh/privacy/,True,updates,True,PASS,PASS
/zh/privacy/,联系我们,#contact,/zh/privacy/,True,contact,True,PASS,PASS
/zh/privacy/,项目询盘表单,/zh/contact/,/zh/contact/,True,,True,PASS,PASS
/zh/privacy/,工业厂房与车间,/zh/steel-workshop/,/zh/steel-workshop/,True,,True,PASS,PASS
/zh/privacy/,钢结构仓库,/zh/steel-warehouse/,/zh/steel-warehouse/,True,,True,PASS,PASS
/zh/privacy/,钢结构设计深化,/zh/engineering-design/,/zh/engineering-design/,True,,True,PASS,PASS
/zh/privacy/,制造与质量控制,/zh/manufacturing-quality/,/zh/manufacturing-quality/,True,,True,PASS,PASS
/zh/privacy/,出口交付,/zh/export-delivery/,/zh/export-delivery/,True,,True,PASS,PASS
/zh/privacy/,构件与材料,/zh/components/,/zh/components/,True,,True,PASS,PASS
/zh/privacy/,关于中赛,/zh/about/,/zh/about/,True,,True,PASS,PASS
/zh/privacy/,项目案例,/zh/projects/,/zh/projects/,True,,True,PASS,PASS
/zh/privacy/,联系我们,/zh/contact/,/zh/contact/,True,,True,PASS,PASS
/zh/privacy/,隐私政策,/zh/privacy/,/zh/privacy/,True,,True,PASS,PASS
/zh/privacy/,使用条款,/zh/terms/,/zh/terms/,True,,True,PASS,PASS
/zh/products/custom-engineering/,,/zh/,/zh/,True,,True,PASS,PASS
/zh/products/custom-engineering/,首页,/zh/,/zh/,True,,True,PASS,PASS
/zh/products/custom-engineering/,产品,/zh/products/,/zh/products/,True,,True,PASS,PASS
/zh/products/custom-engineering/,构件与材料,/zh/components/,/zh/components/,True,,True,PASS,PASS
/zh/products/custom-engineering/,项目案例,/zh/projects/,/zh/projects/,True,,True,PASS,PASS
/zh/products/custom-engineering/,制造能力,/zh/manufacturing-quality/,/zh/manufacturing-quality/,True,,True,PASS,PASS
/zh/products/custom-engineering/,关于中赛,/zh/about/,/zh/about/,True,,True,PASS,PASS
/zh/products/custom-engineering/,English,/en/products/custom-engineering/,/en/products/custom-engineering/,True,,True,PASS,PASS
/zh/products/custom-engineering/,获取报价,/zh/contact/#quote-form,/zh/contact/,True,quote-form,True,PASS,PASS
/zh/products/custom-engineering/,首页,/zh/,/zh/,True,,True,PASS,PASS
/zh/products/custom-engineering/,产品,/zh/products/,/zh/products/,True,,True,PASS,PASS
/zh/products/custom-engineering/,构件与材料,/zh/components/,/zh/components/,True,,True,PASS,PASS
/zh/products/custom-engineering/,项目案例,/zh/projects/,/zh/projects/,True,,True,PASS,PASS
/zh/products/custom-engineering/,制造能力,/zh/manufacturing-quality/,/zh/manufacturing-quality/,True,,True,PASS,PASS
/zh/products/custom-engineering/,关于中赛,/zh/about/,/zh/about/,True,,True,PASS,PASS
/zh/products/custom-engineering/,联系我们,/zh/contact/,/zh/contact/,True,,True,PASS,PASS
/zh/products/custom-engineering/,English,/en/products/custom-engineering/,/en/products/custom-engineering/,True,,True,PASS,PASS
/zh/products/custom-engineering/,获取报价,/zh/contact/#quote-form,/zh/contact/,True,quote-form,True,PASS,PASS
/zh/products/custom-engineering/,提交图纸获取评估,#quote,/zh/products/custom-engineering/,True,quote,True,PASS,PASS
/zh/products/custom-engineering/,查看制造能力,/zh/manufacturing-quality/,/zh/manufacturing-quality/,True,,True,PASS,PASS
/zh/products/custom-engineering/,首页,/zh/,/zh/,True,,True,PASS,PASS
/zh/products/custom-engineering/,产品,/zh/products/,/zh/products/,True,,True,PASS,PASS
/zh/products/custom-engineering/,从工程设计开始 →,/zh/engineering-design/,/zh/engineering-design/,True,,True,PASS,PASS
/zh/products/custom-engineering/,查看深化设计支持 →,/zh/services/structural-steel-detailing/,/zh/services/structural-steel-detailing/,True,,True,PASS,PASS
/zh/products/custom-engineering/,发送图纸进行加工评估 →,/zh/products/custom-engineering/,/zh/products/custom-engineering/,True,,True,PASS,PASS
/zh/products/custom-engineering/,查看构件与材料,/zh/components/,/zh/components/,True,,True,PASS,PASS
/zh/products/custom-engineering/,查看详细8步制造流程,/zh/manufacturing-quality/,/zh/manufacturing-quality/,True,,True,PASS,PASS
/zh/products/custom-engineering/,构件与材料 钢梁、钢柱、桁架、檩条及围护系统 查看详情 →,/zh/components/,/zh/components/,True,,True,PASS,PASS
/zh/products/custom-engineering/,制造与质量控制 8步制造流程、质量控制与包装出口 查看详情 →,/zh/manufacturing-quality/,/zh/manufacturing-quality/,True,,True,PASS,PASS
/zh/products/custom-engineering/,钢梁钢柱 按图定制的钢梁钢柱构件 查看详情 →,/zh/components/fabricated-steel-beams-columns/,/zh/components/fabricated-steel-beams-columns/,True,,True,PASS,PASS
/zh/products/custom-engineering/,屋面墙面围护系统 屋面板、墙面板及配套围护材料 查看详情 →,/zh/components/roof-wall-cladding-systems/,/zh/components/roof-wall-cladding-systems/,True,,True,PASS,PASS
/zh/products/custom-engineering/,工业厂房与车间 钢结构工业厂房解决方案 查看详情 →,/zh/steel-workshop/,/zh/steel-workshop/,True,,True,PASS,PASS
/zh/products/custom-engineering/,钢结构仓库 钢结构仓库与物流建筑解决方案 查看详情 →,/zh/steel-warehouse/,/zh/steel-warehouse/,True,,True,PASS,PASS
/zh/products/custom-engineering/,查看出口交付流程 →,/zh/export-delivery/,/zh/export-delivery/,True,,True,PASS,PASS
/zh/products/custom-engineering/,工业厂房与车间,/zh/steel-workshop/,/zh/steel-workshop/,True,,True,PASS,PASS
/zh/products/custom-engineering/,钢结构仓库,/zh/steel-warehouse/,/zh/steel-warehouse/,True,,True,PASS,PASS
/zh/products/custom-engineering/,钢结构设计深化,/zh/engineering-design/,/zh/engineering-design/,True,,True,PASS,PASS
/zh/products/custom-engineering/,制造与质量控制,/zh/manufacturing-quality/,/zh/manufacturing-quality/,True,,True,PASS,PASS
/zh/products/custom-engineering/,出口交付,/zh/export-delivery/,/zh/export-delivery/,True,,True,PASS,PASS
/zh/products/custom-engineering/,构件与材料,/zh/components/,/zh/components/,True,,True,PASS,PASS
/zh/products/custom-engineering/,关于中赛,/zh/about/,/zh/about/,True,,True,PASS,PASS
/zh/products/custom-engineering/,项目案例,/zh/projects/,/zh/projects/,True,,True,PASS,PASS
/zh/products/custom-engineering/,联系我们,/zh/contact/,/zh/contact/,True,,True,PASS,PASS
/zh/products/custom-engineering/,隐私政策,/zh/privacy/,/zh/privacy/,True,,True,PASS,PASS
/zh/products/custom-engineering/,使用条款,/zh/terms/,/zh/terms/,True,,True,PASS,PASS
/zh/products/,,/zh/,/zh/,True,,True,PASS,PASS
/zh/products/,首页,/zh/,/zh/,True,,True,PASS,PASS
/zh/products/,产品,/zh/products/,/zh/products/,True,,True,PASS,PASS
/zh/products/,构件与材料,/zh/components/,/zh/components/,True,,True,PASS,PASS
/zh/products/,项目案例,/zh/projects/,/zh/projects/,True,,True,PASS,PASS
/zh/products/,制造能力,/zh/manufacturing-quality/,/zh/manufacturing-quality/,True,,True,PASS,PASS
/zh/products/,关于中赛,/zh/about/,/zh/about/,True,,True,PASS,PASS
/zh/products/,English,/en/products/,/en/products/,True,,True,PASS,PASS
/zh/products/,获取报价,/zh/contact/#quote-form,/zh/contact/,True,quote-form,True,PASS,PASS
/zh/products/,首页,/zh/,/zh/,True,,True,PASS,PASS
/zh/products/,产品,/zh/products/,/zh/products/,True,,True,PASS,PASS
/zh/products/,构件与材料,/zh/components/,/zh/components/,True,,True,PASS,PASS
/zh/products/,项目案例,/zh/projects/,/zh/projects/,True,,True,PASS,PASS
/zh/products/,制造能力,/zh/manufacturing-quality/,/zh/manufacturing-quality/,True,,True,PASS,PASS
/zh/products/,关于中赛,/zh/about/,/zh/about/,True,,True,PASS,PASS
/zh/products/,联系我们,/zh/contact/,/zh/contact/,True,,True,PASS,PASS
/zh/products/,English,/en/products/,/en/products/,True,,True,PASS,PASS
/zh/products/,获取报价,/zh/contact/#quote-form,/zh/contact/,True,quote-form,True,PASS,PASS
/zh/products/,首页,/zh/,/zh/,True,,True,PASS,PASS
/zh/products/,构件,/zh/components/,/zh/components/,True,,True,PASS,PASS
/zh/products/,01 应用示意图 工业厂房与生产建筑 大跨度钢结构厂房、生产车间、装配车间、冶炼钢厂、混凝土搅拌站，支持行车、设备布局、通风与重载需求。 查看详情 →,/zh/steel-workshop/,/zh/steel-workshop/,True,,True,PASS,PASS
/zh/products/,02 应用示意图 仓储与物流建筑 钢结构仓库、配送中心、物流枢纽、装卸平台、雨棚、停车棚，支持大净空、货架布局、保温与高仓存储需求。 查看详情 →,/zh/steel-warehouse/,/zh/steel-warehouse/,True,,True,PASS,PASS
/zh/products/,03 应用示意图 农业与养殖建筑 农业仓储建筑、畜牧棚舍、养鸡场、养牛场、养猪场、温室钢架，考虑通风、防潮、耐腐蚀与使用环境要求。 提交农业建筑项目需求 →,#quote,/zh/products/,True,quote,True,PASS,PASS
/zh/products/,04 应用示意图 商业与公共建筑 钢结构购物中心、超市、展厅、汽车4S店、医院、学校、酒店、写字楼、博物馆、体育馆，支持大跨度、灵活布局与公共安全要求。 提交商业建筑项目需求 →,#quote,/zh/products/,True,quote,True,PASS,PASS
/zh/products/,05 应用示意图 交通与基础设施钢结构 钢桥梁、人行天桥、飞机库、地铁高铁钢结构、码头港口钢结构、候车亭、隔音屏、高速公路龙门架，按工程规格加工制造。 提交基础设施项目需求 →,#quote,/zh/products/,True,quote,True,PASS,PASS
/zh/products/,06 应用示意图 矿业、能源与重工业结构 矿山输送结构、电厂钢架、石油管架、设备支撑平台、重工业建筑钢结构、烟囱、料仓，面向重载、振动与恶劣环境设计。 查看详情 →,/zh/steel-mining-factory/,/zh/steel-mining-factory/,True,,True,PASS,PASS
/zh/products/,07 应用示意图 特种与定制钢结构 异形与双扭曲钢结构、旋转楼梯、LED显示屏支撑钢架、雨棚结构、夹层、钢平台、幕墙支撑框架、建筑造型钢结构，按图纸定制加工。 提交定制结构项目需求 →,#quote,/zh/products/,True,quote,True,PASS,PASS
/zh/products/,查看定制加工能力 →,/zh/products/custom-engineering/,/zh/products/custom-engineering/,True,,True,PASS,PASS
/zh/products/,上传图纸获取报价 →,#quote,/zh/products/,True,quote,True,PASS,PASS
/zh/products/,提交项目需求 →,#quote,/zh/products/,True,quote,True,PASS,PASS
/zh/products/,工业厂房与车间,/zh/steel-workshop/,/zh/steel-workshop/,True,,True,PASS,PASS
/zh/products/,钢结构仓库,/zh/steel-warehouse/,/zh/steel-warehouse/,True,,True,PASS,PASS
/zh/products/,钢结构设计深化,/zh/engineering-design/,/zh/engineering-design/,True,,True,PASS,PASS
/zh/products/,制造与质量控制,/zh/manufacturing-quality/,/zh/manufacturing-quality/,True,,True,PASS,PASS
/zh/products/,出口交付,/zh/export-delivery/,/zh/export-delivery/,True,,True,PASS,PASS
/zh/products/,构件与材料,/zh/components/,/zh/components/,True,,True,PASS,PASS
/zh/products/,关于中赛,/zh/about/,/zh/about/,True,,True,PASS,PASS
/zh/products/,项目案例,/zh/projects/,/zh/projects/,True,,True,PASS,PASS
/zh/products/,联系我们,/zh/contact/,/zh/contact/,True,,True,PASS,PASS
/zh/products/,隐私政策,/zh/privacy/,/zh/privacy/,True,,True,PASS,PASS
/zh/products/,使用条款,/zh/terms/,/zh/terms/,True,,True,PASS,PASS
/zh/projects/cnooc-pr6-pipe-rack/,,/zh/,/zh/,True,,True,PASS,PASS
/zh/projects/cnooc-pr6-pipe-rack/,首页,/zh/,/zh/,True,,True,PASS,PASS
/zh/projects/cnooc-pr6-pipe-rack/,产品,/zh/products/,/zh/products/,True,,True,PASS,PASS
/zh/projects/cnooc-pr6-pipe-rack/,构件与材料,/zh/components/,/zh/components/,True,,True,PASS,PASS
/zh/projects/cnooc-pr6-pipe-rack/,项目案例,/zh/projects/,/zh/projects/,True,,True,PASS,PASS
/zh/projects/cnooc-pr6-pipe-rack/,制造能力,/zh/manufacturing-quality/,/zh/manufacturing-quality/,True,,True,PASS,PASS
/zh/projects/cnooc-pr6-pipe-rack/,关于中赛,/zh/about/,/zh/about/,True,,True,PASS,PASS
/zh/projects/cnooc-pr6-pipe-rack/,English,/en/projects/cnooc-pr6-pipe-rack/,/en/projects/cnooc-pr6-pipe-rack/,True,,True,PASS,PASS
/zh/projects/cnooc-pr6-pipe-rack/,获取报价,/zh/contact/#quote-form,/zh/contact/,True,quote-form,True,PASS,PASS
/zh/projects/cnooc-pr6-pipe-rack/,首页,/zh/,/zh/,True,,True,PASS,PASS
/zh/projects/cnooc-pr6-pipe-rack/,产品,/zh/products/,/zh/products/,True,,True,PASS,PASS
/zh/projects/cnooc-pr6-pipe-rack/,构件与材料,/zh/components/,/zh/components/,True,,True,PASS,PASS
/zh/projects/cnooc-pr6-pipe-rack/,项目案例,/zh/projects/,/zh/projects/,True,,True,PASS,PASS
/zh/projects/cnooc-pr6-pipe-rack/,制造能力,/zh/manufacturing-quality/,/zh/manufacturing-quality/,True,,True,PASS,PASS
/zh/projects/cnooc-pr6-pipe-rack/,关于中赛,/zh/about/,/zh/about/,True,,True,PASS,PASS
/zh/projects/cnooc-pr6-pipe-rack/,联系我们,/zh/contact/,/zh/contact/,True,,True,PASS,PASS
/zh/projects/cnooc-pr6-pipe-rack/,English,/en/projects/cnooc-pr6-pipe-rack/,/en/projects/cnooc-pr6-pipe-rack/,True,,True,PASS,PASS
/zh/projects/cnooc-pr6-pipe-rack/,获取报价,/zh/contact/#quote-form,/zh/contact/,True,quote-form,True,PASS,PASS
/zh/projects/cnooc-pr6-pipe-rack/,首页,/zh/,/zh/,True,,True,PASS,PASS
/zh/projects/cnooc-pr6-pipe-rack/,项目案例,/zh/projects,/zh/projects,True,,True,PASS,PASS
/zh/projects/cnooc-pr6-pipe-rack/,定制加工 →,/zh/products/custom-engineering/,/zh/products/custom-engineering/,True,,True,PASS,PASS
/zh/projects/cnooc-pr6-pipe-rack/,钢梁钢柱 →,/zh/components/fabricated-steel-beams-columns/,/zh/components/fabricated-steel-beams-columns/,True,,True,PASS,PASS
/zh/projects/cnooc-pr6-pipe-rack/,提交项目需求,/zh/contact/#quote-form,/zh/contact/,True,quote-form,True,PASS,PASS
/zh/projects/cnooc-pr6-pipe-rack/,工业厂房与车间,/zh/steel-workshop/,/zh/steel-workshop/,True,,True,PASS,PASS
/zh/projects/cnooc-pr6-pipe-rack/,钢结构仓库,/zh/steel-warehouse/,/zh/steel-warehouse/,True,,True,PASS,PASS
/zh/projects/cnooc-pr6-pipe-rack/,钢结构设计深化,/zh/engineering-design/,/zh/engineering-design/,True,,True,PASS,PASS
/zh/projects/cnooc-pr6-pipe-rack/,制造与质量控制,/zh/manufacturing-quality/,/zh/manufacturing-quality/,True,,True,PASS,PASS
/zh/projects/cnooc-pr6-pipe-rack/,出口交付,/zh/export-delivery/,/zh/export-delivery/,True,,True,PASS,PASS
/zh/projects/cnooc-pr6-pipe-rack/,构件与材料,/zh/components/,/zh/components/,True,,True,PASS,PASS
/zh/projects/cnooc-pr6-pipe-rack/,关于中赛,/zh/about/,/zh/about/,True,,True,PASS,PASS
/zh/projects/cnooc-pr6-pipe-rack/,项目案例,/zh/projects/,/zh/projects/,True,,True,PASS,PASS
/zh/projects/cnooc-pr6-pipe-rack/,联系我们,/zh/contact/,/zh/contact/,True,,True,PASS,PASS
/zh/projects/cnooc-pr6-pipe-rack/,隐私政策,/zh/privacy/,/zh/privacy/,True,,True,PASS,PASS
/zh/projects/cnooc-pr6-pipe-rack/,使用条款,/zh/terms/,/zh/terms/,True,,True,PASS,PASS
/zh/projects/cnpc-cracking-furnace/,,/zh/,/zh/,True,,True,PASS,PASS
/zh/projects/cnpc-cracking-furnace/,首页,/zh/,/zh/,True,,True,PASS,PASS
/zh/projects/cnpc-cracking-furnace/,产品,/zh/products/,/zh/products/,True,,True,PASS,PASS
/zh/projects/cnpc-cracking-furnace/,构件与材料,/zh/components/,/zh/components/,True,,True,PASS,PASS
/zh/projects/cnpc-cracking-furnace/,项目案例,/zh/projects/,/zh/projects/,True,,True,PASS,PASS
/zh/projects/cnpc-cracking-furnace/,制造能力,/zh/manufacturing-quality/,/zh/manufacturing-quality/,True,,True,PASS,PASS
/zh/projects/cnpc-cracking-furnace/,关于中赛,/zh/about/,/zh/about/,True,,True,PASS,PASS
/zh/projects/cnpc-cracking-furnace/,English,/en/projects/cnpc-cracking-furnace/,/en/projects/cnpc-cracking-furnace/,True,,True,PASS,PASS
/zh/projects/cnpc-cracking-furnace/,获取报价,/zh/contact/#quote-form,/zh/contact/,True,quote-form,True,PASS,PASS
/zh/projects/cnpc-cracking-furnace/,首页,/zh/,/zh/,True,,True,PASS,PASS
/zh/projects/cnpc-cracking-furnace/,产品,/zh/products/,/zh/products/,True,,True,PASS,PASS
/zh/projects/cnpc-cracking-furnace/,构件与材料,/zh/components/,/zh/components/,True,,True,PASS,PASS
/zh/projects/cnpc-cracking-furnace/,项目案例,/zh/projects/,/zh/projects/,True,,True,PASS,PASS
/zh/projects/cnpc-cracking-furnace/,制造能力,/zh/manufacturing-quality/,/zh/manufacturing-quality/,True,,True,PASS,PASS
/zh/projects/cnpc-cracking-furnace/,关于中赛,/zh/about/,/zh/about/,True,,True,PASS,PASS
/zh/projects/cnpc-cracking-furnace/,联系我们,/zh/contact/,/zh/contact/,True,,True,PASS,PASS
/zh/projects/cnpc-cracking-furnace/,English,/en/projects/cnpc-cracking-furnace/,/en/projects/cnpc-cracking-furnace/,True,,True,PASS,PASS
/zh/projects/cnpc-cracking-furnace/,获取报价,/zh/contact/#quote-form,/zh/contact/,True,quote-form,True,PASS,PASS
/zh/projects/cnpc-cracking-furnace/,首页,/zh/,/zh/,True,,True,PASS,PASS
/zh/projects/cnpc-cracking-furnace/,项目案例,/zh/projects,/zh/projects,True,,True,PASS,PASS
/zh/projects/cnpc-cracking-furnace/,定制加工 →,/zh/products/custom-engineering/,/zh/products/custom-engineering/,True,,True,PASS,PASS
/zh/projects/cnpc-cracking-furnace/,钢梁钢柱 →,/zh/components/fabricated-steel-beams-columns/,/zh/components/fabricated-steel-beams-columns/,True,,True,PASS,PASS
/zh/projects/cnpc-cracking-furnace/,提交项目需求,/zh/contact/#quote-form,/zh/contact/,True,quote-form,True,PASS,PASS
/zh/projects/cnpc-cracking-furnace/,工业厂房与车间,/zh/steel-workshop/,/zh/steel-workshop/,True,,True,PASS,PASS
/zh/projects/cnpc-cracking-furnace/,钢结构仓库,/zh/steel-warehouse/,/zh/steel-warehouse/,True,,True,PASS,PASS
/zh/projects/cnpc-cracking-furnace/,钢结构设计深化,/zh/engineering-design/,/zh/engineering-design/,True,,True,PASS,PASS
/zh/projects/cnpc-cracking-furnace/,制造与质量控制,/zh/manufacturing-quality/,/zh/manufacturing-quality/,True,,True,PASS,PASS
/zh/projects/cnpc-cracking-furnace/,出口交付,/zh/export-delivery/,/zh/export-delivery/,True,,True,PASS,PASS
/zh/projects/cnpc-cracking-furnace/,构件与材料,/zh/components/,/zh/components/,True,,True,PASS,PASS
/zh/projects/cnpc-cracking-furnace/,关于中赛,/zh/about/,/zh/about/,True,,True,PASS,PASS
/zh/projects/cnpc-cracking-furnace/,项目案例,/zh/projects/,/zh/projects/,True,,True,PASS,PASS
/zh/projects/cnpc-cracking-furnace/,联系我们,/zh/contact/,/zh/contact/,True,,True,PASS,PASS
/zh/projects/cnpc-cracking-furnace/,隐私政策,/zh/privacy/,/zh/privacy/,True,,True,PASS,PASS
/zh/projects/cnpc-cracking-furnace/,使用条款,/zh/terms/,/zh/terms/,True,,True,PASS,PASS
/zh/projects/cnpc-liquid-furnace/,,/zh/,/zh/,True,,True,PASS,PASS
/zh/projects/cnpc-liquid-furnace/,首页,/zh/,/zh/,True,,True,PASS,PASS
/zh/projects/cnpc-liquid-furnace/,产品,/zh/products/,/zh/products/,True,,True,PASS,PASS
/zh/projects/cnpc-liquid-furnace/,构件与材料,/zh/components/,/zh/components/,True,,True,PASS,PASS
/zh/projects/cnpc-liquid-furnace/,项目案例,/zh/projects/,/zh/projects/,True,,True,PASS,PASS
/zh/projects/cnpc-liquid-furnace/,制造能力,/zh/manufacturing-quality/,/zh/manufacturing-quality/,True,,True,PASS,PASS
/zh/projects/cnpc-liquid-furnace/,关于中赛,/zh/about/,/zh/about/,True,,True,PASS,PASS
/zh/projects/cnpc-liquid-furnace/,English,/en/projects/cnpc-liquid-furnace/,/en/projects/cnpc-liquid-furnace/,True,,True,PASS,PASS
/zh/projects/cnpc-liquid-furnace/,获取报价,/zh/contact/#quote-form,/zh/contact/,True,quote-form,True,PASS,PASS
/zh/projects/cnpc-liquid-furnace/,首页,/zh/,/zh/,True,,True,PASS,PASS
/zh/projects/cnpc-liquid-furnace/,产品,/zh/products/,/zh/products/,True,,True,PASS,PASS
/zh/projects/cnpc-liquid-furnace/,构件与材料,/zh/components/,/zh/components/,True,,True,PASS,PASS
/zh/projects/cnpc-liquid-furnace/,项目案例,/zh/projects/,/zh/projects/,True,,True,PASS,PASS
/zh/projects/cnpc-liquid-furnace/,制造能力,/zh/manufacturing-quality/,/zh/manufacturing-quality/,True,,True,PASS,PASS
/zh/projects/cnpc-liquid-furnace/,关于中赛,/zh/about/,/zh/about/,True,,True,PASS,PASS
/zh/projects/cnpc-liquid-furnace/,联系我们,/zh/contact/,/zh/contact/,True,,True,PASS,PASS
/zh/projects/cnpc-liquid-furnace/,English,/en/projects/cnpc-liquid-furnace/,/en/projects/cnpc-liquid-furnace/,True,,True,PASS,PASS
/zh/projects/cnpc-liquid-furnace/,获取报价,/zh/contact/#quote-form,/zh/contact/,True,quote-form,True,PASS,PASS
/zh/projects/cnpc-liquid-furnace/,首页,/zh/,/zh/,True,,True,PASS,PASS
/zh/projects/cnpc-liquid-furnace/,项目案例,/zh/projects,/zh/projects,True,,True,PASS,PASS
/zh/projects/cnpc-liquid-furnace/,定制加工 →,/zh/products/custom-engineering/,/zh/products/custom-engineering/,True,,True,PASS,PASS
/zh/projects/cnpc-liquid-furnace/,钢梁钢柱 →,/zh/components/fabricated-steel-beams-columns/,/zh/components/fabricated-steel-beams-columns/,True,,True,PASS,PASS
/zh/projects/cnpc-liquid-furnace/,提交项目需求,/zh/contact/#quote-form,/zh/contact/,True,quote-form,True,PASS,PASS
/zh/projects/cnpc-liquid-furnace/,工业厂房与车间,/zh/steel-workshop/,/zh/steel-workshop/,True,,True,PASS,PASS
/zh/projects/cnpc-liquid-furnace/,钢结构仓库,/zh/steel-warehouse/,/zh/steel-warehouse/,True,,True,PASS,PASS
/zh/projects/cnpc-liquid-furnace/,钢结构设计深化,/zh/engineering-design/,/zh/engineering-design/,True,,True,PASS,PASS
/zh/projects/cnpc-liquid-furnace/,制造与质量控制,/zh/manufacturing-quality/,/zh/manufacturing-quality/,True,,True,PASS,PASS
/zh/projects/cnpc-liquid-furnace/,出口交付,/zh/export-delivery/,/zh/export-delivery/,True,,True,PASS,PASS
/zh/projects/cnpc-liquid-furnace/,构件与材料,/zh/components/,/zh/components/,True,,True,PASS,PASS
/zh/projects/cnpc-liquid-furnace/,关于中赛,/zh/about/,/zh/about/,True,,True,PASS,PASS
/zh/projects/cnpc-liquid-furnace/,项目案例,/zh/projects/,/zh/projects/,True,,True,PASS,PASS
/zh/projects/cnpc-liquid-furnace/,联系我们,/zh/contact/,/zh/contact/,True,,True,PASS,PASS
/zh/projects/cnpc-liquid-furnace/,隐私政策,/zh/privacy/,/zh/privacy/,True,,True,PASS,PASS
/zh/projects/cnpc-liquid-furnace/,使用条款,/zh/terms/,/zh/terms/,True,,True,PASS,PASS
/zh/projects/dongguan-huarun-center/,,/zh/,/zh/,True,,True,PASS,PASS
/zh/projects/dongguan-huarun-center/,首页,/zh/,/zh/,True,,True,PASS,PASS
/zh/projects/dongguan-huarun-center/,产品,/zh/products/,/zh/products/,True,,True,PASS,PASS
/zh/projects/dongguan-huarun-center/,构件与材料,/zh/components/,/zh/components/,True,,True,PASS,PASS
/zh/projects/dongguan-huarun-center/,项目案例,/zh/projects/,/zh/projects/,True,,True,PASS,PASS
/zh/projects/dongguan-huarun-center/,制造能力,/zh/manufacturing-quality/,/zh/manufacturing-quality/,True,,True,PASS,PASS
/zh/projects/dongguan-huarun-center/,关于中赛,/zh/about/,/zh/about/,True,,True,PASS,PASS
/zh/projects/dongguan-huarun-center/,English,/en/projects/dongguan-huarun-center/,/en/projects/dongguan-huarun-center/,True,,True,PASS,PASS
/zh/projects/dongguan-huarun-center/,获取报价,/zh/contact/#quote-form,/zh/contact/,True,quote-form,True,PASS,PASS
/zh/projects/dongguan-huarun-center/,首页,/zh/,/zh/,True,,True,PASS,PASS
/zh/projects/dongguan-huarun-center/,产品,/zh/products/,/zh/products/,True,,True,PASS,PASS
/zh/projects/dongguan-huarun-center/,构件与材料,/zh/components/,/zh/components/,True,,True,PASS,PASS
/zh/projects/dongguan-huarun-center/,项目案例,/zh/projects/,/zh/projects/,True,,True,PASS,PASS
/zh/projects/dongguan-huarun-center/,制造能力,/zh/manufacturing-quality/,/zh/manufacturing-quality/,True,,True,PASS,PASS
/zh/projects/dongguan-huarun-center/,关于中赛,/zh/about/,/zh/about/,True,,True,PASS,PASS
/zh/projects/dongguan-huarun-center/,联系我们,/zh/contact/,/zh/contact/,True,,True,PASS,PASS
/zh/projects/dongguan-huarun-center/,English,/en/projects/dongguan-huarun-center/,/en/projects/dongguan-huarun-center/,True,,True,PASS,PASS
/zh/projects/dongguan-huarun-center/,获取报价,/zh/contact/#quote-form,/zh/contact/,True,quote-form,True,PASS,PASS
/zh/projects/dongguan-huarun-center/,首页,/zh/,/zh/,True,,True,PASS,PASS
/zh/projects/dongguan-huarun-center/,项目案例,/zh/projects,/zh/projects,True,,True,PASS,PASS
/zh/projects/dongguan-huarun-center/,制造能力 →,/zh/manufacturing-quality/,/zh/manufacturing-quality/,True,,True,PASS,PASS
/zh/projects/dongguan-huarun-center/,钢梁钢柱 →,/zh/components/fabricated-steel-beams-columns/,/zh/components/fabricated-steel-beams-columns/,True,,True,PASS,PASS
/zh/projects/dongguan-huarun-center/,提交项目需求,/zh/contact/#quote-form,/zh/contact/,True,quote-form,True,PASS,PASS
/zh/projects/dongguan-huarun-center/,工业厂房与车间,/zh/steel-workshop/,/zh/steel-workshop/,True,,True,PASS,PASS
/zh/projects/dongguan-huarun-center/,钢结构仓库,/zh/steel-warehouse/,/zh/steel-warehouse/,True,,True,PASS,PASS
/zh/projects/dongguan-huarun-center/,钢结构设计深化,/zh/engineering-design/,/zh/engineering-design/,True,,True,PASS,PASS
/zh/projects/dongguan-huarun-center/,制造与质量控制,/zh/manufacturing-quality/,/zh/manufacturing-quality/,True,,True,PASS,PASS
/zh/projects/dongguan-huarun-center/,出口交付,/zh/export-delivery/,/zh/export-delivery/,True,,True,PASS,PASS
/zh/projects/dongguan-huarun-center/,构件与材料,/zh/components/,/zh/components/,True,,True,PASS,PASS
/zh/projects/dongguan-huarun-center/,关于中赛,/zh/about/,/zh/about/,True,,True,PASS,PASS
/zh/projects/dongguan-huarun-center/,项目案例,/zh/projects/,/zh/projects/,True,,True,PASS,PASS
/zh/projects/dongguan-huarun-center/,联系我们,/zh/contact/,/zh/contact/,True,,True,PASS,PASS
/zh/projects/dongguan-huarun-center/,隐私政策,/zh/privacy/,/zh/privacy/,True,,True,PASS,PASS
/zh/projects/dongguan-huarun-center/,使用条款,/zh/terms/,/zh/terms/,True,,True,PASS,PASS
/zh/projects/futian-bonded-zone-customs/,,/zh/,/zh/,True,,True,PASS,PASS
/zh/projects/futian-bonded-zone-customs/,首页,/zh/,/zh/,True,,True,PASS,PASS
/zh/projects/futian-bonded-zone-customs/,产品,/zh/products/,/zh/products/,True,,True,PASS,PASS
/zh/projects/futian-bonded-zone-customs/,构件与材料,/zh/components/,/zh/components/,True,,True,PASS,PASS
/zh/projects/futian-bonded-zone-customs/,项目案例,/zh/projects/,/zh/projects/,True,,True,PASS,PASS
/zh/projects/futian-bonded-zone-customs/,制造能力,/zh/manufacturing-quality/,/zh/manufacturing-quality/,True,,True,PASS,PASS
/zh/projects/futian-bonded-zone-customs/,关于中赛,/zh/about/,/zh/about/,True,,True,PASS,PASS
/zh/projects/futian-bonded-zone-customs/,English,/en/projects/futian-bonded-zone-customs/,/en/projects/futian-bonded-zone-customs/,True,,True,PASS,PASS
/zh/projects/futian-bonded-zone-customs/,获取报价,/zh/contact/#quote-form,/zh/contact/,True,quote-form,True,PASS,PASS
/zh/projects/futian-bonded-zone-customs/,首页,/zh/,/zh/,True,,True,PASS,PASS
/zh/projects/futian-bonded-zone-customs/,产品,/zh/products/,/zh/products/,True,,True,PASS,PASS
/zh/projects/futian-bonded-zone-customs/,构件与材料,/zh/components/,/zh/components/,True,,True,PASS,PASS
/zh/projects/futian-bonded-zone-customs/,项目案例,/zh/projects/,/zh/projects/,True,,True,PASS,PASS
/zh/projects/futian-bonded-zone-customs/,制造能力,/zh/manufacturing-quality/,/zh/manufacturing-quality/,True,,True,PASS,PASS
/zh/projects/futian-bonded-zone-customs/,关于中赛,/zh/about/,/zh/about/,True,,True,PASS,PASS
/zh/projects/futian-bonded-zone-customs/,联系我们,/zh/contact/,/zh/contact/,True,,True,PASS,PASS
/zh/projects/futian-bonded-zone-customs/,English,/en/projects/futian-bonded-zone-customs/,/en/projects/futian-bonded-zone-customs/,True,,True,PASS,PASS
/zh/projects/futian-bonded-zone-customs/,获取报价,/zh/contact/#quote-form,/zh/contact/,True,quote-form,True,PASS,PASS
/zh/projects/futian-bonded-zone-customs/,首页,/zh/,/zh/,True,,True,PASS,PASS
/zh/projects/futian-bonded-zone-customs/,项目案例,/zh/projects,/zh/projects,True,,True,PASS,PASS
/zh/projects/futian-bonded-zone-customs/,钢结构仓库 →,/zh/steel-warehouse/,/zh/steel-warehouse/,True,,True,PASS,PASS
/zh/projects/futian-bonded-zone-customs/,构件与材料 →,/zh/components/,/zh/components/,True,,True,PASS,PASS
/zh/projects/futian-bonded-zone-customs/,提交项目需求,/zh/contact/#quote-form,/zh/contact/,True,quote-form,True,PASS,PASS
/zh/projects/futian-bonded-zone-customs/,工业厂房与车间,/zh/steel-workshop/,/zh/steel-workshop/,True,,True,PASS,PASS
/zh/projects/futian-bonded-zone-customs/,钢结构仓库,/zh/steel-warehouse/,/zh/steel-warehouse/,True,,True,PASS,PASS
/zh/projects/futian-bonded-zone-customs/,钢结构设计深化,/zh/engineering-design/,/zh/engineering-design/,True,,True,PASS,PASS
/zh/projects/futian-bonded-zone-customs/,制造与质量控制,/zh/manufacturing-quality/,/zh/manufacturing-quality/,True,,True,PASS,PASS
/zh/projects/futian-bonded-zone-customs/,出口交付,/zh/export-delivery/,/zh/export-delivery/,True,,True,PASS,PASS
/zh/projects/futian-bonded-zone-customs/,构件与材料,/zh/components/,/zh/components/,True,,True,PASS,PASS
/zh/projects/futian-bonded-zone-customs/,关于中赛,/zh/about/,/zh/about/,True,,True,PASS,PASS
/zh/projects/futian-bonded-zone-customs/,项目案例,/zh/projects/,/zh/projects/,True,,True,PASS,PASS
/zh/projects/futian-bonded-zone-customs/,联系我们,/zh/contact/,/zh/contact/,True,,True,PASS,PASS
/zh/projects/futian-bonded-zone-customs/,隐私政策,/zh/privacy/,/zh/privacy/,True,,True,PASS,PASS
/zh/projects/futian-bonded-zone-customs/,使用条款,/zh/terms/,/zh/terms/,True,,True,PASS,PASS
/zh/projects/guangzhou-high-end-equipment-base/,,/zh/,/zh/,True,,True,PASS,PASS
/zh/projects/guangzhou-high-end-equipment-base/,首页,/zh/,/zh/,True,,True,PASS,PASS
/zh/projects/guangzhou-high-end-equipment-base/,产品,/zh/products/,/zh/products/,True,,True,PASS,PASS
/zh/projects/guangzhou-high-end-equipment-base/,构件与材料,/zh/components/,/zh/components/,True,,True,PASS,PASS
/zh/projects/guangzhou-high-end-equipment-base/,项目案例,/zh/projects/,/zh/projects/,True,,True,PASS,PASS
/zh/projects/guangzhou-high-end-equipment-base/,制造能力,/zh/manufacturing-quality/,/zh/manufacturing-quality/,True,,True,PASS,PASS
/zh/projects/guangzhou-high-end-equipment-base/,关于中赛,/zh/about/,/zh/about/,True,,True,PASS,PASS
/zh/projects/guangzhou-high-end-equipment-base/,English,/en/projects/guangzhou-high-end-equipment-base/,/en/projects/guangzhou-high-end-equipment-base/,True,,True,PASS,PASS
/zh/projects/guangzhou-high-end-equipment-base/,获取报价,/zh/contact/#quote-form,/zh/contact/,True,quote-form,True,PASS,PASS
/zh/projects/guangzhou-high-end-equipment-base/,首页,/zh/,/zh/,True,,True,PASS,PASS
/zh/projects/guangzhou-high-end-equipment-base/,产品,/zh/products/,/zh/products/,True,,True,PASS,PASS
/zh/projects/guangzhou-high-end-equipment-base/,构件与材料,/zh/components/,/zh/components/,True,,True,PASS,PASS
/zh/projects/guangzhou-high-end-equipment-base/,项目案例,/zh/projects/,/zh/projects/,True,,True,PASS,PASS
/zh/projects/guangzhou-high-end-equipment-base/,制造能力,/zh/manufacturing-quality/,/zh/manufacturing-quality/,True,,True,PASS,PASS
/zh/projects/guangzhou-high-end-equipment-base/,关于中赛,/zh/about/,/zh/about/,True,,True,PASS,PASS
/zh/projects/guangzhou-high-end-equipment-base/,联系我们,/zh/contact/,/zh/contact/,True,,True,PASS,PASS
/zh/projects/guangzhou-high-end-equipment-base/,English,/en/projects/guangzhou-high-end-equipment-base/,/en/projects/guangzhou-high-end-equipment-base/,True,,True,PASS,PASS
/zh/projects/guangzhou-high-end-equipment-base/,获取报价,/zh/contact/#quote-form,/zh/contact/,True,quote-form,True,PASS,PASS
/zh/projects/guangzhou-high-end-equipment-base/,首页,/zh/,/zh/,True,,True,PASS,PASS
/zh/projects/guangzhou-high-end-equipment-base/,项目案例,/zh/projects,/zh/projects,True,,True,PASS,PASS
/zh/projects/guangzhou-high-end-equipment-base/,工业厂房 →,/zh/steel-workshop/,/zh/steel-workshop/,True,,True,PASS,PASS
/zh/projects/guangzhou-high-end-equipment-base/,定制加工 →,/zh/products/custom-engineering/,/zh/products/custom-engineering/,True,,True,PASS,PASS
/zh/projects/guangzhou-high-end-equipment-base/,提交项目需求,/zh/contact/#quote-form,/zh/contact/,True,quote-form,True,PASS,PASS
/zh/projects/guangzhou-high-end-equipment-base/,工业厂房与车间,/zh/steel-workshop/,/zh/steel-workshop/,True,,True,PASS,PASS
/zh/projects/guangzhou-high-end-equipment-base/,钢结构仓库,/zh/steel-warehouse/,/zh/steel-warehouse/,True,,True,PASS,PASS
/zh/projects/guangzhou-high-end-equipment-base/,钢结构设计深化,/zh/engineering-design/,/zh/engineering-design/,True,,True,PASS,PASS
/zh/projects/guangzhou-high-end-equipment-base/,制造与质量控制,/zh/manufacturing-quality/,/zh/manufacturing-quality/,True,,True,PASS,PASS
/zh/projects/guangzhou-high-end-equipment-base/,出口交付,/zh/export-delivery/,/zh/export-delivery/,True,,True,PASS,PASS
/zh/projects/guangzhou-high-end-equipment-base/,构件与材料,/zh/components/,/zh/components/,True,,True,PASS,PASS
/zh/projects/guangzhou-high-end-equipment-base/,关于中赛,/zh/about/,/zh/about/,True,,True,PASS,PASS
/zh/projects/guangzhou-high-end-equipment-base/,项目案例,/zh/projects/,/zh/projects/,True,,True,PASS,PASS
/zh/projects/guangzhou-high-end-equipment-base/,联系我们,/zh/contact/,/zh/contact/,True,,True,PASS,PASS
/zh/projects/guangzhou-high-end-equipment-base/,隐私政策,/zh/privacy/,/zh/privacy/,True,,True,PASS,PASS
/zh/projects/guangzhou-high-end-equipment-base/,使用条款,/zh/terms/,/zh/terms/,True,,True,PASS,PASS
/zh/projects/,,/zh/,/zh/,True,,True,PASS,PASS
/zh/projects/,首页,/zh/,/zh/,True,,True,PASS,PASS
/zh/projects/,产品,/zh/products/,/zh/products/,True,,True,PASS,PASS
/zh/projects/,构件与材料,/zh/components/,/zh/components/,True,,True,PASS,PASS
/zh/projects/,项目案例,/zh/projects/,/zh/projects/,True,,True,PASS,PASS
/zh/projects/,制造能力,/zh/manufacturing-quality/,/zh/manufacturing-quality/,True,,True,PASS,PASS
/zh/projects/,关于中赛,/zh/about/,/zh/about/,True,,True,PASS,PASS
/zh/projects/,English,/en/projects/,/en/projects/,True,,True,PASS,PASS
/zh/projects/,获取报价,/zh/contact/#quote-form,/zh/contact/,True,quote-form,True,PASS,PASS
/zh/projects/,首页,/zh/,/zh/,True,,True,PASS,PASS
/zh/projects/,产品,/zh/products/,/zh/products/,True,,True,PASS,PASS
/zh/projects/,构件与材料,/zh/components/,/zh/components/,True,,True,PASS,PASS
/zh/projects/,项目案例,/zh/projects/,/zh/projects/,True,,True,PASS,PASS
/zh/projects/,制造能力,/zh/manufacturing-quality/,/zh/manufacturing-quality/,True,,True,PASS,PASS
/zh/projects/,关于中赛,/zh/about/,/zh/about/,True,,True,PASS,PASS
/zh/projects/,联系我们,/zh/contact/,/zh/contact/,True,,True,PASS,PASS
/zh/projects/,English,/en/projects/,/en/projects/,True,,True,PASS,PASS
/zh/projects/,获取报价,/zh/contact/#quote-form,/zh/contact/,True,quote-form,True,PASS,PASS
/zh/projects/,首页,/zh/,/zh/,True,,True,PASS,PASS
/zh/projects/,物流仓储 深国际湛江综合物流港项目 总建筑面积 约10.07万㎡ 建筑高度 22.6米 跨度 22米 查看项目 →,/zh/projects/zhanjiang-logistics-port/,/zh/projects/zhanjiang-logistics-port/,True,,True,PASS,PASS
/zh/projects/,商业住宅 东莞华润置地中心商业、住宅楼项目 总建筑面积 83.81万㎡ 建筑高度 249.10米 结构形式 劲性结构 查看项目 →,/zh/projects/dongguan-huarun-center/,/zh/projects/dongguan-huarun-center/,True,,True,PASS,PASS
/zh/projects/,工业制造 上海宝冶谢岗通用航空制造及供应链项目 跨度 40米 长度 136.8米 高度 34.5米 查看项目 →,/zh/projects/xiegang-aviation-manufacturing/,/zh/projects/xiegang-aviation-manufacturing/,True,,True,PASS,PASS
/zh/projects/,工业制造 广州工控大湾区现代高端装备研发生产基地 建筑高度 42米 跨度 60米 用钢量 约9800吨 查看项目 →,/zh/projects/guangzhou-high-end-equipment-base/,/zh/projects/guangzhou-high-end-equipment-base/,True,,True,PASS,PASS
/zh/projects/,产业园区 汕头立讯精密全球电子信息产业中心项目 用钢量 约4700吨 查看项目 →,/zh/projects/shantou-luxshare-electronics-center/,/zh/projects/shantou-luxshare-electronics-center/,True,,True,PASS,PASS
/zh/projects/,公共建筑 深圳福田保税区海关基础设施升级改造工程 建筑面积 约9388㎡ 长度 167米 宽度 48米 查看项目 →,/zh/projects/futian-bonded-zone-customs/,/zh/projects/futian-bonded-zone-customs/,True,,True,PASS,PASS
/zh/projects/,商业产业 深圳前海深港青年梦工厂项目 跨度 26米 长度 98米 高度 28米 查看项目 →,/zh/projects/qianhai-dreamfactory/,/zh/projects/qianhai-dreamfactory/,True,,True,PASS,PASS
/zh/projects/,石化能源 中油六建裂解炉项目 跨度 17.3米 长度 40.7米 高度 77.7米 查看项目 →,/zh/projects/cnpc-cracking-furnace/,/zh/projects/cnpc-cracking-furnace/,True,,True,PASS,PASS
/zh/projects/,石化能源 中油六建液体炉项目 跨度 14米 长度 35.3米 高度 70.7米 查看项目 →,/zh/projects/cnpc-liquid-furnace/,/zh/projects/cnpc-liquid-furnace/,True,,True,PASS,PASS
/zh/projects/,工业制造 广东逸仙生物科技高端制造厂房项目 用钢量 约9000吨 查看项目 →,/zh/projects/yixian-biotech-manufacturing/,/zh/projects/yixian-biotech-manufacturing/,True,,True,PASS,PASS
/zh/projects/,商业公共 深圳罗湖万象城商业中心天桥项目 用钢量 约500吨 查看项目 →,/zh/projects/luohu-mixc-skybridge/,/zh/projects/luohu-mixc-skybridge/,True,,True,PASS,PASS
/zh/projects/,石化能源 中海油PR6管廊4-SS2框架项目 建筑面积 约3万㎡ 跨度 20米 长度 150米 查看项目 →,/zh/projects/cnooc-pr6-pipe-rack/,/zh/projects/cnooc-pr6-pipe-rack/,True,,True,PASS,PASS
/zh/projects/,查看出口交付流程 →,/zh/export-delivery/,/zh/export-delivery/,True,,True,PASS,PASS
/zh/projects/,工业厂房与车间,/zh/steel-workshop/,/zh/steel-workshop/,True,,True,PASS,PASS
/zh/projects/,钢结构仓库,/zh/steel-warehouse/,/zh/steel-warehouse/,True,,True,PASS,PASS
/zh/projects/,钢结构设计深化,/zh/engineering-design/,/zh/engineering-design/,True,,True,PASS,PASS
/zh/projects/,制造与质量控制,/zh/manufacturing-quality/,/zh/manufacturing-quality/,True,,True,PASS,PASS
/zh/projects/,出口交付,/zh/export-delivery/,/zh/export-delivery/,True,,True,PASS,PASS
/zh/projects/,构件与材料,/zh/components/,/zh/components/,True,,True,PASS,PASS
/zh/projects/,关于中赛,/zh/about/,/zh/about/,True,,True,PASS,PASS
/zh/projects/,项目案例,/zh/projects/,/zh/projects/,True,,True,PASS,PASS
/zh/projects/,联系我们,/zh/contact/,/zh/contact/,True,,True,PASS,PASS
/zh/projects/,隐私政策,/zh/privacy/,/zh/privacy/,True,,True,PASS,PASS
/zh/projects/,使用条款,/zh/terms/,/zh/terms/,True,,True,PASS,PASS
/zh/projects/luohu-mixc-skybridge/,,/zh/,/zh/,True,,True,PASS,PASS
/zh/projects/luohu-mixc-skybridge/,首页,/zh/,/zh/,True,,True,PASS,PASS
/zh/projects/luohu-mixc-skybridge/,产品,/zh/products/,/zh/products/,True,,True,PASS,PASS
/zh/projects/luohu-mixc-skybridge/,构件与材料,/zh/components/,/zh/components/,True,,True,PASS,PASS
/zh/projects/luohu-mixc-skybridge/,项目案例,/zh/projects/,/zh/projects/,True,,True,PASS,PASS
/zh/projects/luohu-mixc-skybridge/,制造能力,/zh/manufacturing-quality/,/zh/manufacturing-quality/,True,,True,PASS,PASS
/zh/projects/luohu-mixc-skybridge/,关于中赛,/zh/about/,/zh/about/,True,,True,PASS,PASS
/zh/projects/luohu-mixc-skybridge/,English,/en/projects/luohu-mixc-skybridge/,/en/projects/luohu-mixc-skybridge/,True,,True,PASS,PASS
/zh/projects/luohu-mixc-skybridge/,获取报价,/zh/contact/#quote-form,/zh/contact/,True,quote-form,True,PASS,PASS
/zh/projects/luohu-mixc-skybridge/,首页,/zh/,/zh/,True,,True,PASS,PASS
/zh/projects/luohu-mixc-skybridge/,产品,/zh/products/,/zh/products/,True,,True,PASS,PASS
/zh/projects/luohu-mixc-skybridge/,构件与材料,/zh/components/,/zh/components/,True,,True,PASS,PASS
/zh/projects/luohu-mixc-skybridge/,项目案例,/zh/projects/,/zh/projects/,True,,True,PASS,PASS
/zh/projects/luohu-mixc-skybridge/,制造能力,/zh/manufacturing-quality/,/zh/manufacturing-quality/,True,,True,PASS,PASS
/zh/projects/luohu-mixc-skybridge/,关于中赛,/zh/about/,/zh/about/,True,,True,PASS,PASS
/zh/projects/luohu-mixc-skybridge/,联系我们,/zh/contact/,/zh/contact/,True,,True,PASS,PASS
/zh/projects/luohu-mixc-skybridge/,English,/en/projects/luohu-mixc-skybridge/,/en/projects/luohu-mixc-skybridge/,True,,True,PASS,PASS
/zh/projects/luohu-mixc-skybridge/,获取报价,/zh/contact/#quote-form,/zh/contact/,True,quote-form,True,PASS,PASS
/zh/projects/luohu-mixc-skybridge/,首页,/zh/,/zh/,True,,True,PASS,PASS
/zh/projects/luohu-mixc-skybridge/,项目案例,/zh/projects,/zh/projects,True,,True,PASS,PASS
/zh/projects/luohu-mixc-skybridge/,定制加工 →,/zh/products/custom-engineering/,/zh/products/custom-engineering/,True,,True,PASS,PASS
/zh/projects/luohu-mixc-skybridge/,钢梁钢柱 →,/zh/components/fabricated-steel-beams-columns/,/zh/components/fabricated-steel-beams-columns/,True,,True,PASS,PASS
/zh/projects/luohu-mixc-skybridge/,提交项目需求,/zh/contact/#quote-form,/zh/contact/,True,quote-form,True,PASS,PASS
/zh/projects/luohu-mixc-skybridge/,工业厂房与车间,/zh/steel-workshop/,/zh/steel-workshop/,True,,True,PASS,PASS
/zh/projects/luohu-mixc-skybridge/,钢结构仓库,/zh/steel-warehouse/,/zh/steel-warehouse/,True,,True,PASS,PASS
/zh/projects/luohu-mixc-skybridge/,钢结构设计深化,/zh/engineering-design/,/zh/engineering-design/,True,,True,PASS,PASS
/zh/projects/luohu-mixc-skybridge/,制造与质量控制,/zh/manufacturing-quality/,/zh/manufacturing-quality/,True,,True,PASS,PASS
/zh/projects/luohu-mixc-skybridge/,出口交付,/zh/export-delivery/,/zh/export-delivery/,True,,True,PASS,PASS
/zh/projects/luohu-mixc-skybridge/,构件与材料,/zh/components/,/zh/components/,True,,True,PASS,PASS
/zh/projects/luohu-mixc-skybridge/,关于中赛,/zh/about/,/zh/about/,True,,True,PASS,PASS
/zh/projects/luohu-mixc-skybridge/,项目案例,/zh/projects/,/zh/projects/,True,,True,PASS,PASS
/zh/projects/luohu-mixc-skybridge/,联系我们,/zh/contact/,/zh/contact/,True,,True,PASS,PASS
/zh/projects/luohu-mixc-skybridge/,隐私政策,/zh/privacy/,/zh/privacy/,True,,True,PASS,PASS
/zh/projects/luohu-mixc-skybridge/,使用条款,/zh/terms/,/zh/terms/,True,,True,PASS,PASS
/zh/projects/qianhai-dreamfactory/,,/zh/,/zh/,True,,True,PASS,PASS
/zh/projects/qianhai-dreamfactory/,首页,/zh/,/zh/,True,,True,PASS,PASS
/zh/projects/qianhai-dreamfactory/,产品,/zh/products/,/zh/products/,True,,True,PASS,PASS
/zh/projects/qianhai-dreamfactory/,构件与材料,/zh/components/,/zh/components/,True,,True,PASS,PASS
/zh/projects/qianhai-dreamfactory/,项目案例,/zh/projects/,/zh/projects/,True,,True,PASS,PASS
/zh/projects/qianhai-dreamfactory/,制造能力,/zh/manufacturing-quality/,/zh/manufacturing-quality/,True,,True,PASS,PASS
/zh/projects/qianhai-dreamfactory/,关于中赛,/zh/about/,/zh/about/,True,,True,PASS,PASS
/zh/projects/qianhai-dreamfactory/,English,/en/projects/qianhai-dreamfactory/,/en/projects/qianhai-dreamfactory/,True,,True,PASS,PASS
/zh/projects/qianhai-dreamfactory/,获取报价,/zh/contact/#quote-form,/zh/contact/,True,quote-form,True,PASS,PASS
/zh/projects/qianhai-dreamfactory/,首页,/zh/,/zh/,True,,True,PASS,PASS
/zh/projects/qianhai-dreamfactory/,产品,/zh/products/,/zh/products/,True,,True,PASS,PASS
/zh/projects/qianhai-dreamfactory/,构件与材料,/zh/components/,/zh/components/,True,,True,PASS,PASS
/zh/projects/qianhai-dreamfactory/,项目案例,/zh/projects/,/zh/projects/,True,,True,PASS,PASS
/zh/projects/qianhai-dreamfactory/,制造能力,/zh/manufacturing-quality/,/zh/manufacturing-quality/,True,,True,PASS,PASS
/zh/projects/qianhai-dreamfactory/,关于中赛,/zh/about/,/zh/about/,True,,True,PASS,PASS
/zh/projects/qianhai-dreamfactory/,联系我们,/zh/contact/,/zh/contact/,True,,True,PASS,PASS
/zh/projects/qianhai-dreamfactory/,English,/en/projects/qianhai-dreamfactory/,/en/projects/qianhai-dreamfactory/,True,,True,PASS,PASS
/zh/projects/qianhai-dreamfactory/,获取报价,/zh/contact/#quote-form,/zh/contact/,True,quote-form,True,PASS,PASS
/zh/projects/qianhai-dreamfactory/,首页,/zh/,/zh/,True,,True,PASS,PASS
/zh/projects/qianhai-dreamfactory/,项目案例,/zh/projects,/zh/projects,True,,True,PASS,PASS
/zh/projects/qianhai-dreamfactory/,工业厂房 →,/zh/steel-workshop/,/zh/steel-workshop/,True,,True,PASS,PASS
/zh/projects/qianhai-dreamfactory/,制造能力 →,/zh/manufacturing-quality/,/zh/manufacturing-quality/,True,,True,PASS,PASS
/zh/projects/qianhai-dreamfactory/,提交项目需求,/zh/contact/#quote-form,/zh/contact/,True,quote-form,True,PASS,PASS
/zh/projects/qianhai-dreamfactory/,工业厂房与车间,/zh/steel-workshop/,/zh/steel-workshop/,True,,True,PASS,PASS
/zh/projects/qianhai-dreamfactory/,钢结构仓库,/zh/steel-warehouse/,/zh/steel-warehouse/,True,,True,PASS,PASS
/zh/projects/qianhai-dreamfactory/,钢结构设计深化,/zh/engineering-design/,/zh/engineering-design/,True,,True,PASS,PASS
/zh/projects/qianhai-dreamfactory/,制造与质量控制,/zh/manufacturing-quality/,/zh/manufacturing-quality/,True,,True,PASS,PASS
/zh/projects/qianhai-dreamfactory/,出口交付,/zh/export-delivery/,/zh/export-delivery/,True,,True,PASS,PASS
/zh/projects/qianhai-dreamfactory/,构件与材料,/zh/components/,/zh/components/,True,,True,PASS,PASS
/zh/projects/qianhai-dreamfactory/,关于中赛,/zh/about/,/zh/about/,True,,True,PASS,PASS
/zh/projects/qianhai-dreamfactory/,项目案例,/zh/projects/,/zh/projects/,True,,True,PASS,PASS
/zh/projects/qianhai-dreamfactory/,联系我们,/zh/contact/,/zh/contact/,True,,True,PASS,PASS
/zh/projects/qianhai-dreamfactory/,隐私政策,/zh/privacy/,/zh/privacy/,True,,True,PASS,PASS
/zh/projects/qianhai-dreamfactory/,使用条款,/zh/terms/,/zh/terms/,True,,True,PASS,PASS
/zh/projects/shantou-luxshare-electronics-center/,,/zh/,/zh/,True,,True,PASS,PASS
/zh/projects/shantou-luxshare-electronics-center/,首页,/zh/,/zh/,True,,True,PASS,PASS
/zh/projects/shantou-luxshare-electronics-center/,产品,/zh/products/,/zh/products/,True,,True,PASS,PASS
/zh/projects/shantou-luxshare-electronics-center/,构件与材料,/zh/components/,/zh/components/,True,,True,PASS,PASS
/zh/projects/shantou-luxshare-electronics-center/,项目案例,/zh/projects/,/zh/projects/,True,,True,PASS,PASS
/zh/projects/shantou-luxshare-electronics-center/,制造能力,/zh/manufacturing-quality/,/zh/manufacturing-quality/,True,,True,PASS,PASS
/zh/projects/shantou-luxshare-electronics-center/,关于中赛,/zh/about/,/zh/about/,True,,True,PASS,PASS
/zh/projects/shantou-luxshare-electronics-center/,English,/en/projects/shantou-luxshare-electronics-center/,/en/projects/shantou-luxshare-electronics-center/,True,,True,PASS,PASS
/zh/projects/shantou-luxshare-electronics-center/,获取报价,/zh/contact/#quote-form,/zh/contact/,True,quote-form,True,PASS,PASS
/zh/projects/shantou-luxshare-electronics-center/,首页,/zh/,/zh/,True,,True,PASS,PASS
/zh/projects/shantou-luxshare-electronics-center/,产品,/zh/products/,/zh/products/,True,,True,PASS,PASS
/zh/projects/shantou-luxshare-electronics-center/,构件与材料,/zh/components/,/zh/components/,True,,True,PASS,PASS
/zh/projects/shantou-luxshare-electronics-center/,项目案例,/zh/projects/,/zh/projects/,True,,True,PASS,PASS
/zh/projects/shantou-luxshare-electronics-center/,制造能力,/zh/manufacturing-quality/,/zh/manufacturing-quality/,True,,True,PASS,PASS
/zh/projects/shantou-luxshare-electronics-center/,关于中赛,/zh/about/,/zh/about/,True,,True,PASS,PASS
/zh/projects/shantou-luxshare-electronics-center/,联系我们,/zh/contact/,/zh/contact/,True,,True,PASS,PASS
/zh/projects/shantou-luxshare-electronics-center/,English,/en/projects/shantou-luxshare-electronics-center/,/en/projects/shantou-luxshare-electronics-center/,True,,True,PASS,PASS
/zh/projects/shantou-luxshare-electronics-center/,获取报价,/zh/contact/#quote-form,/zh/contact/,True,quote-form,True,PASS,PASS
/zh/projects/shantou-luxshare-electronics-center/,首页,/zh/,/zh/,True,,True,PASS,PASS
/zh/projects/shantou-luxshare-electronics-center/,项目案例,/zh/projects,/zh/projects,True,,True,PASS,PASS
/zh/projects/shantou-luxshare-electronics-center/,工业厂房 →,/zh/steel-workshop/,/zh/steel-workshop/,True,,True,PASS,PASS
/zh/projects/shantou-luxshare-electronics-center/,制造能力 →,/zh/manufacturing-quality/,/zh/manufacturing-quality/,True,,True,PASS,PASS
/zh/projects/shantou-luxshare-electronics-center/,提交项目需求,/zh/contact/#quote-form,/zh/contact/,True,quote-form,True,PASS,PASS
/zh/projects/shantou-luxshare-electronics-center/,工业厂房与车间,/zh/steel-workshop/,/zh/steel-workshop/,True,,True,PASS,PASS
/zh/projects/shantou-luxshare-electronics-center/,钢结构仓库,/zh/steel-warehouse/,/zh/steel-warehouse/,True,,True,PASS,PASS
/zh/projects/shantou-luxshare-electronics-center/,钢结构设计深化,/zh/engineering-design/,/zh/engineering-design/,True,,True,PASS,PASS
/zh/projects/shantou-luxshare-electronics-center/,制造与质量控制,/zh/manufacturing-quality/,/zh/manufacturing-quality/,True,,True,PASS,PASS
/zh/projects/shantou-luxshare-electronics-center/,出口交付,/zh/export-delivery/,/zh/export-delivery/,True,,True,PASS,PASS
/zh/projects/shantou-luxshare-electronics-center/,构件与材料,/zh/components/,/zh/components/,True,,True,PASS,PASS
/zh/projects/shantou-luxshare-electronics-center/,关于中赛,/zh/about/,/zh/about/,True,,True,PASS,PASS
/zh/projects/shantou-luxshare-electronics-center/,项目案例,/zh/projects/,/zh/projects/,True,,True,PASS,PASS
/zh/projects/shantou-luxshare-electronics-center/,联系我们,/zh/contact/,/zh/contact/,True,,True,PASS,PASS
/zh/projects/shantou-luxshare-electronics-center/,隐私政策,/zh/privacy/,/zh/privacy/,True,,True,PASS,PASS
/zh/projects/shantou-luxshare-electronics-center/,使用条款,/zh/terms/,/zh/terms/,True,,True,PASS,PASS
/zh/projects/xiegang-aviation-manufacturing/,,/zh/,/zh/,True,,True,PASS,PASS
/zh/projects/xiegang-aviation-manufacturing/,首页,/zh/,/zh/,True,,True,PASS,PASS
/zh/projects/xiegang-aviation-manufacturing/,产品,/zh/products/,/zh/products/,True,,True,PASS,PASS
/zh/projects/xiegang-aviation-manufacturing/,构件与材料,/zh/components/,/zh/components/,True,,True,PASS,PASS
/zh/projects/xiegang-aviation-manufacturing/,项目案例,/zh/projects/,/zh/projects/,True,,True,PASS,PASS
/zh/projects/xiegang-aviation-manufacturing/,制造能力,/zh/manufacturing-quality/,/zh/manufacturing-quality/,True,,True,PASS,PASS
/zh/projects/xiegang-aviation-manufacturing/,关于中赛,/zh/about/,/zh/about/,True,,True,PASS,PASS
/zh/projects/xiegang-aviation-manufacturing/,English,/en/projects/xiegang-aviation-manufacturing/,/en/projects/xiegang-aviation-manufacturing/,True,,True,PASS,PASS
/zh/projects/xiegang-aviation-manufacturing/,获取报价,/zh/contact/#quote-form,/zh/contact/,True,quote-form,True,PASS,PASS
/zh/projects/xiegang-aviation-manufacturing/,首页,/zh/,/zh/,True,,True,PASS,PASS
/zh/projects/xiegang-aviation-manufacturing/,产品,/zh/products/,/zh/products/,True,,True,PASS,PASS
/zh/projects/xiegang-aviation-manufacturing/,构件与材料,/zh/components/,/zh/components/,True,,True,PASS,PASS
/zh/projects/xiegang-aviation-manufacturing/,项目案例,/zh/projects/,/zh/projects/,True,,True,PASS,PASS
/zh/projects/xiegang-aviation-manufacturing/,制造能力,/zh/manufacturing-quality/,/zh/manufacturing-quality/,True,,True,PASS,PASS
/zh/projects/xiegang-aviation-manufacturing/,关于中赛,/zh/about/,/zh/about/,True,,True,PASS,PASS
/zh/projects/xiegang-aviation-manufacturing/,联系我们,/zh/contact/,/zh/contact/,True,,True,PASS,PASS
/zh/projects/xiegang-aviation-manufacturing/,English,/en/projects/xiegang-aviation-manufacturing/,/en/projects/xiegang-aviation-manufacturing/,True,,True,PASS,PASS
/zh/projects/xiegang-aviation-manufacturing/,获取报价,/zh/contact/#quote-form,/zh/contact/,True,quote-form,True,PASS,PASS
/zh/projects/xiegang-aviation-manufacturing/,首页,/zh/,/zh/,True,,True,PASS,PASS
/zh/projects/xiegang-aviation-manufacturing/,项目案例,/zh/projects,/zh/projects,True,,True,PASS,PASS
/zh/projects/xiegang-aviation-manufacturing/,工业厂房 →,/zh/steel-workshop/,/zh/steel-workshop/,True,,True,PASS,PASS
/zh/projects/xiegang-aviation-manufacturing/,制造能力 →,/zh/manufacturing-quality/,/zh/manufacturing-quality/,True,,True,PASS,PASS
/zh/projects/xiegang-aviation-manufacturing/,提交项目需求,/zh/contact/#quote-form,/zh/contact/,True,quote-form,True,PASS,PASS
/zh/projects/xiegang-aviation-manufacturing/,工业厂房与车间,/zh/steel-workshop/,/zh/steel-workshop/,True,,True,PASS,PASS
/zh/projects/xiegang-aviation-manufacturing/,钢结构仓库,/zh/steel-warehouse/,/zh/steel-warehouse/,True,,True,PASS,PASS
/zh/projects/xiegang-aviation-manufacturing/,钢结构设计深化,/zh/engineering-design/,/zh/engineering-design/,True,,True,PASS,PASS
/zh/projects/xiegang-aviation-manufacturing/,制造与质量控制,/zh/manufacturing-quality/,/zh/manufacturing-quality/,True,,True,PASS,PASS
/zh/projects/xiegang-aviation-manufacturing/,出口交付,/zh/export-delivery/,/zh/export-delivery/,True,,True,PASS,PASS
/zh/projects/xiegang-aviation-manufacturing/,构件与材料,/zh/components/,/zh/components/,True,,True,PASS,PASS
/zh/projects/xiegang-aviation-manufacturing/,关于中赛,/zh/about/,/zh/about/,True,,True,PASS,PASS
/zh/projects/xiegang-aviation-manufacturing/,项目案例,/zh/projects/,/zh/projects/,True,,True,PASS,PASS
/zh/projects/xiegang-aviation-manufacturing/,联系我们,/zh/contact/,/zh/contact/,True,,True,PASS,PASS
/zh/projects/xiegang-aviation-manufacturing/,隐私政策,/zh/privacy/,/zh/privacy/,True,,True,PASS,PASS
/zh/projects/xiegang-aviation-manufacturing/,使用条款,/zh/terms/,/zh/terms/,True,,True,PASS,PASS
/zh/projects/yixian-biotech-manufacturing/,,/zh/,/zh/,True,,True,PASS,PASS
/zh/projects/yixian-biotech-manufacturing/,首页,/zh/,/zh/,True,,True,PASS,PASS
/zh/projects/yixian-biotech-manufacturing/,产品,/zh/products/,/zh/products/,True,,True,PASS,PASS
/zh/projects/yixian-biotech-manufacturing/,构件与材料,/zh/components/,/zh/components/,True,,True,PASS,PASS
/zh/projects/yixian-biotech-manufacturing/,项目案例,/zh/projects/,/zh/projects/,True,,True,PASS,PASS
/zh/projects/yixian-biotech-manufacturing/,制造能力,/zh/manufacturing-quality/,/zh/manufacturing-quality/,True,,True,PASS,PASS
/zh/projects/yixian-biotech-manufacturing/,关于中赛,/zh/about/,/zh/about/,True,,True,PASS,PASS
/zh/projects/yixian-biotech-manufacturing/,English,/en/projects/yixian-biotech-manufacturing/,/en/projects/yixian-biotech-manufacturing/,True,,True,PASS,PASS
/zh/projects/yixian-biotech-manufacturing/,获取报价,/zh/contact/#quote-form,/zh/contact/,True,quote-form,True,PASS,PASS
/zh/projects/yixian-biotech-manufacturing/,首页,/zh/,/zh/,True,,True,PASS,PASS
/zh/projects/yixian-biotech-manufacturing/,产品,/zh/products/,/zh/products/,True,,True,PASS,PASS
/zh/projects/yixian-biotech-manufacturing/,构件与材料,/zh/components/,/zh/components/,True,,True,PASS,PASS
/zh/projects/yixian-biotech-manufacturing/,项目案例,/zh/projects/,/zh/projects/,True,,True,PASS,PASS
/zh/projects/yixian-biotech-manufacturing/,制造能力,/zh/manufacturing-quality/,/zh/manufacturing-quality/,True,,True,PASS,PASS
/zh/projects/yixian-biotech-manufacturing/,关于中赛,/zh/about/,/zh/about/,True,,True,PASS,PASS
/zh/projects/yixian-biotech-manufacturing/,联系我们,/zh/contact/,/zh/contact/,True,,True,PASS,PASS
/zh/projects/yixian-biotech-manufacturing/,English,/en/projects/yixian-biotech-manufacturing/,/en/projects/yixian-biotech-manufacturing/,True,,True,PASS,PASS
/zh/projects/yixian-biotech-manufacturing/,获取报价,/zh/contact/#quote-form,/zh/contact/,True,quote-form,True,PASS,PASS
/zh/projects/yixian-biotech-manufacturing/,首页,/zh/,/zh/,True,,True,PASS,PASS
/zh/projects/yixian-biotech-manufacturing/,项目案例,/zh/projects,/zh/projects,True,,True,PASS,PASS
/zh/projects/yixian-biotech-manufacturing/,工业厂房 →,/zh/steel-workshop/,/zh/steel-workshop/,True,,True,PASS,PASS
/zh/projects/yixian-biotech-manufacturing/,制造能力 →,/zh/manufacturing-quality/,/zh/manufacturing-quality/,True,,True,PASS,PASS
/zh/projects/yixian-biotech-manufacturing/,提交项目需求,/zh/contact/#quote-form,/zh/contact/,True,quote-form,True,PASS,PASS
/zh/projects/yixian-biotech-manufacturing/,工业厂房与车间,/zh/steel-workshop/,/zh/steel-workshop/,True,,True,PASS,PASS
/zh/projects/yixian-biotech-manufacturing/,钢结构仓库,/zh/steel-warehouse/,/zh/steel-warehouse/,True,,True,PASS,PASS
/zh/projects/yixian-biotech-manufacturing/,钢结构设计深化,/zh/engineering-design/,/zh/engineering-design/,True,,True,PASS,PASS
/zh/projects/yixian-biotech-manufacturing/,制造与质量控制,/zh/manufacturing-quality/,/zh/manufacturing-quality/,True,,True,PASS,PASS
/zh/projects/yixian-biotech-manufacturing/,出口交付,/zh/export-delivery/,/zh/export-delivery/,True,,True,PASS,PASS
/zh/projects/yixian-biotech-manufacturing/,构件与材料,/zh/components/,/zh/components/,True,,True,PASS,PASS
/zh/projects/yixian-biotech-manufacturing/,关于中赛,/zh/about/,/zh/about/,True,,True,PASS,PASS
/zh/projects/yixian-biotech-manufacturing/,项目案例,/zh/projects/,/zh/projects/,True,,True,PASS,PASS
/zh/projects/yixian-biotech-manufacturing/,联系我们,/zh/contact/,/zh/contact/,True,,True,PASS,PASS
/zh/projects/yixian-biotech-manufacturing/,隐私政策,/zh/privacy/,/zh/privacy/,True,,True,PASS,PASS
/zh/projects/yixian-biotech-manufacturing/,使用条款,/zh/terms/,/zh/terms/,True,,True,PASS,PASS
/zh/projects/zhanjiang-logistics-port/,,/zh/,/zh/,True,,True,PASS,PASS
/zh/projects/zhanjiang-logistics-port/,首页,/zh/,/zh/,True,,True,PASS,PASS
/zh/projects/zhanjiang-logistics-port/,产品,/zh/products/,/zh/products/,True,,True,PASS,PASS
/zh/projects/zhanjiang-logistics-port/,构件与材料,/zh/components/,/zh/components/,True,,True,PASS,PASS
/zh/projects/zhanjiang-logistics-port/,项目案例,/zh/projects/,/zh/projects/,True,,True,PASS,PASS
/zh/projects/zhanjiang-logistics-port/,制造能力,/zh/manufacturing-quality/,/zh/manufacturing-quality/,True,,True,PASS,PASS
/zh/projects/zhanjiang-logistics-port/,关于中赛,/zh/about/,/zh/about/,True,,True,PASS,PASS
/zh/projects/zhanjiang-logistics-port/,English,/en/projects/zhanjiang-logistics-port/,/en/projects/zhanjiang-logistics-port/,True,,True,PASS,PASS
/zh/projects/zhanjiang-logistics-port/,获取报价,/zh/contact/#quote-form,/zh/contact/,True,quote-form,True,PASS,PASS
/zh/projects/zhanjiang-logistics-port/,首页,/zh/,/zh/,True,,True,PASS,PASS
/zh/projects/zhanjiang-logistics-port/,产品,/zh/products/,/zh/products/,True,,True,PASS,PASS
/zh/projects/zhanjiang-logistics-port/,构件与材料,/zh/components/,/zh/components/,True,,True,PASS,PASS
/zh/projects/zhanjiang-logistics-port/,项目案例,/zh/projects/,/zh/projects/,True,,True,PASS,PASS
/zh/projects/zhanjiang-logistics-port/,制造能力,/zh/manufacturing-quality/,/zh/manufacturing-quality/,True,,True,PASS,PASS
/zh/projects/zhanjiang-logistics-port/,关于中赛,/zh/about/,/zh/about/,True,,True,PASS,PASS
/zh/projects/zhanjiang-logistics-port/,联系我们,/zh/contact/,/zh/contact/,True,,True,PASS,PASS
/zh/projects/zhanjiang-logistics-port/,English,/en/projects/zhanjiang-logistics-port/,/en/projects/zhanjiang-logistics-port/,True,,True,PASS,PASS
/zh/projects/zhanjiang-logistics-port/,获取报价,/zh/contact/#quote-form,/zh/contact/,True,quote-form,True,PASS,PASS
/zh/projects/zhanjiang-logistics-port/,首页,/zh/,/zh/,True,,True,PASS,PASS
/zh/projects/zhanjiang-logistics-port/,项目案例,/zh/projects,/zh/projects,True,,True,PASS,PASS
/zh/projects/zhanjiang-logistics-port/,钢结构仓库 →,/zh/steel-warehouse/,/zh/steel-warehouse/,True,,True,PASS,PASS
/zh/projects/zhanjiang-logistics-port/,制造能力 →,/zh/manufacturing-quality/,/zh/manufacturing-quality/,True,,True,PASS,PASS
/zh/projects/zhanjiang-logistics-port/,提交项目需求,/zh/contact/#quote-form,/zh/contact/,True,quote-form,True,PASS,PASS
/zh/projects/zhanjiang-logistics-port/,工业厂房与车间,/zh/steel-workshop/,/zh/steel-workshop/,True,,True,PASS,PASS
/zh/projects/zhanjiang-logistics-port/,钢结构仓库,/zh/steel-warehouse/,/zh/steel-warehouse/,True,,True,PASS,PASS
/zh/projects/zhanjiang-logistics-port/,钢结构设计深化,/zh/engineering-design/,/zh/engineering-design/,True,,True,PASS,PASS
/zh/projects/zhanjiang-logistics-port/,制造与质量控制,/zh/manufacturing-quality/,/zh/manufacturing-quality/,True,,True,PASS,PASS
/zh/projects/zhanjiang-logistics-port/,出口交付,/zh/export-delivery/,/zh/export-delivery/,True,,True,PASS,PASS
/zh/projects/zhanjiang-logistics-port/,构件与材料,/zh/components/,/zh/components/,True,,True,PASS,PASS
/zh/projects/zhanjiang-logistics-port/,关于中赛,/zh/about/,/zh/about/,True,,True,PASS,PASS
/zh/projects/zhanjiang-logistics-port/,项目案例,/zh/projects/,/zh/projects/,True,,True,PASS,PASS
/zh/projects/zhanjiang-logistics-port/,联系我们,/zh/contact/,/zh/contact/,True,,True,PASS,PASS
/zh/projects/zhanjiang-logistics-port/,隐私政策,/zh/privacy/,/zh/privacy/,True,,True,PASS,PASS
/zh/projects/zhanjiang-logistics-port/,使用条款,/zh/terms/,/zh/terms/,True,,True,PASS,PASS
/zh/services/structural-steel-detailing/,,/zh/,/zh/,True,,True,PASS,PASS
/zh/services/structural-steel-detailing/,首页,/zh/,/zh/,True,,True,PASS,PASS
/zh/services/structural-steel-detailing/,产品,/zh/products/,/zh/products/,True,,True,PASS,PASS
/zh/services/structural-steel-detailing/,构件与材料,/zh/components/,/zh/components/,True,,True,PASS,PASS
/zh/services/structural-steel-detailing/,项目案例,/zh/projects/,/zh/projects/,True,,True,PASS,PASS
/zh/services/structural-steel-detailing/,制造能力,/zh/manufacturing-quality/,/zh/manufacturing-quality/,True,,True,PASS,PASS
/zh/services/structural-steel-detailing/,关于中赛,/zh/about/,/zh/about/,True,,True,PASS,PASS
/zh/services/structural-steel-detailing/,English,/en/services/structural-steel-detailing/,/en/services/structural-steel-detailing/,True,,True,PASS,PASS
/zh/services/structural-steel-detailing/,获取报价,/zh/contact/#quote-form,/zh/contact/,True,quote-form,True,PASS,PASS
/zh/services/structural-steel-detailing/,首页,/zh/,/zh/,True,,True,PASS,PASS
/zh/services/structural-steel-detailing/,产品,/zh/products/,/zh/products/,True,,True,PASS,PASS
/zh/services/structural-steel-detailing/,构件与材料,/zh/components/,/zh/components/,True,,True,PASS,PASS
/zh/services/structural-steel-detailing/,项目案例,/zh/projects/,/zh/projects/,True,,True,PASS,PASS
/zh/services/structural-steel-detailing/,制造能力,/zh/manufacturing-quality/,/zh/manufacturing-quality/,True,,True,PASS,PASS
/zh/services/structural-steel-detailing/,关于中赛,/zh/about/,/zh/about/,True,,True,PASS,PASS
/zh/services/structural-steel-detailing/,联系我们,/zh/contact/,/zh/contact/,True,,True,PASS,PASS
/zh/services/structural-steel-detailing/,English,/en/services/structural-steel-detailing/,/en/services/structural-steel-detailing/,True,,True,PASS,PASS
/zh/services/structural-steel-detailing/,获取报价,/zh/contact/#quote-form,/zh/contact/,True,quote-form,True,PASS,PASS
/zh/services/structural-steel-detailing/,提交图纸进行审核,#quote,/zh/services/structural-steel-detailing/,True,quote,True,PASS,PASS
/zh/services/structural-steel-detailing/,查看定制加工,/zh/products/custom-engineering/,/zh/products/custom-engineering/,True,,True,PASS,PASS
/zh/services/structural-steel-detailing/,首页,/zh/,/zh/,True,,True,PASS,PASS
/zh/services/structural-steel-detailing/,从工程设计开始 →,/zh/engineering-design/,/zh/engineering-design/,True,,True,PASS,PASS
/zh/services/structural-steel-detailing/,查看深化设计支持 →,/zh/services/structural-steel-detailing/,/zh/services/structural-steel-detailing/,True,,True,PASS,PASS
/zh/services/structural-steel-detailing/,发送图纸进行加工评估 →,/zh/products/custom-engineering/,/zh/products/custom-engineering/,True,,True,PASS,PASS
/zh/services/structural-steel-detailing/,定制工程与加工 基于项目图纸和BOQ的钢结构加工 查看详情 →,/zh/products/custom-engineering/,/zh/products/custom-engineering/,True,,True,PASS,PASS
/zh/services/structural-steel-detailing/,制造与质量控制 8步制造流程和质量控制 查看详情 →,/zh/manufacturing-quality/,/zh/manufacturing-quality/,True,,True,PASS,PASS
/zh/services/structural-steel-detailing/,构件与材料 钢梁、钢柱、桁架、檩条和围护系统 查看详情 →,/zh/components/,/zh/components/,True,,True,PASS,PASS
/zh/services/structural-steel-detailing/,钢梁与钢柱 按项目图纸定制加工的钢梁与钢柱 查看详情 →,/zh/components/fabricated-steel-beams-columns/,/zh/components/fabricated-steel-beams-columns/,True,,True,PASS,PASS
/zh/services/structural-steel-detailing/,工业厂房与车间,/zh/steel-workshop/,/zh/steel-workshop/,True,,True,PASS,PASS
/zh/services/structural-steel-detailing/,钢结构仓库,/zh/steel-warehouse/,/zh/steel-warehouse/,True,,True,PASS,PASS
/zh/services/structural-steel-detailing/,钢结构设计深化,/zh/engineering-design/,/zh/engineering-design/,True,,True,PASS,PASS
/zh/services/structural-steel-detailing/,制造与质量控制,/zh/manufacturing-quality/,/zh/manufacturing-quality/,True,,True,PASS,PASS
/zh/services/structural-steel-detailing/,出口交付,/zh/export-delivery/,/zh/export-delivery/,True,,True,PASS,PASS
/zh/services/structural-steel-detailing/,构件与材料,/zh/components/,/zh/components/,True,,True,PASS,PASS
/zh/services/structural-steel-detailing/,关于中赛,/zh/about/,/zh/about/,True,,True,PASS,PASS
/zh/services/structural-steel-detailing/,项目案例,/zh/projects/,/zh/projects/,True,,True,PASS,PASS
/zh/services/structural-steel-detailing/,联系我们,/zh/contact/,/zh/contact/,True,,True,PASS,PASS
/zh/services/structural-steel-detailing/,隐私政策,/zh/privacy/,/zh/privacy/,True,,True,PASS,PASS
/zh/services/structural-steel-detailing/,使用条款,/zh/terms/,/zh/terms/,True,,True,PASS,PASS
/zh/solutions/,,/zh/,/zh/,True,,True,PASS,PASS
/zh/solutions/,首页,/zh/,/zh/,True,,True,PASS,PASS
/zh/solutions/,产品,/zh/products/,/zh/products/,True,,True,PASS,PASS
/zh/solutions/,构件与材料,/zh/components/,/zh/components/,True,,True,PASS,PASS
/zh/solutions/,项目案例,/zh/projects/,/zh/projects/,True,,True,PASS,PASS
/zh/solutions/,制造能力,/zh/manufacturing-quality/,/zh/manufacturing-quality/,True,,True,PASS,PASS
/zh/solutions/,关于中赛,/zh/about/,/zh/about/,True,,True,PASS,PASS
/zh/solutions/,English,/en/solutions/,/en/solutions/,True,,True,PASS,PASS
/zh/solutions/,获取报价,/zh/contact/#quote-form,/zh/contact/,True,quote-form,True,PASS,PASS
/zh/solutions/,首页,/zh/,/zh/,True,,True,PASS,PASS
/zh/solutions/,产品,/zh/products/,/zh/products/,True,,True,PASS,PASS
/zh/solutions/,构件与材料,/zh/components/,/zh/components/,True,,True,PASS,PASS
/zh/solutions/,项目案例,/zh/projects/,/zh/projects/,True,,True,PASS,PASS
/zh/solutions/,制造能力,/zh/manufacturing-quality/,/zh/manufacturing-quality/,True,,True,PASS,PASS
/zh/solutions/,关于中赛,/zh/about/,/zh/about/,True,,True,PASS,PASS
/zh/solutions/,联系我们,/zh/contact/,/zh/contact/,True,,True,PASS,PASS
/zh/solutions/,English,/en/solutions/,/en/solutions/,True,,True,PASS,PASS
/zh/solutions/,获取报价,/zh/contact/#quote-form,/zh/contact/,True,quote-form,True,PASS,PASS
/zh/solutions/,返回首页,/zh/,/zh/,True,,True,PASS,PASS
/zh/solutions/,联系我们,/zh/contact/,/zh/contact/,True,,True,PASS,PASS
/zh/solutions/,工业厂房与车间,/zh/steel-workshop/,/zh/steel-workshop/,True,,True,PASS,PASS
/zh/solutions/,钢结构仓库,/zh/steel-warehouse/,/zh/steel-warehouse/,True,,True,PASS,PASS
/zh/solutions/,钢结构设计深化,/zh/engineering-design/,/zh/engineering-design/,True,,True,PASS,PASS
/zh/solutions/,制造与质量控制,/zh/manufacturing-quality/,/zh/manufacturing-quality/,True,,True,PASS,PASS
/zh/solutions/,出口交付,/zh/export-delivery/,/zh/export-delivery/,True,,True,PASS,PASS
/zh/solutions/,构件与材料,/zh/components/,/zh/components/,True,,True,PASS,PASS
/zh/solutions/,关于中赛,/zh/about/,/zh/about/,True,,True,PASS,PASS
/zh/solutions/,项目案例,/zh/projects/,/zh/projects/,True,,True,PASS,PASS
/zh/solutions/,联系我们,/zh/contact/,/zh/contact/,True,,True,PASS,PASS
/zh/solutions/,隐私政策,/zh/privacy/,/zh/privacy/,True,,True,PASS,PASS
/zh/solutions/,使用条款,/zh/terms/,/zh/terms/,True,,True,PASS,PASS
/zh/steel-mining-factory/,,/zh/,/zh/,True,,True,PASS,PASS
/zh/steel-mining-factory/,首页,/zh/,/zh/,True,,True,PASS,PASS
/zh/steel-mining-factory/,产品,/zh/products/,/zh/products/,True,,True,PASS,PASS
/zh/steel-mining-factory/,构件与材料,/zh/components/,/zh/components/,True,,True,PASS,PASS
/zh/steel-mining-factory/,项目案例,/zh/projects/,/zh/projects/,True,,True,PASS,PASS
/zh/steel-mining-factory/,制造能力,/zh/manufacturing-quality/,/zh/manufacturing-quality/,True,,True,PASS,PASS
/zh/steel-mining-factory/,关于中赛,/zh/about/,/zh/about/,True,,True,PASS,PASS
/zh/steel-mining-factory/,English,/en/steel-mining-factory/,/en/steel-mining-factory/,True,,True,PASS,PASS
/zh/steel-mining-factory/,获取报价,/zh/contact/#quote-form,/zh/contact/,True,quote-form,True,PASS,PASS
/zh/steel-mining-factory/,首页,/zh/,/zh/,True,,True,PASS,PASS
/zh/steel-mining-factory/,产品,/zh/products/,/zh/products/,True,,True,PASS,PASS
/zh/steel-mining-factory/,构件与材料,/zh/components/,/zh/components/,True,,True,PASS,PASS
/zh/steel-mining-factory/,项目案例,/zh/projects/,/zh/projects/,True,,True,PASS,PASS
/zh/steel-mining-factory/,制造能力,/zh/manufacturing-quality/,/zh/manufacturing-quality/,True,,True,PASS,PASS
/zh/steel-mining-factory/,关于中赛,/zh/about/,/zh/about/,True,,True,PASS,PASS
/zh/steel-mining-factory/,联系我们,/zh/contact/,/zh/contact/,True,,True,PASS,PASS
/zh/steel-mining-factory/,English,/en/steel-mining-factory/,/en/steel-mining-factory/,True,,True,PASS,PASS
/zh/steel-mining-factory/,获取报价,/zh/contact/#quote-form,/zh/contact/,True,quote-form,True,PASS,PASS
/zh/steel-mining-factory/,获取项目报价,#quote,/zh/steel-mining-factory/,True,quote,True,PASS,PASS
/zh/steel-mining-factory/,查看全部产品,/zh/products/,/zh/products/,True,,True,PASS,PASS
/zh/steel-mining-factory/,首页,/zh/,/zh/,True,,True,PASS,PASS
/zh/steel-mining-factory/,产品,/zh/products/,/zh/products/,True,,True,PASS,PASS
/zh/steel-mining-factory/,查看制造能力,/zh/manufacturing-quality/,/zh/manufacturing-quality/,True,,True,PASS,PASS
/zh/steel-mining-factory/,查看按图定制加工,/zh/products/custom-engineering/,/zh/products/custom-engineering/,True,,True,PASS,PASS
/zh/steel-mining-factory/,查看出口交付流程,/zh/export-delivery/,/zh/export-delivery/,True,,True,PASS,PASS
/zh/steel-mining-factory/,工业厂房与车间,/zh/steel-workshop/,/zh/steel-workshop/,True,,True,PASS,PASS
/zh/steel-mining-factory/,钢结构仓库,/zh/steel-warehouse/,/zh/steel-warehouse/,True,,True,PASS,PASS
/zh/steel-mining-factory/,钢结构设计深化,/zh/engineering-design/,/zh/engineering-design/,True,,True,PASS,PASS
/zh/steel-mining-factory/,制造与质量控制,/zh/manufacturing-quality/,/zh/manufacturing-quality/,True,,True,PASS,PASS
/zh/steel-mining-factory/,出口交付,/zh/export-delivery/,/zh/export-delivery/,True,,True,PASS,PASS
/zh/steel-mining-factory/,构件与材料,/zh/components/,/zh/components/,True,,True,PASS,PASS
/zh/steel-mining-factory/,关于中赛,/zh/about/,/zh/about/,True,,True,PASS,PASS
/zh/steel-mining-factory/,项目案例,/zh/projects/,/zh/projects/,True,,True,PASS,PASS
/zh/steel-mining-factory/,联系我们,/zh/contact/,/zh/contact/,True,,True,PASS,PASS
/zh/steel-mining-factory/,隐私政策,/zh/privacy/,/zh/privacy/,True,,True,PASS,PASS
/zh/steel-mining-factory/,使用条款,/zh/terms/,/zh/terms/,True,,True,PASS,PASS
/zh/steel-supermarket-mall/,,/zh/,/zh/,True,,True,PASS,PASS
/zh/steel-supermarket-mall/,首页,/zh/,/zh/,True,,True,PASS,PASS
/zh/steel-supermarket-mall/,产品,/zh/products/,/zh/products/,True,,True,PASS,PASS
/zh/steel-supermarket-mall/,构件与材料,/zh/components/,/zh/components/,True,,True,PASS,PASS
/zh/steel-supermarket-mall/,项目案例,/zh/projects/,/zh/projects/,True,,True,PASS,PASS
/zh/steel-supermarket-mall/,制造能力,/zh/manufacturing-quality/,/zh/manufacturing-quality/,True,,True,PASS,PASS
/zh/steel-supermarket-mall/,关于中赛,/zh/about/,/zh/about/,True,,True,PASS,PASS
/zh/steel-supermarket-mall/,English,/en/steel-supermarket-mall/,/en/steel-supermarket-mall/,True,,True,PASS,PASS
/zh/steel-supermarket-mall/,获取报价,/zh/contact/#quote-form,/zh/contact/,True,quote-form,True,PASS,PASS
/zh/steel-supermarket-mall/,首页,/zh/,/zh/,True,,True,PASS,PASS
/zh/steel-supermarket-mall/,产品,/zh/products/,/zh/products/,True,,True,PASS,PASS
/zh/steel-supermarket-mall/,构件与材料,/zh/components/,/zh/components/,True,,True,PASS,PASS
/zh/steel-supermarket-mall/,项目案例,/zh/projects/,/zh/projects/,True,,True,PASS,PASS
/zh/steel-supermarket-mall/,制造能力,/zh/manufacturing-quality/,/zh/manufacturing-quality/,True,,True,PASS,PASS
/zh/steel-supermarket-mall/,关于中赛,/zh/about/,/zh/about/,True,,True,PASS,PASS
/zh/steel-supermarket-mall/,联系我们,/zh/contact/,/zh/contact/,True,,True,PASS,PASS
/zh/steel-supermarket-mall/,English,/en/steel-supermarket-mall/,/en/steel-supermarket-mall/,True,,True,PASS,PASS
/zh/steel-supermarket-mall/,获取报价,/zh/contact/#quote-form,/zh/contact/,True,quote-form,True,PASS,PASS
/zh/steel-supermarket-mall/,返回首页,/zh/,/zh/,True,,True,PASS,PASS
/zh/steel-supermarket-mall/,联系我们,/zh/contact/,/zh/contact/,True,,True,PASS,PASS
/zh/steel-supermarket-mall/,工业厂房与车间,/zh/steel-workshop/,/zh/steel-workshop/,True,,True,PASS,PASS
/zh/steel-supermarket-mall/,钢结构仓库,/zh/steel-warehouse/,/zh/steel-warehouse/,True,,True,PASS,PASS
/zh/steel-supermarket-mall/,钢结构设计深化,/zh/engineering-design/,/zh/engineering-design/,True,,True,PASS,PASS
/zh/steel-supermarket-mall/,制造与质量控制,/zh/manufacturing-quality/,/zh/manufacturing-quality/,True,,True,PASS,PASS
/zh/steel-supermarket-mall/,出口交付,/zh/export-delivery/,/zh/export-delivery/,True,,True,PASS,PASS
/zh/steel-supermarket-mall/,构件与材料,/zh/components/,/zh/components/,True,,True,PASS,PASS
/zh/steel-supermarket-mall/,关于中赛,/zh/about/,/zh/about/,True,,True,PASS,PASS
/zh/steel-supermarket-mall/,项目案例,/zh/projects/,/zh/projects/,True,,True,PASS,PASS
/zh/steel-supermarket-mall/,联系我们,/zh/contact/,/zh/contact/,True,,True,PASS,PASS
/zh/steel-supermarket-mall/,隐私政策,/zh/privacy/,/zh/privacy/,True,,True,PASS,PASS
/zh/steel-supermarket-mall/,使用条款,/zh/terms/,/zh/terms/,True,,True,PASS,PASS
/zh/steel-warehouse/,,/zh/,/zh/,True,,True,PASS,PASS
/zh/steel-warehouse/,首页,/zh/,/zh/,True,,True,PASS,PASS
/zh/steel-warehouse/,产品,/zh/products/,/zh/products/,True,,True,PASS,PASS
/zh/steel-warehouse/,构件与材料,/zh/components/,/zh/components/,True,,True,PASS,PASS
/zh/steel-warehouse/,项目案例,/zh/projects/,/zh/projects/,True,,True,PASS,PASS
/zh/steel-warehouse/,制造能力,/zh/manufacturing-quality/,/zh/manufacturing-quality/,True,,True,PASS,PASS
/zh/steel-warehouse/,关于中赛,/zh/about/,/zh/about/,True,,True,PASS,PASS
/zh/steel-warehouse/,English,/en/steel-warehouse/,/en/steel-warehouse/,True,,True,PASS,PASS
/zh/steel-warehouse/,获取报价,/zh/contact/#quote-form,/zh/contact/,True,quote-form,True,PASS,PASS
/zh/steel-warehouse/,首页,/zh/,/zh/,True,,True,PASS,PASS
/zh/steel-warehouse/,产品,/zh/products/,/zh/products/,True,,True,PASS,PASS
/zh/steel-warehouse/,构件与材料,/zh/components/,/zh/components/,True,,True,PASS,PASS
/zh/steel-warehouse/,项目案例,/zh/projects/,/zh/projects/,True,,True,PASS,PASS
/zh/steel-warehouse/,制造能力,/zh/manufacturing-quality/,/zh/manufacturing-quality/,True,,True,PASS,PASS
/zh/steel-warehouse/,关于中赛,/zh/about/,/zh/about/,True,,True,PASS,PASS
/zh/steel-warehouse/,联系我们,/zh/contact/,/zh/contact/,True,,True,PASS,PASS
/zh/steel-warehouse/,English,/en/steel-warehouse/,/en/steel-warehouse/,True,,True,PASS,PASS
/zh/steel-warehouse/,获取报价,/zh/contact/#quote-form,/zh/contact/,True,quote-form,True,PASS,PASS
/zh/steel-warehouse/,获取项目报价,#quote,/zh/steel-warehouse/,True,quote,True,PASS,PASS
/zh/steel-warehouse/,查看全部产品,/zh/products/,/zh/products/,True,,True,PASS,PASS
/zh/steel-warehouse/,首页,/zh/,/zh/,True,,True,PASS,PASS
/zh/steel-warehouse/,产品,/zh/products/,/zh/products/,True,,True,PASS,PASS
/zh/steel-warehouse/,查看围护系统,/zh/components/roof-wall-cladding-systems/,/zh/components/roof-wall-cladding-systems/,True,,True,PASS,PASS
/zh/steel-warehouse/,查看制造能力,/zh/manufacturing-quality/,/zh/manufacturing-quality/,True,,True,PASS,PASS
/zh/steel-warehouse/,查看构件与材料,/zh/components/,/zh/components/,True,,True,PASS,PASS
/zh/steel-warehouse/,工业厂房与车间,/zh/steel-workshop/,/zh/steel-workshop/,True,,True,PASS,PASS
/zh/steel-warehouse/,钢结构仓库,/zh/steel-warehouse/,/zh/steel-warehouse/,True,,True,PASS,PASS
/zh/steel-warehouse/,钢结构设计深化,/zh/engineering-design/,/zh/engineering-design/,True,,True,PASS,PASS
/zh/steel-warehouse/,制造与质量控制,/zh/manufacturing-quality/,/zh/manufacturing-quality/,True,,True,PASS,PASS
/zh/steel-warehouse/,出口交付,/zh/export-delivery/,/zh/export-delivery/,True,,True,PASS,PASS
/zh/steel-warehouse/,构件与材料,/zh/components/,/zh/components/,True,,True,PASS,PASS
/zh/steel-warehouse/,关于中赛,/zh/about/,/zh/about/,True,,True,PASS,PASS
/zh/steel-warehouse/,项目案例,/zh/projects/,/zh/projects/,True,,True,PASS,PASS
/zh/steel-warehouse/,联系我们,/zh/contact/,/zh/contact/,True,,True,PASS,PASS
/zh/steel-warehouse/,隐私政策,/zh/privacy/,/zh/privacy/,True,,True,PASS,PASS
/zh/steel-warehouse/,使用条款,/zh/terms/,/zh/terms/,True,,True,PASS,PASS
/zh/steel-workshop/,,/zh/,/zh/,True,,True,PASS,PASS
/zh/steel-workshop/,首页,/zh/,/zh/,True,,True,PASS,PASS
/zh/steel-workshop/,产品,/zh/products/,/zh/products/,True,,True,PASS,PASS
/zh/steel-workshop/,构件与材料,/zh/components/,/zh/components/,True,,True,PASS,PASS
/zh/steel-workshop/,项目案例,/zh/projects/,/zh/projects/,True,,True,PASS,PASS
/zh/steel-workshop/,制造能力,/zh/manufacturing-quality/,/zh/manufacturing-quality/,True,,True,PASS,PASS
/zh/steel-workshop/,关于中赛,/zh/about/,/zh/about/,True,,True,PASS,PASS
/zh/steel-workshop/,English,/en/steel-workshop/,/en/steel-workshop/,True,,True,PASS,PASS
/zh/steel-workshop/,获取报价,/zh/contact/#quote-form,/zh/contact/,True,quote-form,True,PASS,PASS
/zh/steel-workshop/,首页,/zh/,/zh/,True,,True,PASS,PASS
/zh/steel-workshop/,产品,/zh/products/,/zh/products/,True,,True,PASS,PASS
/zh/steel-workshop/,构件与材料,/zh/components/,/zh/components/,True,,True,PASS,PASS
/zh/steel-workshop/,项目案例,/zh/projects/,/zh/projects/,True,,True,PASS,PASS
/zh/steel-workshop/,制造能力,/zh/manufacturing-quality/,/zh/manufacturing-quality/,True,,True,PASS,PASS
/zh/steel-workshop/,关于中赛,/zh/about/,/zh/about/,True,,True,PASS,PASS
/zh/steel-workshop/,联系我们,/zh/contact/,/zh/contact/,True,,True,PASS,PASS
/zh/steel-workshop/,English,/en/steel-workshop/,/en/steel-workshop/,True,,True,PASS,PASS
/zh/steel-workshop/,获取报价,/zh/contact/#quote-form,/zh/contact/,True,quote-form,True,PASS,PASS
/zh/steel-workshop/,获取项目报价,#quote,/zh/steel-workshop/,True,quote,True,PASS,PASS
/zh/steel-workshop/,查看全部产品,/zh/products/,/zh/products/,True,,True,PASS,PASS
/zh/steel-workshop/,首页,/zh/,/zh/,True,,True,PASS,PASS
/zh/steel-workshop/,产品,/zh/products/,/zh/products/,True,,True,PASS,PASS
/zh/steel-workshop/,查看制造能力,/zh/manufacturing-quality/,/zh/manufacturing-quality/,True,,True,PASS,PASS
/zh/steel-workshop/,钢梁钢柱构件,/zh/components/fabricated-steel-beams-columns/,/zh/components/fabricated-steel-beams-columns/,True,,True,PASS,PASS
/zh/steel-workshop/,查看围护系统,/zh/components/roof-wall-cladding-systems/,/zh/components/roof-wall-cladding-systems/,True,,True,PASS,PASS
/zh/steel-workshop/,工业厂房与车间,/zh/steel-workshop/,/zh/steel-workshop/,True,,True,PASS,PASS
/zh/steel-workshop/,钢结构仓库,/zh/steel-warehouse/,/zh/steel-warehouse/,True,,True,PASS,PASS
/zh/steel-workshop/,钢结构设计深化,/zh/engineering-design/,/zh/engineering-design/,True,,True,PASS,PASS
/zh/steel-workshop/,制造与质量控制,/zh/manufacturing-quality/,/zh/manufacturing-quality/,True,,True,PASS,PASS
/zh/steel-workshop/,出口交付,/zh/export-delivery/,/zh/export-delivery/,True,,True,PASS,PASS
/zh/steel-workshop/,构件与材料,/zh/components/,/zh/components/,True,,True,PASS,PASS
/zh/steel-workshop/,关于中赛,/zh/about/,/zh/about/,True,,True,PASS,PASS
/zh/steel-workshop/,项目案例,/zh/projects/,/zh/projects/,True,,True,PASS,PASS
/zh/steel-workshop/,联系我们,/zh/contact/,/zh/contact/,True,,True,PASS,PASS
/zh/steel-workshop/,隐私政策,/zh/privacy/,/zh/privacy/,True,,True,PASS,PASS
/zh/steel-workshop/,使用条款,/zh/terms/,/zh/terms/,True,,True,PASS,PASS
/zh/terms/,,/zh/,/zh/,True,,True,PASS,PASS
/zh/terms/,首页,/zh/,/zh/,True,,True,PASS,PASS
/zh/terms/,产品,/zh/products/,/zh/products/,True,,True,PASS,PASS
/zh/terms/,构件与材料,/zh/components/,/zh/components/,True,,True,PASS,PASS
/zh/terms/,项目案例,/zh/projects/,/zh/projects/,True,,True,PASS,PASS
/zh/terms/,制造能力,/zh/manufacturing-quality/,/zh/manufacturing-quality/,True,,True,PASS,PASS
/zh/terms/,关于中赛,/zh/about/,/zh/about/,True,,True,PASS,PASS
/zh/terms/,English,/en/terms/,/en/terms/,True,,True,PASS,PASS
/zh/terms/,获取报价,/zh/contact/#quote-form,/zh/contact/,True,quote-form,True,PASS,PASS
/zh/terms/,首页,/zh/,/zh/,True,,True,PASS,PASS
/zh/terms/,产品,/zh/products/,/zh/products/,True,,True,PASS,PASS
/zh/terms/,构件与材料,/zh/components/,/zh/components/,True,,True,PASS,PASS
/zh/terms/,项目案例,/zh/projects/,/zh/projects/,True,,True,PASS,PASS
/zh/terms/,制造能力,/zh/manufacturing-quality/,/zh/manufacturing-quality/,True,,True,PASS,PASS
/zh/terms/,关于中赛,/zh/about/,/zh/about/,True,,True,PASS,PASS
/zh/terms/,联系我们,/zh/contact/,/zh/contact/,True,,True,PASS,PASS
/zh/terms/,English,/en/terms/,/en/terms/,True,,True,PASS,PASS
/zh/terms/,获取报价,/zh/contact/#quote-form,/zh/contact/,True,quote-form,True,PASS,PASS
/zh/terms/,首页,/zh/,/zh/,True,,True,PASS,PASS
/zh/terms/,网站用途,#website-purpose,/zh/terms/,True,website-purpose,True,PASS,PASS
/zh/terms/,项目信息与报价,#project-info,/zh/terms/,True,project-info,True,PASS,PASS
/zh/terms/,技术信息,#technical-info,/zh/terms/,True,technical-info,True,PASS,PASS
/zh/terms/,图纸及上传资料,#drawings,/zh/terms/,True,drawings,True,PASS,PASS
/zh/terms/,供应范围,#supply-scope,/zh/terms/,True,supply-scope,True,PASS,PASS
/zh/terms/,当地施工责任,#local-construction,/zh/terms/,True,local-construction,True,PASS,PASS
/zh/terms/,知识产权,#ip,/zh/terms/,True,ip,True,PASS,PASS
/zh/terms/,第三方链接,#third-party,/zh/terms/,True,third-party,True,PASS,PASS
/zh/terms/,网站可用性,#availability,/zh/terms/,True,availability,True,PASS,PASS
/zh/terms/,网站信息范围,#limitation,/zh/terms/,True,limitation,True,PASS,PASS
/zh/terms/,条款更新,#changes,/zh/terms/,True,changes,True,PASS,PASS
/zh/terms/,联系我们,#contact,/zh/terms/,True,contact,True,PASS,PASS
/zh/terms/,项目询盘表单,/zh/contact/,/zh/contact/,True,,True,PASS,PASS
/zh/terms/,工业厂房与车间,/zh/steel-workshop/,/zh/steel-workshop/,True,,True,PASS,PASS
/zh/terms/,钢结构仓库,/zh/steel-warehouse/,/zh/steel-warehouse/,True,,True,PASS,PASS
/zh/terms/,钢结构设计深化,/zh/engineering-design/,/zh/engineering-design/,True,,True,PASS,PASS
/zh/terms/,制造与质量控制,/zh/manufacturing-quality/,/zh/manufacturing-quality/,True,,True,PASS,PASS
/zh/terms/,出口交付,/zh/export-delivery/,/zh/export-delivery/,True,,True,PASS,PASS
/zh/terms/,构件与材料,/zh/components/,/zh/components/,True,,True,PASS,PASS
/zh/terms/,关于中赛,/zh/about/,/zh/about/,True,,True,PASS,PASS
/zh/terms/,项目案例,/zh/projects/,/zh/projects/,True,,True,PASS,PASS
/zh/terms/,联系我们,/zh/contact/,/zh/contact/,True,,True,PASS,PASS
/zh/terms/,隐私政策,/zh/privacy/,/zh/privacy/,True,,True,PASS,PASS
/zh/terms/,使用条款,/zh/terms/,/zh/terms/,True,,True,PASS,PASS
