old_path,old_url,language,old_title,old_h1,page_type,migration_action,new_path,new_url,reason,confidence,priority,launch_blocker,search_evidence,commercial_intent,business_relevance,content_quality,fact_risk,final_priority,final_action,legacy_preserve,gsc_supported,review_notes
,https://zhongsai-steelstructure.com/,OTHER,中赛钢构｜钢结构设计、深化、制造与全球出口交付,让钢结构项目从图纸走向现场,homepage,301_ONE_TO_ONE,/en/,https://zhongsai-steelstructure.com/en/,ROOT CUTOVER RULE: root / -> /en/ at domain switch (HTTP 301/302). Separate from content 301s.,HIGH,,NO,UNKNOWN,LOW,MEDIUM,USABLE,OK,N/A,301_ONE_TO_ONE,NO,NO,
/404,https://zhongsai-steelstructure.com/404,OTHER,页面未找到 | 404 - 中赛钢构,页面未找到,utility,IGNORE_NON_PAGE,,,"404 error page, not an SEO page",HIGH,,NO,UNKNOWN,LOW,MEDIUM,USABLE,OK,N/A,IGNORE_NON_PAGE,NO,NO,
/about,https://zhongsai-steelstructure.com/about,OTHER,关于中赛钢构 | 15年以上钢结构出口经验的中国厂家,关于中赛钢构,about,301_ONE_TO_ONE,/en/about/,https://zhongsai-steelstructure.com/en/about/,Path changed but same search intent; V2 has equivalent page,HIGH,,NO,UNKNOWN,LOW,MEDIUM,USABLE,OK,N/A,301_ONE_TO_ONE,NO,NO,
/blog,https://zhongsai-steelstructure.com/blog/,OTHER,钢结构博客 | 行业洞察、指南和成本分析 - 中赛钢构,Steel Structure Insights & Buying Guides,blog,MIGRATE_CONTENT,,,Blog hub; V2 has no blog system. High SEO traffic asset.,HIGH,P0,YES,UNKNOWN,HIGH,MEDIUM,USABLE,OK,P2_GROWTH,DROP_CANDIDATE,NO,NO,"Blog cluster: Other Blog | Low intent/other: drop candidate, review before 410"
/blog/gangjiegou-anzhuang-zhinan-haiwai,https://zhongsai-steelstructure.com/blog/gangjiegou-anzhuang-zhinan-haiwai,OTHER,钢结构建筑安装指南：海外项目分步操作手册,钢结构建筑安装指南：海外项目分步操作手册,blog,MIGRATE_CONTENT,,,Blog article (gangjiegou-anzhuang-zhinan-haiwai); V2 has no blog system. Evaluate for migration or new landing page.,HIGH,P1,YES,UNKNOWN,LOW,MEDIUM,USABLE,OK,P2_GROWTH,P2_GROWTH,NO,NO,Blog cluster: Installation Guide | Medium intent technical guide: long-term growth
/blog/gangjiegou-cangku-zaojia-duoshaoqian,https://zhongsai-steelstructure.com/blog/gangjiegou-cangku-zaojia-duoshaoqian,OTHER,钢结构仓库造价多少钱一平方？2026年完整价格指南,钢结构仓库造价多少钱一平方？2026年完整价格指南,blog,MIGRATE_CONTENT,,,Blog article (gangjiegou-cangku-zaojia-duoshaoqian); V2 has no blog system. Evaluate for migration or new landing page.,HIGH,P1,YES,UNKNOWN,LOW,MEDIUM,USABLE,OK,P1_30_DAYS,SAFE_MERGE,NO,NO,Blog cluster: Warehouse Cost | Secondary/cannibalization URL: merge to primary EN URL or rebuild ZH version in 30 days
/blog/gangjiegou-chukou-feizhou-quanliucheng,https://zhongsai-steelstructure.com/blog/gangjiegou-chukou-feizhou-quanliucheng,OTHER,钢结构出口非洲全流程指南：从设计到安装的完整攻略,钢结构出口非洲全流程指南：从设计到安装的完整攻略,blog,MIGRATE_CONTENT,,,Blog article (gangjiegou-chukou-feizhou-quanliucheng); V2 has no blog system. Evaluate for migration or new landing page.,HIGH,P1,YES,UNKNOWN,LOW,MEDIUM,USABLE,OK,P1_30_DAYS,SAFE_MERGE,NO,NO,Blog cluster: Import from China | Secondary/cannibalization URL: merge to primary EN URL or rebuild ZH version in 30 days
/blog/gangjiegou-vs-hunningtu-chengben-duibi,https://zhongsai-steelstructure.com/blog/gangjiegou-vs-hunningtu-chengben-duibi,OTHER,钢结构 vs 混凝土建筑：成本对比及如何选择,钢结构 vs 混凝土建筑：成本对比及如何选择,blog,MIGRATE_CONTENT,,,Blog article (gangjiegou-vs-hunningtu-chengben-duibi); V2 has no blog system. Evaluate for migration or new landing page.,HIGH,P0,YES,UNKNOWN,LOW,MEDIUM,USABLE,OK,P2_GROWTH,P2_GROWTH,NO,NO,Blog cluster: Steel vs Concrete | Medium intent technical guide: long-term growth
/blog/how-much-does-steel-structure-warehouse-cost,https://zhongsai-steelstructure.com/blog/how-much-does-steel-structure-warehouse-cost,OTHER,How Much Does a Steel Structure Warehouse Cost? Complete Price Guide 2026,How Much Does a Steel Structure Warehouse Cost? Complete Price Guide 2026,blog,MIGRATE_CONTENT,,,Blog article (how-much-does-steel-structure-warehouse-cost); V2 has no blog system. Evaluate for migration or new landing page.,HIGH,P0,YES,UNKNOWN,HIGH,HIGH,USABLE,OK,P1_30_DAYS,SAFE_MERGE,NO,NO,Blog cluster: Warehouse Cost | Secondary/cannibalization URL: merge to primary EN URL or rebuild ZH version in 30 days
/blog/how-to-import-steel-structure-from-china-to-africa,https://zhongsai-steelstructure.com/blog/how-to-import-steel-structure-from-china-to-africa,OTHER,How to Import Steel Structure from China to Africa: Complete Guide 2026,How to Import Steel Structure from China to Africa: Complete Guide 2026,blog,MIGRATE_CONTENT,,,Blog article (how-to-import-steel-structure-from-china-to-africa); V2 has no blog system. Evaluate for migration or new landing page.,HIGH,P0,YES,UNKNOWN,HIGH,MEDIUM,USABLE,OK,P1_30_DAYS,SAFE_MERGE,NO,NO,Blog cluster: Import from China | Secondary/cannibalization URL: merge to primary EN URL or rebuild ZH version in 30 days
/blog/steel-structure-building-installation-guide-overseas,https://zhongsai-steelstructure.com/blog/steel-structure-building-installation-guide-overseas,OTHER,Steel Structure Building Installation Guide: Step-by-Step for Overseas Projects,Steel Structure Building Installation Guide: Step-by-Step for Overseas Projects,blog,MIGRATE_CONTENT,,,Blog article (steel-structure-building-installation-guide-overseas); V2 has no blog system. Evaluate for migration or new landing page.,HIGH,P0,YES,UNKNOWN,HIGH,HIGH,USABLE,OK,P2_GROWTH,P2_GROWTH,NO,NO,Blog cluster: Installation Guide | Medium intent technical guide: long-term growth
/blog/steel-structure-vs-concrete-building-cost-comparison,https://zhongsai-steelstructure.com/blog/steel-structure-vs-concrete-building-cost-comparison,OTHER,Steel Structure vs Concrete Building: Cost Comparison and Which is Better,Steel Structure vs Concrete Building: Cost Comparison and Which is Better,blog,MIGRATE_CONTENT,,,Blog article (steel-structure-vs-concrete-building-cost-comparison); V2 has no blog system. Evaluate for migration or new landing page.,HIGH,P0,YES,UNKNOWN,HIGH,MEDIUM,STRONG,OK,P2_GROWTH,P2_GROWTH,NO,NO,Blog cluster: Steel vs Concrete | Medium intent technical guide: long-term growth
/blog/top-10-steel-structure-manufacturers-in-china,https://zhongsai-steelstructure.com/blog/top-10-steel-structure-manufacturers-in-china,OTHER,Top 10 Steel Structure Manufacturers in China: How to Choose the Right One,Top 10 Steel Structure Manufacturers in China: How to Choose the Right One,blog,MIGRATE_CONTENT,,,Blog article (top-10-steel-structure-manufacturers-in-china); V2 has no blog system. Evaluate for migration or new landing page.,HIGH,P0,YES,UNKNOWN,HIGH,HIGH,USABLE,OK,P1_30_DAYS,P1_30_DAYS,NO,NO,Blog cluster: Supplier & Manufacturer | High intent but likely template/weak content: rebuild in 30 days
/blog/zhongguo-gangjiegou-changjia-paiming,https://zhongsai-steelstructure.com/blog/zhongguo-gangjiegou-changjia-paiming,OTHER,中国钢结构厂家排名前十：如何选择靠谱的供应商,中国钢结构厂家排名前十：如何选择靠谱的供应商,blog,MIGRATE_CONTENT,,,Blog article (zhongguo-gangjiegou-changjia-paiming); V2 has no blog system. Evaluate for migration or new landing page.,HIGH,P1,YES,UNKNOWN,LOW,MEDIUM,USABLE,OK,P2_GROWTH,DROP_CANDIDATE,NO,NO,"Blog cluster: Other Blog | Low intent/other: drop candidate, review before 410"
/contact,https://zhongsai-steelstructure.com/contact,OTHER,联系我们 | 免费获取钢结构报价 - 中赛钢构,联系中赛钢构 | 钢结构出口询价,contact,301_ONE_TO_ONE,/en/contact/,https://zhongsai-steelstructure.com/en/contact/,Path changed but same search intent; V2 has equivalent page,HIGH,,NO,UNKNOWN,LOW,MEDIUM,USABLE,OK,N/A,301_ONE_TO_ONE,NO,NO,
/en,https://zhongsai-steelstructure.com/en/,EN,"ZhongSai Steel Structure | Design, Detailing, Fabrication & Global Export Delivery",From Drawings to SiteYour Steel Structure Project,homepage,KEEP,/en/,https://zhongsai-steelstructure.com/en/,Path and search intent identical to V2 page,HIGH,,NO,UNKNOWN,HIGH,HIGH,USABLE,OK,N/A,KEEP,NO,NO,
/en/404,https://zhongsai-steelstructure.com/en/404,EN,Page Not Found | 404 - ZhongSai Steel Structure,Page Not Found,utility,IGNORE_NON_PAGE,,,"404 error page, not an SEO page",HIGH,,NO,UNKNOWN,MEDIUM,MEDIUM,USABLE,OK,N/A,IGNORE_NON_PAGE,NO,NO,
/en/about,https://zhongsai-steelstructure.com/en/about,EN,About ZhongSai | Steel Structure Manufacturer & Export Supplier,About ZhongSai Steel Structure,about,KEEP,/en/about/,https://zhongsai-steelstructure.com/en/about/,Path and search intent identical to V2 page,HIGH,,NO,UNKNOWN,HIGH,HIGH,USABLE,OK,N/A,KEEP,NO,NO,
/en/blog,https://zhongsai-steelstructure.com/en/blog/,EN,"Steel Structure Blog | Industry Insights, Guides and Cost Analysis - ZhongSai",Steel Structure Insights & Buying Guides,blog,MIGRATE_CONTENT,,,Blog hub; V2 has no blog system. High SEO traffic asset.,HIGH,P0,YES,UNKNOWN,HIGH,MEDIUM,USABLE,OK,P2_GROWTH,DROP_CANDIDATE,NO,NO,"Blog cluster: Other Blog | Low intent/other: drop candidate, review before 410"
/en/blog/astm-vs-gb-steel-grades-comparison,https://zhongsai-steelstructure.com/en/blog/astm-vs-gb-steel-grades-comparison,EN,ASTM vs GB Steel Grades: Complete Comparison for Steel Structures,ASTM vs GB Steel Grades: Complete Comparison for Steel Structures,blog,MIGRATE_CONTENT,,,Blog article (astm-vs-gb-steel-grades-comparison); V2 has no blog system. Evaluate for migration or new landing page.,HIGH,P0,YES,UNKNOWN,MEDIUM,MEDIUM,USABLE,OK,P2_GROWTH,P2_GROWTH,NO,NO,Blog cluster: Corrosion & Materials | Medium intent technical guide: long-term growth
/en/blog/how-much-does-steel-structure-warehouse-cost,https://zhongsai-steelstructure.com/en/blog/how-much-does-steel-structure-warehouse-cost,EN,How Much Does a Steel Structure Warehouse Cost? Complete Price Guide 2026,How Much Does a Steel Structure Warehouse Cost? Complete Price Guide 2026,blog,GONE_410_CANDIDATE,,,Already returns 404 on old site; no live content to migrate,HIGH,,NO,UNKNOWN,HIGH,HIGH,USABLE,OK,N/A,GONE_410_CANDIDATE,NO,NO,
/en/blog/how-to-buy-steel-buildings-from-china,https://zhongsai-steelstructure.com/en/blog/how-to-buy-steel-buildings-from-china,EN,How to Buy Steel Buildings from China: Complete Buyer Guide 2026,How to Buy Steel Buildings from China: Complete Buyer Guide,blog,MIGRATE_CONTENT,,,Blog article (how-to-buy-steel-buildings-from-china); V2 has no blog system. Evaluate for migration or new landing page.,HIGH,P1,YES,UNKNOWN,HIGH,MEDIUM,USABLE,OK,P2_GROWTH,DROP_CANDIDATE,NO,NO,"Blog cluster: Other Blog | Low intent/other: drop candidate, review before 410"
/en/blog/how-to-choose-steel-structure-manufacturer-china,https://zhongsai-steelstructure.com/en/blog/how-to-choose-steel-structure-manufacturer-china,EN,How to Choose a Steel Structure Manufacturer in China: 2026 Guide,How to Choose a Steel Structure Manufacturer in China,blog,MIGRATE_CONTENT,,,Blog article (how-to-choose-steel-structure-manufacturer-china); V2 has no blog system. Evaluate for migration or new landing page.,HIGH,P0,YES,UNKNOWN,HIGH,HIGH,USABLE,OK,P2_GROWTH,DROP_CANDIDATE,NO,NO,"Blog cluster: Other Blog | Low intent/other: drop candidate, review before 410"
/en/blog/how-to-import-steel-structure-from-china-complete-guide,https://zhongsai-steelstructure.com/en/blog/how-to-import-steel-structure-from-china-complete-guide,EN,How to Import Steel Structure from China: Complete 2026 Guide,How to Import Steel Structure from China: Complete Guide,blog,MIGRATE_CONTENT,,,Blog article (how-to-import-steel-structure-from-china-complete-guide); V2 has no blog system. Evaluate for migration or new landing page.,HIGH,P0,YES,UNKNOWN,HIGH,MEDIUM,USABLE,OK,P0_CUTOVER,LEGACY_PRESERVED_200,IMPLEMENTED,NO,"Blog cluster: Import from China | PRIMARY URL for cluster: legacy preserve at cutover | P0 implemented in V2-08B: HTTP 200, indexable"
/en/blog/how-to-import-steel-structure-from-china-to-africa,https://zhongsai-steelstructure.com/en/blog/how-to-import-steel-structure-from-china-to-africa,EN,How to Import Steel Structure from China to Africa: Complete Guide 2026,How to Import Steel Structure from China to Africa: Complete Guide 2026,blog,MIGRATE_CONTENT,,,Blog article (how-to-import-steel-structure-from-china-to-africa); V2 has no blog system. Evaluate for migration or new landing page.,HIGH,P0,YES,UNKNOWN,HIGH,MEDIUM,USABLE,OK,P0_CUTOVER,LEGACY_PRESERVED_200,IMPLEMENTED,NO,"Blog cluster: Import from China | PRIMARY URL for cluster: legacy preserve at cutover | P0 implemented in V2-08B: HTTP 200, indexable"
/en/blog/prefab-steel-building-installation-guide,https://zhongsai-steelstructure.com/en/blog/prefab-steel-building-installation-guide,EN,Prefab Steel Building Installation Guide: Step-by-Step Process,Prefab Steel Building Installation Guide: Step-by-Step,blog,MIGRATE_CONTENT,,,Blog article (prefab-steel-building-installation-guide); V2 has no blog system. Evaluate for migration or new landing page.,HIGH,P0,YES,UNKNOWN,MEDIUM,HIGH,USABLE,OK,P2_GROWTH,P2_GROWTH,NO,NO,Blog cluster: Installation Guide | Medium intent technical guide: long-term growth
/en/blog/prefab-steel-building-roof-systems-comparison,https://zhongsai-steelstructure.com/en/blog/prefab-steel-building-roof-systems-comparison,EN,Prefab Steel Building Roof Systems: Complete Comparison Guide,Prefab Steel Building Roof Systems: Complete Comparison,blog,MIGRATE_CONTENT,,,Blog article (prefab-steel-building-roof-systems-comparison); V2 has no blog system. Evaluate for migration or new landing page.,HIGH,P1,YES,UNKNOWN,MEDIUM,HIGH,USABLE,OK,P2_GROWTH,P2_GROWTH,NO,NO,Blog cluster: Roof & Cladding | Medium intent technical guide: long-term growth
/en/blog/shipping-cost-steel-structure-from-china,https://zhongsai-steelstructure.com/en/blog/shipping-cost-steel-structure-from-china,EN,Shipping Cost for Steel Structure from China: 2026 Freight Guide,Shipping Cost for Steel Structure from China: 2026 Freight Guide,blog,MIGRATE_CONTENT,,,Blog article (shipping-cost-steel-structure-from-china); V2 has no blog system. Evaluate for migration or new landing page.,HIGH,P0,YES,UNKNOWN,HIGH,MEDIUM,USABLE,OK,P0_CUTOVER,LEGACY_PRESERVED_200,IMPLEMENTED,NO,"Blog cluster: Shipping & Container | PRIMARY URL for cluster: legacy preserve at cutover | P0 implemented in V2-08B: HTTP 200, indexable"
/en/blog/steel-structure-building-installation-guide-overseas,https://zhongsai-steelstructure.com/en/blog/steel-structure-building-installation-guide-overseas,EN,Steel Structure Building Installation Guide: Step-by-Step for Overseas Projects,Steel Structure Building Installation Guide: Step-by-Step for Overseas Projects,blog,MIGRATE_CONTENT,,,Blog article (steel-structure-building-installation-guide-overseas); V2 has no blog system. Evaluate for migration or new landing page.,HIGH,P0,YES,UNKNOWN,HIGH,HIGH,USABLE,OK,P2_GROWTH,P2_GROWTH,NO,NO,Blog cluster: Installation Guide | Medium intent technical guide: long-term growth
/en/blog/steel-structure-container-loading-guide,https://zhongsai-steelstructure.com/en/blog/steel-structure-container-loading-guide,EN,Steel Structure Container Loading: Maximize Space & Save Freight Cost,Steel Structure Container Loading: Complete Guide,blog,MIGRATE_CONTENT,,,Blog article (steel-structure-container-loading-guide); V2 has no blog system. Evaluate for migration or new landing page.,HIGH,P0,YES,UNKNOWN,HIGH,HIGH,USABLE,OK,P0_CUTOVER,LEGACY_PRESERVED_200,IMPLEMENTED,NO,"Blog cluster: Shipping & Container | PRIMARY URL for cluster: legacy preserve at cutover | P0 implemented in V2-08B: HTTP 200, indexable"
/en/blog/steel-structure-corrosion-protection-guide,https://zhongsai-steelstructure.com/en/blog/steel-structure-corrosion-protection-guide,EN,Steel Structure Corrosion Protection: Paint vs Galvanizing Complete Guide,Steel Structure Corrosion Protection: Paint vs Galvanizing,blog,MIGRATE_CONTENT,,,Blog article (steel-structure-corrosion-protection-guide); V2 has no blog system. Evaluate for migration or new landing page.,HIGH,P0,YES,UNKNOWN,MEDIUM,MEDIUM,USABLE,OK,P2_GROWTH,P2_GROWTH,NO,NO,Blog cluster: Corrosion & Materials | Medium intent technical guide: long-term growth
/en/blog/steel-structure-cost-per-square-meter,https://zhongsai-steelstructure.com/en/blog/steel-structure-cost-per-square-meter,EN,Steel Structure Cost Per Square Meter: 2026 Global Price Guide,Steel Structure Cost Per Square Meter: 2026 Global Price Guide,blog,MIGRATE_CONTENT,,,Blog article (steel-structure-cost-per-square-meter); V2 has no blog system. Evaluate for migration or new landing page.,HIGH,P0,YES,UNKNOWN,HIGH,MEDIUM,USABLE,OK,P2_GROWTH,DROP_CANDIDATE,NO,NO,"Blog cluster: Other Blog | Low intent/other: drop candidate, review before 410"
/en/blog/steel-structure-design-standards-guide,https://zhongsai-steelstructure.com/en/blog/steel-structure-design-standards-guide,EN,"Steel Structure Design Standards: GB, ASTM, EN, AS Complete Guide",Steel Structure Design Standards: Complete International Guide,blog,MIGRATE_CONTENT,,,Blog article (steel-structure-design-standards-guide); V2 has no blog system. Evaluate for migration or new landing page.,HIGH,P0,YES,UNKNOWN,MEDIUM,MEDIUM,USABLE,OK,P2_GROWTH,DROP_CANDIDATE,NO,NO,"Blog cluster: Other Blog | Low intent/other: drop candidate, review before 410"
/en/blog/steel-structure-foundation-design-guide,https://zhongsai-steelstructure.com/en/blog/steel-structure-foundation-design-guide,EN,Steel Structure Foundation Design: Complete Guide for Industrial Buildings,Steel Structure Foundation Design: Complete Guide,blog,MIGRATE_CONTENT,,,Blog article (steel-structure-foundation-design-guide); V2 has no blog system. Evaluate for migration or new landing page.,HIGH,P0,YES,UNKNOWN,MEDIUM,MEDIUM,USABLE,OK,P2_GROWTH,P2_GROWTH,NO,NO,Blog cluster: Foundation & Engineering | Medium intent technical guide: long-term growth
/en/blog/steel-structure-project-timeline-guide,https://zhongsai-steelstructure.com/en/blog/steel-structure-project-timeline-guide,EN,Steel Structure Project Timeline: From Order to Installation Complete Guide,Steel Structure Project Timeline: From Order to Installation,blog,MIGRATE_CONTENT,,,Blog article (steel-structure-project-timeline-guide); V2 has no blog system. Evaluate for migration or new landing page.,HIGH,P0,YES,UNKNOWN,HIGH,HIGH,USABLE,OK,P2_GROWTH,P2_GROWTH,NO,NO,Blog cluster: Project Timeline | Medium intent technical guide: long-term growth
/en/blog/steel-structure-supplier-indonesia-guide,https://zhongsai-steelstructure.com/en/blog/steel-structure-supplier-indonesia-guide,EN,Steel Structure Supplier Indonesia: Complete Sourcing Guide 2026,Steel Structure Supplier Indonesia: Complete Sourcing Guide,blog,MIGRATE_CONTENT,,,Blog article (steel-structure-supplier-indonesia-guide); V2 has no blog system. Evaluate for migration or new landing page.,HIGH,P0,YES,UNKNOWN,HIGH,MEDIUM,USABLE,OK,P1_30_DAYS,P1_30_DAYS,NO,NO,Blog cluster: Supplier & Manufacturer | High intent but likely template/weak content: rebuild in 30 days
/en/blog/steel-structure-supplier-malaysia-guide,https://zhongsai-steelstructure.com/en/blog/steel-structure-supplier-malaysia-guide,EN,Steel Structure Supplier Malaysia: Complete 2026 Buyer Guide,Steel Structure Supplier Malaysia: Complete Buyer Guide,blog,MIGRATE_CONTENT,,,Blog article (steel-structure-supplier-malaysia-guide); V2 has no blog system. Evaluate for migration or new landing page.,HIGH,P0,YES,UNKNOWN,HIGH,MEDIUM,USABLE,OK,P1_30_DAYS,P1_30_DAYS,NO,NO,Blog cluster: Supplier & Manufacturer | High intent but likely template/weak content: rebuild in 30 days
/en/blog/steel-structure-supplier-mexico-guide,https://zhongsai-steelstructure.com/en/blog/steel-structure-supplier-mexico-guide,EN,Steel Structure Supplier Mexico: Complete 2026 Buyer Guide,Steel Structure Supplier Mexico: Complete Buyer Guide,blog,MIGRATE_CONTENT,,,Blog article (steel-structure-supplier-mexico-guide); V2 has no blog system. Evaluate for migration or new landing page.,HIGH,P0,YES,UNKNOWN,HIGH,MEDIUM,USABLE,OK,P1_30_DAYS,P1_30_DAYS,NO,NO,Blog cluster: Supplier & Manufacturer | High intent but likely template/weak content: rebuild in 30 days
/en/blog/steel-structure-supplier-philippines-guide,https://zhongsai-steelstructure.com/en/blog/steel-structure-supplier-philippines-guide,EN,Steel Structure Supplier Philippines: Complete 2026 Buyer Guide,Steel Structure Supplier Philippines: Complete Buyer Guide,blog,MIGRATE_CONTENT,,,Blog article (steel-structure-supplier-philippines-guide); V2 has no blog system. Evaluate for migration or new landing page.,HIGH,P0,YES,UNKNOWN,HIGH,MEDIUM,USABLE,OK,P1_30_DAYS,P1_30_DAYS,NO,NO,Blog cluster: Supplier & Manufacturer | High intent but likely template/weak content: rebuild in 30 days
/en/blog/steel-structure-supplier-saudi-arabia-guide,https://zhongsai-steelstructure.com/en/blog/steel-structure-supplier-saudi-arabia-guide,EN,Steel Structure Supplier Saudi Arabia: Complete Sourcing Guide 2026,Steel Structure Supplier Saudi Arabia: Complete Sourcing Guide,blog,MIGRATE_CONTENT,,,Blog article (steel-structure-supplier-saudi-arabia-guide); V2 has no blog system. Evaluate for migration or new landing page.,HIGH,P0,YES,UNKNOWN,HIGH,MEDIUM,USABLE,OK,P1_30_DAYS,P1_30_DAYS,NO,NO,Blog cluster: Supplier & Manufacturer | High intent but likely template/weak content: rebuild in 30 days
/en/blog/steel-structure-supplier-thailand-guide,https://zhongsai-steelstructure.com/en/blog/steel-structure-supplier-thailand-guide,EN,Steel Structure Supplier Thailand: Complete 2026 Buyer Guide,Steel Structure Supplier Thailand: Complete Buyer Guide,blog,MIGRATE_CONTENT,,,Blog article (steel-structure-supplier-thailand-guide); V2 has no blog system. Evaluate for migration or new landing page.,HIGH,P0,YES,UNKNOWN,HIGH,MEDIUM,USABLE,OK,P1_30_DAYS,P1_30_DAYS,NO,NO,Blog cluster: Supplier & Manufacturer | High intent but likely template/weak content: rebuild in 30 days
/en/blog/steel-structure-supplier-uae-dubai-guide,https://zhongsai-steelstructure.com/en/blog/steel-structure-supplier-uae-dubai-guide,EN,Steel Structure Supplier UAE/Dubai: Complete 2026 Buyer Guide,Steel Structure Supplier UAE/Dubai: Complete Buyer Guide,blog,MIGRATE_CONTENT,,,Blog article (steel-structure-supplier-uae-dubai-guide); V2 has no blog system. Evaluate for migration or new landing page.,HIGH,P0,YES,UNKNOWN,HIGH,MEDIUM,USABLE,OK,P1_30_DAYS,P1_30_DAYS,NO,NO,Blog cluster: Supplier & Manufacturer | High intent but likely template/weak content: rebuild in 30 days
/en/blog/steel-structure-vs-concrete-building-cost-comparison,https://zhongsai-steelstructure.com/en/blog/steel-structure-vs-concrete-building-cost-comparison,EN,Steel Structure vs Concrete Building: Cost Comparison and Which is Better,Steel Structure vs Concrete Building: Cost Comparison and Which is Better,blog,MIGRATE_CONTENT,,,Blog article (steel-structure-vs-concrete-building-cost-comparison); V2 has no blog system. Evaluate for migration or new landing page.,HIGH,P0,YES,UNKNOWN,HIGH,MEDIUM,STRONG,OK,P2_GROWTH,P2_GROWTH,NO,NO,Blog cluster: Steel vs Concrete | Medium intent technical guide: long-term growth
/en/blog/steel-structure-vs-concrete-comparison,https://zhongsai-steelstructure.com/en/blog/steel-structure-vs-concrete-comparison,EN,"Steel Structure vs Concrete: Cost, Speed, Durability Complete Comparison",Steel Structure vs Concrete: Complete Comparison Guide,blog,MIGRATE_CONTENT,,,Blog article (steel-structure-vs-concrete-comparison); V2 has no blog system. Evaluate for migration or new landing page.,HIGH,P0,YES,UNKNOWN,HIGH,MEDIUM,USABLE,OK,P2_GROWTH,P2_GROWTH,NO,NO,Blog cluster: Steel vs Concrete | Medium intent technical guide: long-term growth
/en/blog/steel-structure-wind-load-design-guide,https://zhongsai-steelstructure.com/en/blog/steel-structure-wind-load-design-guide,EN,Steel Structure Wind Load Design: Global Wind Zone Complete Guide,Steel Structure Wind Load Design: Global Wind Zone Guide,blog,MIGRATE_CONTENT,,,Blog article (steel-structure-wind-load-design-guide); V2 has no blog system. Evaluate for migration or new landing page.,HIGH,P0,YES,UNKNOWN,MEDIUM,MEDIUM,USABLE,OK,P2_GROWTH,P2_GROWTH,NO,NO,Blog cluster: Foundation & Engineering | Medium intent technical guide: long-term growth
/en/blog/steel-warehouse-cost-complete-guide,https://zhongsai-steelstructure.com/en/blog/steel-warehouse-cost-complete-guide,EN,Steel Warehouse Cost: Complete 2026 Price Guide from China,Steel Warehouse Cost: Complete 2026 Price Guide,blog,MIGRATE_CONTENT,,,Blog article (steel-warehouse-cost-complete-guide); V2 has no blog system. Evaluate for migration or new landing page.,HIGH,P0,YES,UNKNOWN,HIGH,HIGH,USABLE,OK,P0_CUTOVER,LEGACY_PRESERVED_200,IMPLEMENTED,NO,"Blog cluster: Warehouse Cost | PRIMARY URL for cluster: legacy preserve at cutover | P0 implemented in V2-08B: HTTP 200, indexable"
/en/blog/steel-warehouse-supplier-nigeria-guide,https://zhongsai-steelstructure.com/en/blog/steel-warehouse-supplier-nigeria-guide,EN,Steel Warehouse Supplier Nigeria: Complete Sourcing Guide 2026,Steel Warehouse Supplier Nigeria: Complete Sourcing Guide,blog,MIGRATE_CONTENT,,,Blog article (steel-warehouse-supplier-nigeria-guide); V2 has no blog system. Evaluate for migration or new landing page.,HIGH,P0,YES,UNKNOWN,HIGH,HIGH,USABLE,OK,P1_30_DAYS,P1_30_DAYS,NO,NO,Blog cluster: Supplier & Manufacturer | High intent but likely template/weak content: rebuild in 30 days
/en/blog/steel-workshop-cost-factory-building-price,https://zhongsai-steelstructure.com/en/blog/steel-workshop-cost-factory-building-price,EN,Steel Workshop Cost: Factory Building Price Guide 2026,Steel Workshop Cost: Factory Building Price Guide 2026,blog,GONE_410_CANDIDATE,,,Already returns 404 on old site; no live content to migrate,HIGH,,NO,UNKNOWN,HIGH,HIGH,USABLE,OK,N/A,GONE_410_CANDIDATE,NO,NO,
/en/blog/top-10-steel-structure-manufacturers-in-china,https://zhongsai-steelstructure.com/en/blog/top-10-steel-structure-manufacturers-in-china,EN,Top 10 Steel Structure Manufacturers in China: How to Choose the Right One,Top 10 Steel Structure Manufacturers in China: How to Choose the Right One,blog,MIGRATE_CONTENT,,,Blog article (top-10-steel-structure-manufacturers-in-china); V2 has no blog system. Evaluate for migration or new landing page.,HIGH,P0,YES,UNKNOWN,HIGH,HIGH,USABLE,OK,P1_30_DAYS,P1_30_DAYS,NO,NO,Blog cluster: Supplier & Manufacturer | High intent but likely template/weak content: rebuild in 30 days
/en/components,https://zhongsai-steelstructure.com/en/components,EN,Steel Structure Components & Materials | Beams Columns Trusses Purlins Cladding | ZhongSai,Fabricated Structural Steel Components & Materials,component,KEEP,/en/components/,https://zhongsai-steelstructure.com/en/components/,Path and search intent identical to V2 page,HIGH,,NO,UNKNOWN,HIGH,HIGH,USABLE,OK,N/A,KEEP,NO,NO,
/en/components/fabricated-steel-beams-columns,https://zhongsai-steelstructure.com/en/components/fabricated-steel-beams-columns,EN,Fabricated Steel Beams & Columns Manufacturer in China | ZhongSai,Custom Fabricated Steel Beams & Columns From Project Drawings,component,KEEP,/en/components/fabricated-steel-beams-columns/,https://zhongsai-steelstructure.com/en/components/fabricated-steel-beams-columns/,Path and search intent identical to V2 page,HIGH,,NO,UNKNOWN,HIGH,HIGH,USABLE,OK,N/A,KEEP,NO,NO,
/en/components/roof-wall-cladding-systems,https://zhongsai-steelstructure.com/en/components/roof-wall-cladding-systems,EN,Roof & Wall Cladding Systems for Steel Buildings | ZhongSai,Roof & Wall Cladding Systems for Steel Buildings,component,KEEP,/en/components/roof-wall-cladding-systems/,https://zhongsai-steelstructure.com/en/components/roof-wall-cladding-systems/,Path and search intent identical to V2 page,HIGH,,NO,UNKNOWN,MEDIUM,HIGH,USABLE,OK,N/A,KEEP,NO,NO,
/en/components/steel-purlins,https://zhongsai-steelstructure.com/en/components/steel-purlins,EN,C & Z Steel Purlins for Steel Buildings | ZhongSai,C & Z Steel Purlins for Steel Building Roof and Wall Systems,component,MERGE_301,/en/components/,https://zhongsai-steelstructure.com/en/components/,Thin/category page merged into stronger V2 hub page with same intent,MEDIUM,,NO,UNKNOWN,MEDIUM,HIGH,USABLE,OK,P1_30_DAYS,P1_30_DAYS,YES,NO,"MERGE REVOKED: Components Hub does not sufficiently cover steel truss/purlin supplier intent. Legacy preserve at cutover, build dedicated page in 30 days."
/en/components/steel-trusses,https://zhongsai-steelstructure.com/en/components/steel-trusses,EN,Custom Steel Truss Manufacturer & Fabrication | ZhongSai,Custom Structural Steel Trusses for Large-Span Buildings,component,MERGE_301,/en/components/,https://zhongsai-steelstructure.com/en/components/,Thin/category page merged into stronger V2 hub page with same intent,MEDIUM,,NO,UNKNOWN,HIGH,HIGH,USABLE,OK,P1_30_DAYS,P1_30_DAYS,YES,NO,"MERGE REVOKED: Components Hub does not sufficiently cover steel truss/purlin supplier intent. Legacy preserve at cutover, build dedicated page in 30 days."
/en/contact,https://zhongsai-steelstructure.com/en/contact,EN,Contact ZhongSai | Steel Structure Project Quote & Technical Consultation,Send Your Project Requirements for Review & Quotation,contact,KEEP,/en/contact/,https://zhongsai-steelstructure.com/en/contact/,Path and search intent identical to V2 page,HIGH,,NO,UNKNOWN,HIGH,MEDIUM,USABLE,OK,N/A,KEEP,NO,NO,
/en/countries,https://zhongsai-steelstructure.com/en/countries/,EN,Steel Structure by Country | ZhongSai Steel Structure Export Destinations,Steel Structure by Country | Regional Sourcing Guides,country,MIGRATE_CONTENT,,,Country page (hub); V2 has no country pages. High localized SEO value.,HIGH,P1,YES,UNKNOWN,HIGH,HIGH,WEAK,OK,P2_GROWTH,DROP_CANDIDATE,NO,NO,Country page (hub): likely template with country name swap. Low unique value. Drop candidate unless GSC data shows traffic. Long-term: build proper country pages with real project data.
/en/countries/indonesia,https://zhongsai-steelstructure.com/en/countries/indonesia,EN,Steel Structure Supplier Indonesia | Prefab Steel Building Manufacturer China,Steel Structure Supplier in Indonesia,country,MIGRATE_CONTENT,,,Country page (indonesia); V2 has no country pages. High localized SEO value.,HIGH,P1,YES,UNKNOWN,HIGH,HIGH,WEAK,OK,P2_GROWTH,DROP_CANDIDATE,NO,NO,Country page (indonesia): likely template with country name swap. Low unique value. Drop candidate unless GSC data shows traffic. Long-term: build proper country pages with real project data.
/en/countries/kenya,https://zhongsai-steelstructure.com/en/countries/kenya,EN,Kenya Steel Structure Supplier | Prefab Steel Buildings from China,Steel Structure Supplier for Kenya,country,MIGRATE_CONTENT,,,Country page (kenya); V2 has no country pages. High localized SEO value.,HIGH,P1,YES,UNKNOWN,HIGH,HIGH,WEAK,OK,P2_GROWTH,DROP_CANDIDATE,NO,NO,Country page (kenya): likely template with country name swap. Low unique value. Drop candidate unless GSC data shows traffic. Long-term: build proper country pages with real project data.
/en/countries/nigeria,https://zhongsai-steelstructure.com/en/countries/nigeria,EN,Steel Structure Supplier Nigeria | Prefab Warehouse & Factory Manufacturer China,Steel Structure Supplier in Nigeria,country,MIGRATE_CONTENT,,,Country page (nigeria); V2 has no country pages. High localized SEO value.,HIGH,P1,YES,UNKNOWN,HIGH,HIGH,WEAK,OK,P2_GROWTH,DROP_CANDIDATE,NO,NO,Country page (nigeria): likely template with country name swap. Low unique value. Drop candidate unless GSC data shows traffic. Long-term: build proper country pages with real project data.
/en/countries/saudi-arabia,https://zhongsai-steelstructure.com/en/countries/saudi-arabia,EN,Steel Structure Manufacturer Saudi Arabia | Prefab Factory & Warehouse Supplier,Steel Structure Manufacturer for Saudi Arabia,country,MIGRATE_CONTENT,,,Country page (saudi-arabia); V2 has no country pages. High localized SEO value.,HIGH,P1,YES,UNKNOWN,HIGH,HIGH,WEAK,OK,P2_GROWTH,DROP_CANDIDATE,NO,NO,Country page (saudi-arabia): likely template with country name swap. Low unique value. Drop candidate unless GSC data shows traffic. Long-term: build proper country pages with real project data.
/en/countries/vietnam,https://zhongsai-steelstructure.com/en/countries/vietnam,EN,Vietnam Steel Structure Supplier | Prefab Steel Buildings from China,Steel Structure Supplier for Vietnam,country,MIGRATE_CONTENT,,,Country page (vietnam); V2 has no country pages. High localized SEO value.,HIGH,P1,YES,UNKNOWN,HIGH,HIGH,WEAK,OK,P2_GROWTH,DROP_CANDIDATE,NO,NO,Country page (vietnam): likely template with country name swap. Low unique value. Drop candidate unless GSC data shows traffic. Long-term: build proper country pages with real project data.
/en/engineering-design,https://zhongsai-steelstructure.com/en/engineering-design,EN,Structural Steel Design & Detailing | Engineering Shop Drawings BOM | ZhongSai,Structural Steel Design & DetailingFrom Drawings to Fabrication,service,KEEP,/en/engineering-design/,https://zhongsai-steelstructure.com/en/engineering-design/,Path and search intent identical to V2 page,HIGH,,NO,UNKNOWN,HIGH,HIGH,USABLE,OK,N/A,KEEP,NO,NO,
/en/export-delivery,https://zhongsai-steelstructure.com/en/export-delivery,EN,Steel Structure Export & Delivery | Packing Container Loading Documentation Logistics | ZhongSai,Steel Structure Export & DeliveryFrom Factory to Overseas Project Site,service,KEEP,/en/export-delivery/,https://zhongsai-steelstructure.com/en/export-delivery/,Path and search intent identical to V2 page,HIGH,,NO,UNKNOWN,HIGH,HIGH,USABLE,OK,N/A,KEEP,NO,NO,
/en/landing,https://zhongsai-steelstructure.com/en/landing,EN,Free Steel Structure Quote | Prefab Steel Buildings from China - ZhongSai,Premium Steel Structure Buildings Direct from China Factory,landing,RETAIN_TEMPORARILY,,,Landing page likely for ads; retain until ad campaigns reviewed. Do not 301 to homepage.,MEDIUM,P2,NO,UNKNOWN,HIGH,HIGH,USABLE,OK,P2_GROWTH,LEGACY_PRESERVE,YES,NO,"Landing page: active ad traffic UNKNOWN. Legacy preserve at cutover, review ad campaigns post-launch."
/en/manufacturing-quality,https://zhongsai-steelstructure.com/en/manufacturing-quality,EN,Steel Structure Manufacturing & QC | Cutting Welding Coating Quality Control | ZhongSai,Structural Steel Manufacturing & Quality Control,manufacturing,KEEP,/en/manufacturing-quality/,https://zhongsai-steelstructure.com/en/manufacturing-quality/,Path and search intent identical to V2 page,HIGH,,NO,UNKNOWN,MEDIUM,HIGH,USABLE,OK,N/A,KEEP,NO,NO,
/en/privacy,https://zhongsai-steelstructure.com/en/privacy,EN,Privacy Policy | ZhongSai Steel Structure,Privacy Policy,legal,KEEP,/en/privacy/,https://zhongsai-steelstructure.com/en/privacy/,Path and search intent identical to V2 page,HIGH,,NO,UNKNOWN,MEDIUM,MEDIUM,USABLE,OK,N/A,KEEP,NO,NO,
/en/products,https://zhongsai-steelstructure.com/en/products,EN,Steel Structure Products | Industrial Factory Warehouse Mining Commercial Buildings | ZhongSai,,product,KEEP,/en/products/,https://zhongsai-steelstructure.com/en/products/,Path and search intent identical to V2 page,HIGH,,NO,UNKNOWN,HIGH,HIGH,USABLE,OK,N/A,KEEP,NO,NO,
/en/products/agriculture-special,https://zhongsai-steelstructure.com/en/products/agriculture-special,EN,Agriculture & Special Steel | Prefab Steel Warehouse Workshop Factory Manufacturer China,Agriculture & Special Steel Structure System,product,MERGE_301,/en/products/,https://zhongsai-steelstructure.com/en/products/,Thin/category page merged into stronger V2 hub page with same intent,MEDIUM,,NO,UNKNOWN,HIGH,HIGH,USABLE,OK,N/A,SAFE_MERGE,NO,NO,
/en/products/commercial-public,https://zhongsai-steelstructure.com/en/products/commercial-public,EN,Commercial & Public Steel | Prefab Steel Warehouse Workshop Factory Manufacturer China,Commercial & Public Steel Structure System,product,MERGE_301,/en/products/,https://zhongsai-steelstructure.com/en/products/,Thin/category page merged into stronger V2 hub page with same intent,MEDIUM,,NO,UNKNOWN,HIGH,HIGH,USABLE,OK,N/A,SAFE_MERGE,NO,NO,
/en/products/custom-engineering,https://zhongsai-steelstructure.com/en/products/custom-engineering,EN,Custom Steel Engineering | Prefab Steel Warehouse Workshop Factory Manufacturer China,Custom Steel Structure Engineering System,product,KEEP,/en/products/custom-engineering/,https://zhongsai-steelstructure.com/en/products/custom-engineering/,Path and search intent identical to V2 page,HIGH,,NO,UNKNOWN,HIGH,HIGH,USABLE,OK,N/A,KEEP,NO,NO,
/en/products/industrial,https://zhongsai-steelstructure.com/en/products/industrial,EN,Industrial Steel Structure | Prefab Steel Warehouse Workshop Factory Manufacturer China,Industrial Steel Structure Building System,product,MERGE_301,/en/products/,https://zhongsai-steelstructure.com/en/products/,Thin/category page merged into stronger V2 hub page with same intent,MEDIUM,,NO,UNKNOWN,HIGH,HIGH,USABLE,OK,N/A,SAFE_MERGE,NO,NO,
/en/products/mining-energy,https://zhongsai-steelstructure.com/en/products/mining-energy,EN,Mining & Energy Heavy Steel | Prefab Steel Warehouse Workshop Factory Manufacturer China,Mining & Energy Heavy Steel Structure System,product,MERGE_301,/en/products/,https://zhongsai-steelstructure.com/en/products/,Thin/category page merged into stronger V2 hub page with same intent,MEDIUM,,NO,UNKNOWN,HIGH,HIGH,USABLE,OK,N/A,SAFE_MERGE,NO,NO,
/en/products/residential-light,https://zhongsai-steelstructure.com/en/products/residential-light,EN,Residential Light Steel | Prefab Steel Warehouse Workshop Factory Manufacturer China,Residential Light Steel Structure System,product,MERGE_301,/en/products/,https://zhongsai-steelstructure.com/en/products/,Thin/category page merged into stronger V2 hub page with same intent,MEDIUM,,NO,UNKNOWN,HIGH,HIGH,USABLE,OK,N/A,SAFE_MERGE,NO,NO,
/en/projects,https://zhongsai-steelstructure.com/en/projects,EN,Steel Structure Projects | Global Factory Warehouse Mining Delivery | ZhongSai,Steel Structure Projects & Delivery References,project,KEEP,/en/projects/,https://zhongsai-steelstructure.com/en/projects/,Path and search intent identical to V2 page,HIGH,,NO,UNKNOWN,HIGH,HIGH,USABLE,OK,N/A,KEEP,NO,NO,
/en/projects/brazil-chinese-supermarket,https://zhongsai-steelstructure.com/en/projects/brazil-chinese-supermarket,EN,Brazil Chinese Supermarket Steel Structure Project,Brazil Chinese Supermarket Steel Structure Project,project,GONE_410_CANDIDATE,,,GENERATED_LEGACY_PROJECT: Legacy page was generated content and is not a verified ZhongSai project case. Overseas project (brazil-chinese-supermarket); V2 currently only has 12 domestic projects. Needs content verification before migration.,MEDIUM,P1,YES,UNKNOWN,HIGH,MEDIUM,USABLE,OK,N/A,GONE_410_CANDIDATE,NO,NO,"Overseas project (brazil-chinese-supermarket): NOT verified as ZhongSai project. Do NOT create V2 page. Requires company confirmation of participation scope. | V2-08C: Confirmed generated content, not real project. Marked GONE_410_CANDIDATE."
/en/projects/cnooc-pr6-pipe-rack-frame,https://zhongsai-steelstructure.com/en/projects/cnooc-pr6-pipe-rack-frame,EN,"CNOOC PR6 Pipe Rack 4-SS2 Frame Project | Huizhou, Guangdong - ZhongSai Steel Structure",CNOOC PR6 Pipe Rack 4-SS2 Frame Project,project,301_ONE_TO_ONE,/en/projects/cnooc-pr6-pipe-rack/,https://zhongsai-steelstructure.com/en/projects/cnooc-pr6-pipe-rack/,Path changed but same search intent; V2 has equivalent page,HIGH,,NO,UNKNOWN,HIGH,MEDIUM,USABLE,OK,N/A,301_ONE_TO_ONE,NO,NO,
/en/projects/cnpc-sixth-construction-cracking-furnace,https://zhongsai-steelstructure.com/en/projects/cnpc-sixth-construction-cracking-furnace,EN,CNPC Sixth Construction Cracking Furnace Project | Guangdong - ZhongSai Steel Structure,CNPC Sixth Construction Cracking Furnace Project,project,301_ONE_TO_ONE,/en/projects/cnpc-cracking-furnace/,https://zhongsai-steelstructure.com/en/projects/cnpc-cracking-furnace/,Path changed but same search intent; V2 has equivalent page,HIGH,,NO,UNKNOWN,HIGH,MEDIUM,USABLE,OK,N/A,301_ONE_TO_ONE,NO,NO,
/en/projects/cnpc-sixth-construction-liquid-furnace,https://zhongsai-steelstructure.com/en/projects/cnpc-sixth-construction-liquid-furnace,EN,CNPC Sixth Construction Liquid Furnace Project | Guangdong - ZhongSai Steel Structure,CNPC Sixth Construction Liquid Furnace Project,project,301_ONE_TO_ONE,/en/projects/cnpc-liquid-furnace/,https://zhongsai-steelstructure.com/en/projects/cnpc-liquid-furnace/,Path changed but same search intent; V2 has equivalent page,HIGH,,NO,UNKNOWN,HIGH,MEDIUM,USABLE,OK,N/A,301_ONE_TO_ONE,NO,NO,
/en/projects/dubai-industrial-warehouse,https://zhongsai-steelstructure.com/en/projects/dubai-industrial-warehouse,EN,"Industrial Warehouse — Dubai, UAE | ZhongSai Steel Structure","Industrial Warehouse — Dubai, UAE",project,GONE_410_CANDIDATE,,,GENERATED_LEGACY_PROJECT: Legacy page was generated content and is not a verified ZhongSai project case. Overseas project (dubai-industrial-warehouse); V2 currently only has 12 domestic projects. Needs content verification before migration.,MEDIUM,P1,YES,UNKNOWN,HIGH,HIGH,USABLE,OK,N/A,GONE_410_CANDIDATE,NO,NO,"Overseas project (dubai-industrial-warehouse): NOT verified as ZhongSai project. Do NOT create V2 page. Requires company confirmation of participation scope. | V2-08C: Confirmed generated content, not real project. Marked GONE_410_CANDIDATE."
/en/projects/ethiopia-textile-factory,https://zhongsai-steelstructure.com/en/projects/ethiopia-textile-factory,EN,"Large Textile Manufacturing Factory in Addis Ababa, Ethiopia | ZhongSai Steel Structure","Large Textile Manufacturing Factory — Addis Ababa, Ethiopia",project,GONE_410_CANDIDATE,,,GENERATED_LEGACY_PROJECT: Legacy page was generated content and is not a verified ZhongSai project case. Overseas project (ethiopia-textile-factory); V2 currently only has 12 domestic projects. Needs content verification before migration.,MEDIUM,P1,YES,UNKNOWN,HIGH,HIGH,USABLE,OK,N/A,GONE_410_CANDIDATE,NO,NO,"Overseas project (ethiopia-textile-factory): NOT verified as ZhongSai project. Do NOT create V2 page. Requires company confirmation of participation scope. | V2-08C: Confirmed generated content, not real project. Marked GONE_410_CANDIDATE."
/en/projects/futian-bonded-zone-customs,https://zhongsai-steelstructure.com/en/projects/futian-bonded-zone-customs,EN,"Futian Bonded Zone Customs Infrastructure Project | Shenzhen, Guangdong - ZhongSai Steel Structure",Futian Bonded Zone Customs Infrastructure Project,project,KEEP,/en/projects/futian-bonded-zone-customs/,https://zhongsai-steelstructure.com/en/projects/futian-bonded-zone-customs/,Path and search intent identical to V2 page,HIGH,,NO,UNKNOWN,HIGH,MEDIUM,USABLE,OK,N/A,KEEP,NO,NO,
/en/projects/guangdong-yixian-biotech-manufacturing,https://zhongsai-steelstructure.com/en/projects/guangdong-yixian-biotech-manufacturing,EN,Guangdong Yixian Biotech High-end Manufacturing Plant Project | Guangdong - ZhongSai Steel Structure,Guangdong Yixian Biotech High-end Manufacturing Plant Project,project,301_ONE_TO_ONE,/en/projects/yixian-biotech-manufacturing/,https://zhongsai-steelstructure.com/en/projects/yixian-biotech-manufacturing/,Path changed but same search intent; V2 has equivalent page,HIGH,,NO,UNKNOWN,HIGH,HIGH,USABLE,OK,N/A,301_ONE_TO_ONE,NO,NO,
/en/projects/guangzhou-gongkong-high-end-equipment-base,https://zhongsai-steelstructure.com/en/projects/guangzhou-gongkong-high-end-equipment-base,EN,"Guangzhou Gongkong Greater Bay Area High-end Equipment R&D and Production Base Project | Guangzhou, ",Guangzhou Gongkong Greater Bay Area High-end Equipment R&D and Production Base Project,project,301_ONE_TO_ONE,/en/projects/guangzhou-high-end-equipment-base/,https://zhongsai-steelstructure.com/en/projects/guangzhou-high-end-equipment-base/,Path changed but same search intent; V2 has equivalent page,HIGH,,NO,UNKNOWN,MEDIUM,MEDIUM,USABLE,OK,N/A,301_ONE_TO_ONE,NO,NO,
/en/projects/huarun-center-commercial-residential,https://zhongsai-steelstructure.com/en/projects/huarun-center-commercial-residential,EN,"Huarun Land Center Commercial & Residential Building Project | Dongguan, Guangdong - ZhongSai Steel ",Huarun Land Center Commercial & Residential Building Project,project,301_ONE_TO_ONE,/en/projects/dongguan-huarun-center/,https://zhongsai-steelstructure.com/en/projects/dongguan-huarun-center/,Path changed but same search intent; V2 has equivalent page,HIGH,,NO,UNKNOWN,MEDIUM,MEDIUM,USABLE,OK,N/A,301_ONE_TO_ONE,NO,NO,
/en/projects/indonesia-mining-steel-structure,https://zhongsai-steelstructure.com/en/projects/indonesia-mining-steel-structure,EN,Indonesia Mining Plant Steel Structure Project,"indonesia steel structure, mining plant steel building, steel structure export case",project,GONE_410_CANDIDATE,,,GENERATED_LEGACY_PROJECT: Legacy page was generated content and is not a verified ZhongSai project case. Overseas project (indonesia-mining-steel-structure); V2 currently only has 12 domestic projects. Needs content verification before migration.,MEDIUM,P1,YES,UNKNOWN,HIGH,HIGH,USABLE,OK,N/A,GONE_410_CANDIDATE,NO,NO,"Overseas project (indonesia-mining-steel-structure): NOT verified as ZhongSai project. Do NOT create V2 page. Requires company confirmation of participation scope. | V2-08C: Confirmed generated content, not real project. Marked GONE_410_CANDIDATE."
/en/projects/kenya-dairy-farm,https://zhongsai-steelstructure.com/en/projects/kenya-dairy-farm,EN,,,project,GONE_410_CANDIDATE,,,Already returns 404 on old site; no live content to migrate,HIGH,,NO,UNKNOWN,MEDIUM,MEDIUM,USABLE,OK,N/A,GONE_410_CANDIDATE,NO,NO,
/en/projects/kenya-dairy-farm-complex,https://zhongsai-steelstructure.com/en/projects/kenya-dairy-farm-complex,EN,"Dairy Farm Complex (Milking Parlor, Feed Storage, Cow Barn) in Nairobi, Kenya | ZhongSai Steel Struc","Dairy Farm Complex (Milking Parlor, Feed Storage, Cow Barn) — Nairobi, Kenya",project,GONE_410_CANDIDATE,,,GENERATED_LEGACY_PROJECT: Legacy page was generated content and is not a verified ZhongSai project case. Overseas project (kenya-dairy-farm-complex); V2 currently only has 12 domestic projects. Needs content verification before migration.,MEDIUM,P1,YES,UNKNOWN,MEDIUM,MEDIUM,USABLE,OK,N/A,GONE_410_CANDIDATE,NO,NO,"Overseas project (kenya-dairy-farm-complex): NOT verified as ZhongSai project. Do NOT create V2 page. Requires company confirmation of participation scope. | V2-08C: Confirmed generated content, not real project. Marked GONE_410_CANDIDATE."
/en/projects/luohu-mixc-commercial-skybridge,https://zhongsai-steelstructure.com/en/projects/luohu-mixc-commercial-skybridge,EN,"Luohu MixC Commercial Center Skybridge Project | Shenzhen, Guangdong - ZhongSai Steel Structure",Luohu MixC Commercial Center Skybridge Project,project,301_ONE_TO_ONE,/en/projects/luohu-mixc-skybridge/,https://zhongsai-steelstructure.com/en/projects/luohu-mixc-skybridge/,Path changed but same search intent; V2 has equivalent page,HIGH,,NO,UNKNOWN,HIGH,MEDIUM,USABLE,OK,N/A,301_ONE_TO_ONE,NO,NO,
/en/projects/malaysia-commercial-complex,https://zhongsai-steelstructure.com/en/projects/malaysia-commercial-complex,EN,"Commercial Complex — Kuala Lumpur, Malaysia | ZhongSai Steel Structure","Commercial Complex — Kuala Lumpur, Malaysia",project,GONE_410_CANDIDATE,,,GENERATED_LEGACY_PROJECT: Legacy page was generated content and is not a verified ZhongSai project case. Overseas project (malaysia-commercial-complex); V2 currently only has 12 domestic projects. Needs content verification before migration.,MEDIUM,P1,YES,UNKNOWN,HIGH,MEDIUM,USABLE,OK,N/A,GONE_410_CANDIDATE,NO,NO,"Overseas project (malaysia-commercial-complex): NOT verified as ZhongSai project. Do NOT create V2 page. Requires company confirmation of participation scope. | V2-08C: Confirmed generated content, not real project. Marked GONE_410_CANDIDATE."
/en/projects/mexico-appliance-factory,https://zhongsai-steelstructure.com/en/projects/mexico-appliance-factory,EN,"Appliance Factory — Monterrey, Mexico | ZhongSai Steel Structure","Appliance Factory — Monterrey, Mexico",project,GONE_410_CANDIDATE,,,GENERATED_LEGACY_PROJECT: Legacy page was generated content and is not a verified ZhongSai project case. Overseas project (mexico-appliance-factory); V2 currently only has 12 domestic projects. Needs content verification before migration.,MEDIUM,P1,YES,UNKNOWN,HIGH,HIGH,USABLE,OK,N/A,GONE_410_CANDIDATE,NO,NO,"Overseas project (mexico-appliance-factory): NOT verified as ZhongSai project. Do NOT create V2 page. Requires company confirmation of participation scope. | V2-08C: Confirmed generated content, not real project. Marked GONE_410_CANDIDATE."
/en/projects/nigeria-logistics-warehouse,https://zhongsai-steelstructure.com/en/projects/nigeria-logistics-warehouse,EN,,,project,GONE_410_CANDIDATE,,,Already returns 404 on old site; no live content to migrate,HIGH,,NO,UNKNOWN,HIGH,HIGH,USABLE,OK,N/A,GONE_410_CANDIDATE,NO,NO,
/en/projects/oman-oil-equipment-workshop,https://zhongsai-steelstructure.com/en/projects/oman-oil-equipment-workshop,EN,"Oil Equipment Workshop — Sohar, Oman | ZhongSai Steel Structure","Oil Equipment Workshop — Sohar, Oman",project,GONE_410_CANDIDATE,,,GENERATED_LEGACY_PROJECT: Legacy page was generated content and is not a verified ZhongSai project case. Overseas project (oman-oil-equipment-workshop); V2 currently only has 12 domestic projects. Needs content verification before migration.,MEDIUM,P1,YES,UNKNOWN,HIGH,HIGH,USABLE,OK,N/A,GONE_410_CANDIDATE,NO,NO,"Overseas project (oman-oil-equipment-workshop): NOT verified as ZhongSai project. Do NOT create V2 page. Requires company confirmation of participation scope. | V2-08C: Confirmed generated content, not real project. Marked GONE_410_CANDIDATE."
/en/projects/peru-mining-workshop,https://zhongsai-steelstructure.com/en/projects/peru-mining-workshop,EN,"Heavy Mining Equipment Workshop with 30-ton Crane in Lima, Peru | ZhongSai Steel Structure","Heavy Mining Equipment Workshop with 30-ton Crane — Lima, Peru",project,GONE_410_CANDIDATE,,,GENERATED_LEGACY_PROJECT: Legacy page was generated content and is not a verified ZhongSai project case. Overseas project (peru-mining-workshop); V2 currently only has 12 domestic projects. Needs content verification before migration.,MEDIUM,P1,YES,UNKNOWN,HIGH,HIGH,USABLE,OK,N/A,GONE_410_CANDIDATE,NO,NO,"Overseas project (peru-mining-workshop): NOT verified as ZhongSai project. Do NOT create V2 page. Requires company confirmation of participation scope. | V2-08C: Confirmed generated content, not real project. Marked GONE_410_CANDIDATE."
/en/projects/philippines-food-processing-plant,https://zhongsai-steelstructure.com/en/projects/philippines-food-processing-plant,EN,"Food Processing Plant — Manila, Philippines | ZhongSai Steel Structure","Food Processing Plant — Manila, Philippines",project,GONE_410_CANDIDATE,,,GENERATED_LEGACY_PROJECT: Legacy page was generated content and is not a verified ZhongSai project case. Overseas project (philippines-food-processing-plant); V2 currently only has 12 domestic projects. Needs content verification before migration.,MEDIUM,P1,YES,UNKNOWN,HIGH,MEDIUM,USABLE,OK,N/A,GONE_410_CANDIDATE,NO,NO,"Overseas project (philippines-food-processing-plant): NOT verified as ZhongSai project. Do NOT create V2 page. Requires company confirmation of participation scope. | V2-08C: Confirmed generated content, not real project. Marked GONE_410_CANDIDATE."
/en/projects/saudi-arabia-manufacturing-factory,https://zhongsai-steelstructure.com/en/projects/saudi-arabia-manufacturing-factory,EN,,,project,GONE_410_CANDIDATE,,,Already returns 404 on old site; no live content to migrate,HIGH,,NO,UNKNOWN,HIGH,HIGH,USABLE,OK,N/A,GONE_410_CANDIDATE,NO,NO,
/en/projects/shanghai-baoye-xiegang-aviation-manufacturing,https://zhongsai-steelstructure.com/en/projects/shanghai-baoye-xiegang-aviation-manufacturing,EN,"Shanghai Baoye Xiegang General Aviation Manufacturing & Supply Chain Project | Dongguan, Guangdong -",Shanghai Baoye Xiegang General Aviation Manufacturing & Supply Chain Project,project,301_ONE_TO_ONE,/en/projects/xiegang-aviation-manufacturing/,https://zhongsai-steelstructure.com/en/projects/xiegang-aviation-manufacturing/,Path changed but same search intent; V2 has equivalent page,HIGH,,NO,UNKNOWN,MEDIUM,HIGH,USABLE,OK,N/A,301_ONE_TO_ONE,NO,NO,
/en/projects/shantou-luxshare-precision-electronics,https://zhongsai-steelstructure.com/en/projects/shantou-luxshare-precision-electronics,EN,"Shantou Luxshare Precision Global Electronics Information Industry Center Project | Shantou, Guangdo",Shantou Luxshare Precision Global Electronics Information Industry Center Project,project,301_ONE_TO_ONE,/en/projects/shantou-luxshare-electronics-center/,https://zhongsai-steelstructure.com/en/projects/shantou-luxshare-electronics-center/,Path changed but same search intent; V2 has equivalent page,HIGH,,NO,UNKNOWN,MEDIUM,MEDIUM,USABLE,OK,N/A,301_ONE_TO_ONE,NO,NO,
/en/projects/shenzhen-international-zhanjiang-logistics-port,https://zhongsai-steelstructure.com/en/projects/shenzhen-international-zhanjiang-logistics-port,EN,"Shenzhen International Zhanjiang Comprehensive Logistics Port Project | Zhanjiang, Guangdong - Zhong",Shenzhen International Zhanjiang Comprehensive Logistics Port Project,project,301_ONE_TO_ONE,/en/projects/zhanjiang-logistics-port/,https://zhongsai-steelstructure.com/en/projects/zhanjiang-logistics-port/,Path changed but same search intent; V2 has equivalent page,HIGH,,NO,UNKNOWN,MEDIUM,MEDIUM,USABLE,OK,N/A,301_ONE_TO_ONE,NO,NO,
/en/projects/shenzhen-qianhai-dreamfactory,https://zhongsai-steelstructure.com/en/projects/shenzhen-qianhai-dreamfactory,EN,"Shenzhen Qianhai Shenzhen-Hong Kong Youth DreamFactory Project | Shenzhen, Guangdong - ZhongSai Stee",Shenzhen Qianhai Shenzhen-Hong Kong Youth DreamFactory Project,project,301_ONE_TO_ONE,/en/projects/qianhai-dreamfactory/,https://zhongsai-steelstructure.com/en/projects/qianhai-dreamfactory/,Path changed but same search intent; V2 has equivalent page,HIGH,,NO,UNKNOWN,HIGH,HIGH,USABLE,OK,N/A,301_ONE_TO_ONE,NO,NO,
/en/projects/south-africa-auto-parts-factory,https://zhongsai-steelstructure.com/en/projects/south-africa-auto-parts-factory,EN,"Automotive Parts Manufacturing Factory with 10-ton Crane in Johannesburg, South Africa | ZhongSai St","Automotive Parts Manufacturing Factory with 10-ton Crane — Johannesburg, South Africa",project,GONE_410_CANDIDATE,,,GENERATED_LEGACY_PROJECT: Legacy page was generated content and is not a verified ZhongSai project case. Overseas project (south-africa-auto-parts-factory); V2 currently only has 12 domestic projects. Needs content verification before migration.,MEDIUM,P1,YES,UNKNOWN,HIGH,HIGH,USABLE,OK,N/A,GONE_410_CANDIDATE,NO,NO,"Overseas project (south-africa-auto-parts-factory): NOT verified as ZhongSai project. Do NOT create V2 page. Requires company confirmation of participation scope. | V2-08C: Confirmed generated content, not real project. Marked GONE_410_CANDIDATE."
/en/projects/tanzania-grain-storage-warehouse,https://zhongsai-steelstructure.com/en/projects/tanzania-grain-storage-warehouse,EN,"Grain Storage Warehouse — Dar es Salaam, Tanzania | ZhongSai Steel Structure","Grain Storage Warehouse — Dar es Salaam, Tanzania",project,GONE_410_CANDIDATE,,,GENERATED_LEGACY_PROJECT: Legacy page was generated content and is not a verified ZhongSai project case. Overseas project (tanzania-grain-storage-warehouse); V2 currently only has 12 domestic projects. Needs content verification before migration.,MEDIUM,P1,YES,UNKNOWN,HIGH,HIGH,USABLE,OK,N/A,GONE_410_CANDIDATE,NO,NO,"Overseas project (tanzania-grain-storage-warehouse): NOT verified as ZhongSai project. Do NOT create V2 page. Requires company confirmation of participation scope. | V2-08C: Confirmed generated content, not real project. Marked GONE_410_CANDIDATE."
/en/projects/vietnam-ecommerce-logistics-center,https://zhongsai-steelstructure.com/en/projects/vietnam-ecommerce-logistics-center,EN,"E-commerce Logistics Warehouse with 12m Eave Height in Ho Chi Minh City, Vietnam | ZhongSai Steel St","E-commerce Logistics Warehouse with 12m Eave Height — Ho Chi Minh City, Vietnam",project,GONE_410_CANDIDATE,,,GENERATED_LEGACY_PROJECT: Legacy page was generated content and is not a verified ZhongSai project case. Overseas project (vietnam-ecommerce-logistics-center); V2 currently only has 12 domestic projects. Needs content verification before migration.,MEDIUM,P1,YES,UNKNOWN,HIGH,HIGH,USABLE,OK,N/A,GONE_410_CANDIDATE,NO,NO,"Overseas project (vietnam-ecommerce-logistics-center): NOT verified as ZhongSai project. Do NOT create V2 page. Requires company confirmation of participation scope. | V2-08C: Confirmed generated content, not real project. Marked GONE_410_CANDIDATE."
/en/shipments,https://zhongsai-steelstructure.com/en/shipments,EN,Steel Structure Shipping Updates | Loading Videos & Photos | ZhongSai Steel,Shipping Updates — Container Loading,other,301_ONE_TO_ONE,/en/export-delivery/,https://zhongsai-steelstructure.com/en/export-delivery/,Path changed but same search intent; V2 has equivalent page,HIGH,,NO,UNKNOWN,HIGH,HIGH,USABLE,OK,N/A,301_ONE_TO_ONE,NO,NO,
/en/solutions,https://zhongsai-steelstructure.com/en/solutions,EN,Steel Structure Solutions | Industrial Factory Warehouse Mining Commercial | ZhongSai,Steel Structure Solutions by Industry,solution,MIGRATE_CONTENT,,,Solutions hub; V2 solutions is NOINDEX placeholder. Cannot redirect to placeholder.,HIGH,P1,YES,UNKNOWN,HIGH,HIGH,USABLE,OK,P1_30_DAYS,SAFE_MERGE,NO,NO,Solutions hub: V2 solutions is NOINDEX. Merge to /products/ as closest intent equivalent. Build proper solutions page in 30 days.
/en/steel-building-solutions/agriculture,https://zhongsai-steelstructure.com/en/steel-building-solutions/agriculture,EN,Steel Structure Poultry Farm & Agricultural Buildings | ZhongSai China,Steel Structure Poultry Farm & Agricultural Building Solutions,solution,MERGE_301,/en/products/,https://zhongsai-steelstructure.com/en/products/,Thin/category page merged into stronger V2 hub page with same intent,MEDIUM,,NO,UNKNOWN,HIGH,MEDIUM,USABLE,OK,N/A,SAFE_MERGE,NO,NO,
/en/steel-building-solutions/commercial,https://zhongsai-steelstructure.com/en/steel-building-solutions/commercial,EN,"Steel Structure for Commercial Retail | Supermarkets, 4S Shops, Offices | ZhongSai",Steel Structure Solutions for Commercial Retail Buildings,solution,MERGE_301,/en/products/,https://zhongsai-steelstructure.com/en/products/,Thin/category page merged into stronger V2 hub page with same intent,MEDIUM,,NO,UNKNOWN,HIGH,MEDIUM,USABLE,OK,N/A,SAFE_MERGE,NO,NO,
/en/steel-building-solutions/energy,https://zhongsai-steelstructure.com/en/steel-building-solutions/energy,EN,"Steel Structure for Energy & Petrochemical Industry | Power Plants, Refineries | ZhongSai",Steel Structure Solutions for Energy & Petrochemical Industry,solution,MERGE_301,/en/products/,https://zhongsai-steelstructure.com/en/products/,Thin/category page merged into stronger V2 hub page with same intent,MEDIUM,,NO,UNKNOWN,HIGH,MEDIUM,USABLE,OK,N/A,SAFE_MERGE,NO,NO,
/en/steel-building-solutions/logistics,https://zhongsai-steelstructure.com/en/steel-building-solutions/logistics,EN,Steel Warehouse for Logistics & Distribution Centers | ZhongSai China,Steel Warehouse Solutions for Logistics & Distribution Centers,solution,MERGE_301,/en/steel-warehouse/,https://zhongsai-steelstructure.com/en/steel-warehouse/,Thin/category page merged into stronger V2 hub page with same intent,MEDIUM,,NO,UNKNOWN,HIGH,HIGH,USABLE,OK,N/A,SAFE_MERGE,NO,NO,
/en/steel-building-solutions/manufacturing,https://zhongsai-steelstructure.com/en/steel-building-solutions/manufacturing,EN,Steel Structure for Manufacturing Industry | Factory Buildings | ZhongSai,Steel Structure Solutions for the Manufacturing Industry,solution,MERGE_301,/en/steel-workshop/,https://zhongsai-steelstructure.com/en/steel-workshop/,Thin/category page merged into stronger V2 hub page with same intent,MEDIUM,,NO,UNKNOWN,HIGH,HIGH,USABLE,OK,N/A,SAFE_MERGE,NO,NO,
/en/steel-building-solutions/mining,https://zhongsai-steelstructure.com/en/steel-building-solutions/mining,EN,Steel Structure for Mining Industry | Mine Buildings & Conveyors | ZhongSai,Steel Structure Solutions for the Mining Industry,solution,MERGE_301,/en/products/,https://zhongsai-steelstructure.com/en/products/,Thin/category page merged into stronger V2 hub page with same intent,MEDIUM,,NO,UNKNOWN,HIGH,MEDIUM,USABLE,OK,N/A,SAFE_MERGE,NO,NO,
/en/steel-building-solutions/public,https://zhongsai-steelstructure.com/en/steel-building-solutions/public,EN,"Steel Structure for Public Buildings | Schools, Hospitals, Gyms | ZhongSai",Steel Structure Solutions for Public & Institutional Buildings,solution,MERGE_301,/en/products/,https://zhongsai-steelstructure.com/en/products/,Thin/category page merged into stronger V2 hub page with same intent,MEDIUM,,NO,UNKNOWN,HIGH,MEDIUM,USABLE,OK,N/A,SAFE_MERGE,NO,NO,
/en/steel-car-4s-dealership,https://zhongsai-steelstructure.com/en/steel-car-4s-dealership,EN,Prefab Steel Structure Car 4S Dealership & Brand Store Manufacturer,Prefab Steel Structure Car 4S Dealership,application,MIGRATE_CONTENT,,,Application page (steel-car-4s-dealership); no V2 equivalent. Evaluate migration or merge into Products/Workshop/Warehouse.,MEDIUM,P1,YES,UNKNOWN,HIGH,HIGH,USABLE,OK,P1_30_DAYS,LEGACY_PRESERVE,YES,NO,"Application (steel-car-4s-dealership): distinct commercial intent, no V2 target. Legacy preserve at cutover, rebuild in 30 days."
/en/steel-equipment-platform,https://zhongsai-steelstructure.com/en/steel-equipment-platform,EN,Steel Structure Equipment Platform & Work Platform Manufacturer,Equipment Platform & Custom Steel Engineering,application,MIGRATE_CONTENT,,,Application page (steel-equipment-platform); no V2 equivalent. Evaluate migration or merge into Products/Workshop/Warehouse.,MEDIUM,P1,YES,UNKNOWN,HIGH,HIGH,USABLE,OK,P2_GROWTH,P2_GROWTH,NO,NO,"Application (steel-equipment-platform): niche intent. Long-term growth, not cutover blocker."
/en/steel-exhibition-hall,https://zhongsai-steelstructure.com/en/steel-exhibition-hall,EN,Large Span Steel Structure Exhibition Hall & Convention Center Manufacturer,Large Span Steel Structure Exhibition Hall,application,MIGRATE_CONTENT,,,Application page (steel-exhibition-hall); no V2 equivalent. Evaluate migration or merge into Products/Workshop/Warehouse.,MEDIUM,P1,YES,UNKNOWN,HIGH,HIGH,USABLE,OK,P1_30_DAYS,LEGACY_PRESERVE,YES,NO,"Application (steel-exhibition-hall): distinct commercial intent, no V2 target. Legacy preserve at cutover, rebuild in 30 days."
/en/steel-factory-crane,https://zhongsai-steelstructure.com/en/steel-factory-crane,EN,Prefab Steel Structure Factory Building with Overhead Crane Manufacturer,Prefab Steel Structure Factory with Overhead Crane,application,MIGRATE_CONTENT,,,Application page (steel-factory-crane); no V2 equivalent. Evaluate migration or merge into Products/Workshop/Warehouse.,MEDIUM,P1,YES,UNKNOWN,HIGH,HIGH,USABLE,OK,P2_GROWTH,P2_GROWTH,NO,NO,"Application (steel-factory-crane): niche intent. Long-term growth, not cutover blocker."
/en/steel-hangar,https://zhongsai-steelstructure.com/en/steel-hangar,EN,Steel Structure Hangar & Aircraft Hangar Manufacturer China | ZhongSai,Steel Hangar & Large Span Building Solutions,application,MIGRATE_CONTENT,,,Application page (steel-hangar); no V2 equivalent. Evaluate migration or merge into Products/Workshop/Warehouse.,MEDIUM,P1,YES,UNKNOWN,HIGH,HIGH,USABLE,OK,P1_30_DAYS,LEGACY_PRESERVE,YES,NO,"Application (steel-hangar): distinct commercial intent, no V2 target. Legacy preserve at cutover, rebuild in 30 days."
/en/steel-hospital-building,https://zhongsai-steelstructure.com/en/steel-hospital-building,EN,Prefab Steel Structure Hospital Building Manufacturer China,Hospital & Public Building Steel Structure Solutions,application,MIGRATE_CONTENT,,,Application page (steel-hospital-building); no V2 equivalent. Evaluate migration or merge into Products/Workshop/Warehouse.,MEDIUM,P1,YES,UNKNOWN,HIGH,HIGH,USABLE,OK,P1_30_DAYS,LEGACY_PRESERVE,YES,NO,"Application (steel-hospital-building): distinct commercial intent, no V2 target. Legacy preserve at cutover, rebuild in 30 days."
/en/steel-hotel-restaurant,https://zhongsai-steelstructure.com/en/steel-hotel-restaurant,EN,Prefab Steel Structure Hotel & Restaurant Building Manufacturer,Prefab Steel Structure Hotel & Restaurant,application,MIGRATE_CONTENT,,,Application page (steel-hotel-restaurant); no V2 equivalent. Evaluate migration or merge into Products/Workshop/Warehouse.,MEDIUM,P1,YES,UNKNOWN,HIGH,HIGH,USABLE,OK,P1_30_DAYS,LEGACY_PRESERVE,YES,NO,"Application (steel-hotel-restaurant): distinct commercial intent, no V2 target. Legacy preserve at cutover, rebuild in 30 days."
/en/steel-livestock-barn,https://zhongsai-steelstructure.com/en/steel-livestock-barn,EN,Steel Structures for Agricultural & Special-Use Buildings | ZhongSai,Steel Structures for Agricultural & Special-Use Buildings,application,MIGRATE_CONTENT,,,Application page (steel-livestock-barn); no V2 equivalent. Evaluate migration or merge into Products/Workshop/Warehouse.,MEDIUM,P1,YES,UNKNOWN,MEDIUM,MEDIUM,USABLE,OK,P2_GROWTH,P2_GROWTH,NO,NO,"Application (steel-livestock-barn): niche intent. Long-term growth, not cutover blocker."
/en/steel-mining-conveyor,https://zhongsai-steelstructure.com/en/steel-mining-conveyor,EN,Steel Structure Mining Conveyor Corridor & Gallery Manufacturer,Mining Conveyor & Equipment Platform Steel Structure,application,MIGRATE_CONTENT,,,Application page (steel-mining-conveyor); no V2 equivalent. Evaluate migration or merge into Products/Workshop/Warehouse.,MEDIUM,P1,YES,UNKNOWN,HIGH,HIGH,USABLE,OK,P2_GROWTH,P2_GROWTH,NO,NO,"Application (steel-mining-conveyor): niche intent. Long-term growth, not cutover blocker."
/en/steel-mining-factory,https://zhongsai-steelstructure.com/en/steel-mining-factory,EN,Steel Structures for Mining & Heavy Industrial Projects | ZhongSai,Steel Structures for Mining & Heavy Industrial Projects,application,MIGRATE_CONTENT,,,Application page (steel-mining-factory); V2 has only NOINDEX placeholder. Content needs migration before indexable.,HIGH,P0,YES,UNKNOWN,HIGH,HIGH,USABLE,OK,P0_CUTOVER,LEGACY_PRESERVED_200,IMPLEMENTED,NO,"Mining factory: V2 page exists but NOINDEX. Old page has real content. Legacy preserve at cutover (keep URL 200 with V2 framework + fact-checked content), then make indexable in 30 days. | P0 implemented in V2-08B: HTTP 200, indexable"
/en/steel-office-building,https://zhongsai-steelstructure.com/en/steel-office-building,EN,Prefab Steel Structure Office Building Manufacturer China,Steel Office Building & Commercial Structure Solutions,application,MIGRATE_CONTENT,,,Application page (steel-office-building); no V2 equivalent. Evaluate migration or merge into Products/Workshop/Warehouse.,MEDIUM,P1,YES,UNKNOWN,HIGH,HIGH,USABLE,OK,P1_30_DAYS,LEGACY_PRESERVE,YES,NO,"Application (steel-office-building): distinct commercial intent, no V2 target. Legacy preserve at cutover, rebuild in 30 days."
/en/steel-residential-villa,https://zhongsai-steelstructure.com/en/steel-residential-villa,EN,Prefab Steel Structure Residential Villa & Apartment Building Manufacturer,Prefab Steel Structure Residential Villa,application,MIGRATE_CONTENT,,,Application page (steel-residential-villa); no V2 equivalent. Evaluate migration or merge into Products/Workshop/Warehouse.,MEDIUM,P1,YES,UNKNOWN,HIGH,HIGH,USABLE,OK,P2_GROWTH,P2_GROWTH,NO,NO,"Application (steel-residential-villa): niche intent. Long-term growth, not cutover blocker."
/en/steel-school-building,https://zhongsai-steelstructure.com/en/steel-school-building,EN,Prefab Steel Structure School Building Manufacturer China,School & Educational Building Steel Structure Solutions,application,MIGRATE_CONTENT,,,Application page (steel-school-building); no V2 equivalent. Evaluate migration or merge into Products/Workshop/Warehouse.,MEDIUM,P1,YES,UNKNOWN,HIGH,HIGH,USABLE,OK,P1_30_DAYS,LEGACY_PRESERVE,YES,NO,"Application (steel-school-building): distinct commercial intent, no V2 target. Legacy preserve at cutover, rebuild in 30 days."
/en/steel-sports-arena,https://zhongsai-steelstructure.com/en/steel-sports-arena,EN,Large Span Steel Structure Sports Arena & Gymnasium Manufacturer,Large Span Steel Structure Sports Arena,application,MIGRATE_CONTENT,,,Application page (steel-sports-arena); no V2 equivalent. Evaluate migration or merge into Products/Workshop/Warehouse.,MEDIUM,P1,YES,UNKNOWN,HIGH,HIGH,USABLE,OK,P1_30_DAYS,LEGACY_PRESERVE,YES,NO,"Application (steel-sports-arena): distinct commercial intent, no V2 target. Legacy preserve at cutover, rebuild in 30 days."
/en/steel-supermarket-mall,https://zhongsai-steelstructure.com/en/steel-supermarket-mall,EN,Steel Structures for Commercial & Public Buildings | ZhongSai,Steel Structures for Commercial & Public Buildings,application,MIGRATE_CONTENT,,,Application page (steel-supermarket-mall); V2 has only NOINDEX placeholder. Content needs migration before indexable.,HIGH,P0,YES,UNKNOWN,MEDIUM,MEDIUM,USABLE,OK,P1_30_DAYS,LEGACY_PRESERVE,YES,NO,"Supermarket/mall: V2 page exists but NOINDEX. Commercial intent but narrower than warehouse/workshop. Legacy preserve at cutover, rebuild properly in 30 days."
/en/steel-warehouse,https://zhongsai-steelstructure.com/en/steel-warehouse,EN,Prefab Steel Warehouse Manufacturer in China | ZhongSai Steel Structure,Steel Warehouse & Logistics Building Solutions,application,KEEP,/en/steel-warehouse/,https://zhongsai-steelstructure.com/en/steel-warehouse/,Path and search intent identical to V2 page,HIGH,,NO,UNKNOWN,HIGH,HIGH,USABLE,OK,N/A,KEEP,NO,NO,
/en/steel-warehouse-logistics,https://zhongsai-steelstructure.com/en/steel-warehouse-logistics,EN,Prefab Steel Structure Warehouse & Logistics Center Manufacturer China,Prefab Steel Structure Warehouse & Logistics Center,application,MERGE_301,/en/steel-warehouse/,https://zhongsai-steelstructure.com/en/steel-warehouse/,Thin/category page merged into stronger V2 hub page with same intent,MEDIUM,,NO,UNKNOWN,HIGH,HIGH,USABLE,OK,N/A,SAFE_MERGE,NO,NO,
/en/steel-workshop,https://zhongsai-steelstructure.com/en/steel-workshop,EN,Steel Structure Workshop & Factory Building Manufacturer China | ZhongSai,Steel Factory & Workshop Building Solutions,application,KEEP,/en/steel-workshop/,https://zhongsai-steelstructure.com/en/steel-workshop/,Path and search intent identical to V2 page,HIGH,,NO,UNKNOWN,HIGH,HIGH,USABLE,OK,N/A,KEEP,NO,NO,
/en/steel-workshop-processing,https://zhongsai-steelstructure.com/en/steel-workshop-processing,EN,Prefab Steel Structure Workshop & Processing Plant Manufacturer,Prefab Steel Structure Workshop & Processing Plant,application,MERGE_301,/en/steel-workshop/,https://zhongsai-steelstructure.com/en/steel-workshop/,Thin/category page merged into stronger V2 hub page with same intent,MEDIUM,,NO,UNKNOWN,HIGH,HIGH,USABLE,OK,N/A,SAFE_MERGE,NO,NO,
/en/terms,https://zhongsai-steelstructure.com/en/terms,EN,Terms of Service | ZhongSai Steel Structure,Terms of Service,legal,KEEP,/en/terms/,https://zhongsai-steelstructure.com/en/terms/,Path and search intent identical to V2 page,HIGH,,NO,UNKNOWN,MEDIUM,MEDIUM,USABLE,OK,N/A,KEEP,NO,NO,
/faq,https://zhongsai-steelstructure.com/faq,OTHER,FAQ - Steel Structure Export from China | ZhongSai Steel Structure,Frequently Asked Questions About Steel Structure Export from China,resource,MIGRATE_CONTENT,,,FAQ page; V2 FAQ is NOINDEX placeholder. FAQ content needs migration.,HIGH,P2,NO,UNKNOWN,HIGH,HIGH,USABLE,OK,P1_30_DAYS,P1_30_DAYS,NO,NO,"Unclassified MIGRATE_CONTENT: default P1, review manually."
/landing,https://zhongsai-steelstructure.com/landing,OTHER,免费获取钢结构报价 | 中国工厂直销预制钢结构建筑 - 中赛钢构,中国工厂直销 高端预制钢结构建筑,landing,301_ONE_TO_ONE,/en/,https://zhongsai-steelstructure.com/en/,Path changed but same search intent; V2 has equivalent page,HIGH,,NO,UNKNOWN,LOW,MEDIUM,USABLE,OK,N/A,301_ONE_TO_ONE,NO,NO,
/privacy,https://zhongsai-steelstructure.com/privacy,OTHER,隐私政策 | 中赛钢构,隐私政策,legal,301_ONE_TO_ONE,/en/privacy/,https://zhongsai-steelstructure.com/en/privacy/,Path changed but same search intent; V2 has equivalent page,HIGH,,NO,UNKNOWN,LOW,MEDIUM,USABLE,OK,N/A,301_ONE_TO_ONE,NO,NO,
/products,https://zhongsai-steelstructure.com/products,OTHER,钢结构产品中心 | 预制厂房仓库公共民用建筑 - 中赛钢构,钢结构产品 | 工业厂房、仓库、矿业能源建筑,product,301_ONE_TO_ONE,/en/products/,https://zhongsai-steelstructure.com/en/products/,Path changed but same search intent; V2 has equivalent page,HIGH,,NO,UNKNOWN,LOW,MEDIUM,USABLE,OK,N/A,301_ONE_TO_ONE,NO,NO,
/projects,https://zhongsai-steelstructure.com/projects,OTHER,全球项目案例 | 钢结构材料供应案例 - 中赛钢构,中赛钢构项目案例 | 国内外钢结构工程,project,301_ONE_TO_ONE,/en/projects/,https://zhongsai-steelstructure.com/en/projects/,Path changed but same search intent; V2 has equivalent page,HIGH,,NO,UNKNOWN,MEDIUM,MEDIUM,USABLE,OK,N/A,301_ONE_TO_ONE,NO,NO,
/shipments,https://zhongsai-steelstructure.com/shipments,OTHER,钢结构出货动态 | 装柜实拍照片 | 中赛钢构,出货动态 — 装柜实拍,other,301_ONE_TO_ONE,/en/export-delivery/,https://zhongsai-steelstructure.com/en/export-delivery/,Path changed but same search intent; V2 has equivalent page,HIGH,,NO,UNKNOWN,LOW,MEDIUM,USABLE,OK,N/A,301_ONE_TO_ONE,NO,NO,
/solutions,https://zhongsai-steelstructure.com/solutions,OTHER,行业解决方案 | 制造业物流矿业商业农业钢结构 - 中赛钢构,钢结构解决方案 | 按行业需求定制,solution,MIGRATE_CONTENT,,,Solutions hub; V2 solutions is NOINDEX placeholder. Cannot redirect to placeholder.,HIGH,P1,YES,UNKNOWN,MEDIUM,MEDIUM,USABLE,OK,P1_30_DAYS,SAFE_MERGE,NO,NO,Solutions hub: V2 solutions is NOINDEX. Merge to /products/ as closest intent equivalent. Build proper solutions page in 30 days.
/terms,https://zhongsai-steelstructure.com/terms,OTHER,服务条款 | 中赛钢构,服务条款,legal,301_ONE_TO_ONE,/en/terms/,https://zhongsai-steelstructure.com/en/terms/,Path changed but same search intent; V2 has equivalent page,HIGH,,NO,UNKNOWN,LOW,MEDIUM,USABLE,OK,N/A,301_ONE_TO_ONE,NO,NO,
/zh,https://zhongsai-steelstructure.com/zh/,ZH,中赛钢构｜钢结构设计、深化、制造与全球出口交付,让钢结构项目从图纸走向现场,homepage,KEEP,/zh/,https://zhongsai-steelstructure.com/zh/,Path and search intent identical to V2 page,HIGH,,NO,UNKNOWN,LOW,MEDIUM,USABLE,OK,N/A,KEEP,NO,NO,
/zh/about,https://zhongsai-steelstructure.com/zh/about,ZH,关于中赛钢构 | 钢结构设计深化制造出口制造商 - 中赛钢构,关于中赛钢构,about,KEEP,/zh/about/,https://zhongsai-steelstructure.com/zh/about/,Path and search intent identical to V2 page,HIGH,,NO,UNKNOWN,LOW,MEDIUM,USABLE,OK,N/A,KEEP,NO,NO,
/zh/blog,https://zhongsai-steelstructure.com/zh/blog/,ZH,钢结构博客 | 行业洞察、指南和成本分析 - 中赛钢构,Steel Structure Insights & Buying Guides,blog,MIGRATE_CONTENT,,,Blog hub; V2 has no blog system. High SEO traffic asset.,HIGH,P0,YES,UNKNOWN,HIGH,MEDIUM,USABLE,OK,P2_GROWTH,DROP_CANDIDATE,NO,NO,"Blog cluster: Other Blog | Low intent/other: drop candidate, review before 410"
/zh/blog/astm-vs-gb-steel-grades-comparison,https://zhongsai-steelstructure.com/zh/blog/astm-vs-gb-steel-grades-comparison,ZH,ASTM vs GB钢材牌号完全对比：钢结构出口选材指南,ASTM vs GB钢材牌号完全对比：钢结构出口选材指南,blog,MIGRATE_CONTENT,,,Blog article (astm-vs-gb-steel-grades-comparison); V2 has no blog system. Evaluate for migration or new landing page.,HIGH,P0,YES,UNKNOWN,LOW,MEDIUM,USABLE,OK,P2_GROWTH,P2_GROWTH,NO,NO,Blog cluster: Corrosion & Materials | Medium intent technical guide: long-term growth
/zh/blog/gangjiegou-anzhuang-zhinan-haiwai,https://zhongsai-steelstructure.com/zh/blog/gangjiegou-anzhuang-zhinan-haiwai,ZH,海外钢结构安装完整指南：从基础验收到竣工验收的技术实操手册,海外钢结构安装完整指南：从基础验收到竣工验收的技术实操手册,blog,MIGRATE_CONTENT,,,Blog article (gangjiegou-anzhuang-zhinan-haiwai); V2 has no blog system. Evaluate for migration or new landing page.,HIGH,P1,YES,UNKNOWN,LOW,MEDIUM,USABLE,OK,P2_GROWTH,P2_GROWTH,NO,NO,Blog cluster: Installation Guide | Medium intent technical guide: long-term growth
/zh/blog/gangjiegou-cangku-zaojia-2026,https://zhongsai-steelstructure.com/zh/blog/gangjiegou-cangku-zaojia-2026,ZH,,,blog,GONE_410_CANDIDATE,,,Already returns 404 on old site; no live content to migrate,HIGH,,NO,UNKNOWN,LOW,MEDIUM,USABLE,OK,N/A,GONE_410_CANDIDATE,NO,NO,
/zh/blog/gangjiegou-cangku-zaojia-duoshaoqian,https://zhongsai-steelstructure.com/zh/blog/gangjiegou-cangku-zaojia-duoshaoqian,ZH,钢结构仓库造价多少钱一平方？2026年完整价格拆解与省钱指南,钢结构仓库造价多少钱一平方？2026年完整价格拆解与省钱指南,blog,MIGRATE_CONTENT,,,Blog article (gangjiegou-cangku-zaojia-duoshaoqian); V2 has no blog system. Evaluate for migration or new landing page.,HIGH,P1,YES,UNKNOWN,LOW,MEDIUM,USABLE,OK,P1_30_DAYS,SAFE_MERGE,NO,NO,Blog cluster: Warehouse Cost | Secondary/cannibalization URL: merge to primary EN URL or rebuild ZH version in 30 days
/zh/blog/gangjiegou-changfang-zaojia-zhinan,https://zhongsai-steelstructure.com/zh/blog/gangjiegou-changfang-zaojia-zhinan,ZH,钢结构厂房造价完整指南：2026年吊车配置、跨度与成本深度分析,钢结构厂房造价完整指南：2026年吊车配置、跨度与成本深度分析,blog,MIGRATE_CONTENT,,,Blog article (gangjiegou-changfang-zaojia-zhinan); V2 has no blog system. Evaluate for migration or new landing page.,HIGH,P1,YES,UNKNOWN,LOW,MEDIUM,USABLE,OK,P1_30_DAYS,SAFE_MERGE,NO,NO,Blog cluster: Workshop Cost | Secondary/cannibalization URL: merge to primary EN URL or rebuild ZH version in 30 days
/zh/blog/gangjiegou-chukou-feizhou-quanliucheng,https://zhongsai-steelstructure.com/zh/blog/gangjiegou-chukou-feizhou-quanliucheng,ZH,钢结构出口非洲完整流程：从询价到安装指导的全链路实操指南,钢结构出口非洲完整流程：从询价到安装指导的全链路实操指南,blog,MIGRATE_CONTENT,,,Blog article (gangjiegou-chukou-feizhou-quanliucheng); V2 has no blog system. Evaluate for migration or new landing page.,HIGH,P1,YES,UNKNOWN,LOW,MEDIUM,USABLE,OK,P1_30_DAYS,SAFE_MERGE,NO,NO,Blog cluster: Import from China | Secondary/cannibalization URL: merge to primary EN URL or rebuild ZH version in 30 days
/zh/blog/gangjiegou-vs-hunningtu-chengben-duibi,https://zhongsai-steelstructure.com/zh/blog/gangjiegou-vs-hunningtu-chengben-duibi,ZH,钢结构vs混凝土：2026年全生命周期成本、速度与适用场景深度对比,钢结构vs混凝土：2026年全生命周期成本、速度与适用场景深度对比,blog,MIGRATE_CONTENT,,,Blog article (gangjiegou-vs-hunningtu-chengben-duibi); V2 has no blog system. Evaluate for migration or new landing page.,HIGH,P0,YES,UNKNOWN,LOW,MEDIUM,USABLE,OK,P2_GROWTH,P2_GROWTH,NO,NO,Blog cluster: Steel vs Concrete | Medium intent technical guide: long-term growth
/zh/blog/how-much-does-steel-structure-warehouse-cost,https://zhongsai-steelstructure.com/zh/blog/how-much-does-steel-structure-warehouse-cost,ZH,钢结构仓库造价完整解析：从材料到海运的全成本指南,钢结构仓库造价完整解析：从材料到海运的全成本指南,blog,MIGRATE_CONTENT,,,Blog article (how-much-does-steel-structure-warehouse-cost); V2 has no blog system. Evaluate for migration or new landing page.,HIGH,P0,YES,UNKNOWN,HIGH,HIGH,STRONG,OK,P1_30_DAYS,SAFE_MERGE,NO,NO,Blog cluster: Warehouse Cost | Secondary/cannibalization URL: merge to primary EN URL or rebuild ZH version in 30 days
/zh/blog/how-to-buy-steel-buildings-from-china,https://zhongsai-steelstructure.com/zh/blog/how-to-buy-steel-buildings-from-china,ZH,如何从中国采购钢结构建筑：2026年完整买家指南,如何从中国采购钢结构建筑：2026年完整买家指南,blog,MIGRATE_CONTENT,,,Blog article (how-to-buy-steel-buildings-from-china); V2 has no blog system. Evaluate for migration or new landing page.,HIGH,P1,YES,UNKNOWN,HIGH,MEDIUM,USABLE,OK,P2_GROWTH,DROP_CANDIDATE,NO,NO,"Blog cluster: Other Blog | Low intent/other: drop candidate, review before 410"
/zh/blog/how-to-choose-steel-structure-manufacturer-china,https://zhongsai-steelstructure.com/zh/blog/how-to-choose-steel-structure-manufacturer-china,ZH,如何选择中国钢结构厂家：2026年海外买家完整评估指南,如何选择中国钢结构厂家：2026年海外买家完整评估指南,blog,MIGRATE_CONTENT,,,Blog article (how-to-choose-steel-structure-manufacturer-china); V2 has no blog system. Evaluate for migration or new landing page.,HIGH,P0,YES,UNKNOWN,HIGH,HIGH,USABLE,OK,P2_GROWTH,DROP_CANDIDATE,NO,NO,"Blog cluster: Other Blog | Low intent/other: drop candidate, review before 410"
/zh/blog/how-to-import-steel-structure-from-china-complete-guide,https://zhongsai-steelstructure.com/zh/blog/how-to-import-steel-structure-from-china-complete-guide,ZH,从中国进口钢结构完全指南：2026年最新流程与注意事项,从中国进口钢结构完全指南：2026年最新流程与注意事项,blog,MIGRATE_CONTENT,,,Blog article (how-to-import-steel-structure-from-china-complete-guide); V2 has no blog system. Evaluate for migration or new landing page.,HIGH,P0,YES,UNKNOWN,HIGH,MEDIUM,USABLE,OK,P1_30_DAYS,SAFE_MERGE,NO,NO,Blog cluster: Import from China | Secondary/cannibalization URL: merge to primary EN URL or rebuild ZH version in 30 days
/zh/blog/shipping-cost-steel-structure-from-china,https://zhongsai-steelstructure.com/zh/blog/shipping-cost-steel-structure-from-china,ZH,钢结构海运费完全指南：2026年全球航线价格与省钱技巧,钢结构海运费完全指南：2026年全球航线价格与省钱技巧,blog,MIGRATE_CONTENT,,,Blog article (shipping-cost-steel-structure-from-china); V2 has no blog system. Evaluate for migration or new landing page.,HIGH,P0,YES,UNKNOWN,HIGH,MEDIUM,STRONG,OK,P1_30_DAYS,SAFE_MERGE,NO,NO,Blog cluster: Shipping & Container | Secondary/cannibalization URL: merge to primary EN URL or rebuild ZH version in 30 days
/zh/blog/steel-structure-container-loading-guide,https://zhongsai-steelstructure.com/zh/blog/steel-structure-container-loading-guide,ZH,钢结构集装箱装柜完全指南：最大化空间、节省运费,钢结构集装箱装柜完全指南：最大化空间、节省运费,blog,MIGRATE_CONTENT,,,Blog article (steel-structure-container-loading-guide); V2 has no blog system. Evaluate for migration or new landing page.,HIGH,P0,YES,UNKNOWN,HIGH,HIGH,USABLE,OK,P1_30_DAYS,SAFE_MERGE,NO,NO,Blog cluster: Shipping & Container | Secondary/cannibalization URL: merge to primary EN URL or rebuild ZH version in 30 days
/zh/blog/steel-structure-corrosion-protection-guide,https://zhongsai-steelstructure.com/zh/blog/steel-structure-corrosion-protection-guide,ZH,钢结构防腐保护完全指南：油漆 vs 热镀锌 vs 耐候钢,钢结构防腐保护完全指南：油漆 vs 热镀锌 vs 耐候钢,blog,MIGRATE_CONTENT,,,Blog article (steel-structure-corrosion-protection-guide); V2 has no blog system. Evaluate for migration or new landing page.,HIGH,P0,YES,UNKNOWN,LOW,MEDIUM,USABLE,OK,P2_GROWTH,P2_GROWTH,NO,NO,Blog cluster: Corrosion & Materials | Medium intent technical guide: long-term growth
/zh/blog/steel-structure-cost-per-square-meter,https://zhongsai-steelstructure.com/zh/blog/steel-structure-cost-per-square-meter,ZH,钢结构每平米造价详解：2026年最新价格与影响因素,钢结构每平米造价详解：2026年最新价格与影响因素,blog,MIGRATE_CONTENT,,,Blog article (steel-structure-cost-per-square-meter); V2 has no blog system. Evaluate for migration or new landing page.,HIGH,P0,YES,UNKNOWN,MEDIUM,MEDIUM,STRONG,OK,P2_GROWTH,DROP_CANDIDATE,NO,NO,"Blog cluster: Other Blog | Low intent/other: drop candidate, review before 410"
/zh/blog/steel-structure-design-standards-guide,https://zhongsai-steelstructure.com/zh/blog/steel-structure-design-standards-guide,ZH,钢结构设计标准完全指南：GB、ASTM、EN、AS全球标准对比,钢结构设计标准完全指南：GB、ASTM、EN、AS全球标准对比,blog,MIGRATE_CONTENT,,,Blog article (steel-structure-design-standards-guide); V2 has no blog system. Evaluate for migration or new landing page.,HIGH,P0,YES,UNKNOWN,LOW,MEDIUM,USABLE,OK,P2_GROWTH,DROP_CANDIDATE,NO,NO,"Blog cluster: Other Blog | Low intent/other: drop candidate, review before 410"
/zh/blog/steel-structure-foundation-design-guide,https://zhongsai-steelstructure.com/zh/blog/steel-structure-foundation-design-guide,ZH,钢结构基础设计完全指南：独立基础、条形基础、桩基础选型与施工,钢结构基础设计完全指南：独立基础、条形基础、桩基础选型与施工,blog,MIGRATE_CONTENT,,,Blog article (steel-structure-foundation-design-guide); V2 has no blog system. Evaluate for migration or new landing page.,HIGH,P0,YES,UNKNOWN,LOW,MEDIUM,USABLE,OK,P2_GROWTH,P2_GROWTH,NO,NO,Blog cluster: Foundation & Engineering | Medium intent technical guide: long-term growth
/zh/blog/steel-structure-project-timeline-guide,https://zhongsai-steelstructure.com/zh/blog/steel-structure-project-timeline-guide,ZH,钢结构项目时间线完全指南：从询价到竣工的全流程周期,钢结构项目时间线完全指南：从询价到竣工的全流程周期,blog,MIGRATE_CONTENT,,,Blog article (steel-structure-project-timeline-guide); V2 has no blog system. Evaluate for migration or new landing page.,HIGH,P0,YES,UNKNOWN,MEDIUM,MEDIUM,USABLE,OK,P2_GROWTH,P2_GROWTH,NO,NO,Blog cluster: Project Timeline | Medium intent technical guide: long-term growth
/zh/blog/steel-structure-supplier-indonesia-guide,https://zhongsai-steelstructure.com/zh/blog/steel-structure-supplier-indonesia-guide,ZH,印尼钢结构供应商采购完全指南：从询价到安装,印尼钢结构供应商采购完全指南：从询价到安装,blog,MIGRATE_CONTENT,,,Blog article (steel-structure-supplier-indonesia-guide); V2 has no blog system. Evaluate for migration or new landing page.,HIGH,P0,YES,UNKNOWN,MEDIUM,MEDIUM,USABLE,OK,P1_30_DAYS,P1_30_DAYS,NO,NO,Blog cluster: Supplier & Manufacturer | High intent but likely template/weak content: rebuild in 30 days
/zh/blog/steel-structure-supplier-malaysia-guide,https://zhongsai-steelstructure.com/zh/blog/steel-structure-supplier-malaysia-guide,ZH,马来西亚钢结构采购完全指南：东南亚市场实战攻略,马来西亚钢结构采购完全指南：东南亚市场实战攻略,blog,MIGRATE_CONTENT,,,Blog article (steel-structure-supplier-malaysia-guide); V2 has no blog system. Evaluate for migration or new landing page.,HIGH,P0,YES,UNKNOWN,MEDIUM,MEDIUM,USABLE,OK,P1_30_DAYS,P1_30_DAYS,NO,NO,Blog cluster: Supplier & Manufacturer | High intent but likely template/weak content: rebuild in 30 days
/zh/blog/steel-structure-supplier-mexico-guide,https://zhongsai-steelstructure.com/zh/blog/steel-structure-supplier-mexico-guide,ZH,墨西哥钢结构采购完全指南：拉美市场实战攻略,墨西哥钢结构采购完全指南：拉美市场实战攻略,blog,MIGRATE_CONTENT,,,Blog article (steel-structure-supplier-mexico-guide); V2 has no blog system. Evaluate for migration or new landing page.,HIGH,P0,YES,UNKNOWN,MEDIUM,MEDIUM,USABLE,OK,P1_30_DAYS,P1_30_DAYS,NO,NO,Blog cluster: Supplier & Manufacturer | High intent but likely template/weak content: rebuild in 30 days
/zh/blog/steel-structure-supplier-philippines-guide,https://zhongsai-steelstructure.com/zh/blog/steel-structure-supplier-philippines-guide,ZH,菲律宾钢结构采购完全指南：东南亚群岛国家实战攻略,菲律宾钢结构采购完全指南：东南亚群岛国家实战攻略,blog,MIGRATE_CONTENT,,,Blog article (steel-structure-supplier-philippines-guide); V2 has no blog system. Evaluate for migration or new landing page.,HIGH,P0,YES,UNKNOWN,MEDIUM,MEDIUM,USABLE,OK,P1_30_DAYS,P1_30_DAYS,NO,NO,Blog cluster: Supplier & Manufacturer | High intent but likely template/weak content: rebuild in 30 days
/zh/blog/steel-structure-supplier-saudi-arabia-guide,https://zhongsai-steelstructure.com/zh/blog/steel-structure-supplier-saudi-arabia-guide,ZH,沙特阿拉伯钢结构采购完全指南：中东市场实战攻略,沙特阿拉伯钢结构采购完全指南：中东市场实战攻略,blog,MIGRATE_CONTENT,,,Blog article (steel-structure-supplier-saudi-arabia-guide); V2 has no blog system. Evaluate for migration or new landing page.,HIGH,P0,YES,UNKNOWN,MEDIUM,MEDIUM,USABLE,OK,P1_30_DAYS,P1_30_DAYS,NO,NO,Blog cluster: Supplier & Manufacturer | High intent but likely template/weak content: rebuild in 30 days
/zh/blog/steel-structure-supplier-thailand-guide,https://zhongsai-steelstructure.com/zh/blog/steel-structure-supplier-thailand-guide,ZH,泰国钢结构采购完全指南：东南亚市场实战攻略,泰国钢结构采购完全指南：东南亚市场实战攻略,blog,MIGRATE_CONTENT,,,Blog article (steel-structure-supplier-thailand-guide); V2 has no blog system. Evaluate for migration or new landing page.,HIGH,P0,YES,UNKNOWN,MEDIUM,MEDIUM,USABLE,OK,P1_30_DAYS,P1_30_DAYS,NO,NO,Blog cluster: Supplier & Manufacturer | High intent but likely template/weak content: rebuild in 30 days
/zh/blog/steel-structure-supplier-uae-dubai-guide,https://zhongsai-steelstructure.com/zh/blog/steel-structure-supplier-uae-dubai-guide,ZH,阿联酋（迪拜）钢结构采购完全指南：中东高端市场实战攻略,阿联酋（迪拜）钢结构采购完全指南：中东高端市场实战攻略,blog,MIGRATE_CONTENT,,,Blog article (steel-structure-supplier-uae-dubai-guide); V2 has no blog system. Evaluate for migration or new landing page.,HIGH,P0,YES,UNKNOWN,MEDIUM,MEDIUM,USABLE,OK,P1_30_DAYS,P1_30_DAYS,NO,NO,Blog cluster: Supplier & Manufacturer | High intent but likely template/weak content: rebuild in 30 days
/zh/blog/steel-structure-wind-load-design-guide,https://zhongsai-steelstructure.com/zh/blog/steel-structure-wind-load-design-guide,ZH,钢结构风荷载设计完全指南：各国规范、参数取值、设计要点,钢结构风荷载设计完全指南：各国规范、参数取值、设计要点,blog,MIGRATE_CONTENT,,,Blog article (steel-structure-wind-load-design-guide); V2 has no blog system. Evaluate for migration or new landing page.,HIGH,P0,YES,UNKNOWN,LOW,MEDIUM,USABLE,OK,P2_GROWTH,P2_GROWTH,NO,NO,Blog cluster: Foundation & Engineering | Medium intent technical guide: long-term growth
/zh/blog/steel-warehouse-cost-complete-guide,https://zhongsai-steelstructure.com/zh/blog/steel-warehouse-cost-complete-guide,ZH,钢结构仓库成本完全指南：2026年最新价格分析与预算规划,钢结构仓库成本完全指南：2026年最新价格分析与预算规划,blog,MIGRATE_CONTENT,,,Blog article (steel-warehouse-cost-complete-guide); V2 has no blog system. Evaluate for migration or new landing page.,HIGH,P0,YES,UNKNOWN,HIGH,HIGH,USABLE,OK,P1_30_DAYS,SAFE_MERGE,NO,NO,Blog cluster: Warehouse Cost | Secondary/cannibalization URL: merge to primary EN URL or rebuild ZH version in 30 days
/zh/blog/steel-warehouse-supplier-nigeria-guide,https://zhongsai-steelstructure.com/zh/blog/steel-warehouse-supplier-nigeria-guide,ZH,尼日利亚钢结构仓库采购完全指南：西非市场实战攻略,尼日利亚钢结构仓库采购完全指南：西非市场实战攻略,blog,MIGRATE_CONTENT,,,Blog article (steel-warehouse-supplier-nigeria-guide); V2 has no blog system. Evaluate for migration or new landing page.,HIGH,P0,YES,UNKNOWN,HIGH,HIGH,USABLE,OK,P1_30_DAYS,P1_30_DAYS,NO,NO,Blog cluster: Supplier & Manufacturer | High intent but likely template/weak content: rebuild in 30 days
/zh/blog/steel-workshop-cost-factory-building-price,https://zhongsai-steelstructure.com/zh/blog/steel-workshop-cost-factory-building-price,ZH,钢结构厂房造价完全指南：2026年最新价格与成本控制,钢结构厂房造价完全指南：2026年最新价格与成本控制,blog,MIGRATE_CONTENT,,,Blog article (steel-workshop-cost-factory-building-price); V2 has no blog system. Evaluate for migration or new landing page.,HIGH,P0,YES,UNKNOWN,HIGH,HIGH,STRONG,OK,P1_30_DAYS,SAFE_MERGE,NO,NO,Blog cluster: Workshop Cost | Secondary/cannibalization URL: merge to primary EN URL or rebuild ZH version in 30 days
/zh/blog/top-10-steel-structure-manufacturers-in-china,https://zhongsai-steelstructure.com/zh/blog/top-10-steel-structure-manufacturers-in-china,ZH,中国十大钢结构厂家排名：2026年海外采购商选厂指南,中国十大钢结构厂家排名：2026年海外采购商选厂指南,blog,MIGRATE_CONTENT,,,Blog article (top-10-steel-structure-manufacturers-in-china); V2 has no blog system. Evaluate for migration or new landing page.,HIGH,P0,YES,UNKNOWN,HIGH,HIGH,USABLE,OK,P1_30_DAYS,P1_30_DAYS,NO,NO,Blog cluster: Supplier & Manufacturer | High intent but likely template/weak content: rebuild in 30 days
/zh/blog/zhongguo-gangjiegou-changjia-paiming,https://zhongsai-steelstructure.com/zh/blog/zhongguo-gangjiegou-changjia-paiming,ZH,中国钢结构厂家排名2026：如何选择靠谱的钢结构出口商（附评估清单）,中国钢结构厂家排名2026：如何选择靠谱的钢结构出口商（附评估清单）,blog,MIGRATE_CONTENT,,,Blog article (zhongguo-gangjiegou-changjia-paiming); V2 has no blog system. Evaluate for migration or new landing page.,HIGH,P1,YES,UNKNOWN,LOW,MEDIUM,USABLE,OK,P2_GROWTH,DROP_CANDIDATE,NO,NO,"Blog cluster: Other Blog | Low intent/other: drop candidate, review before 410"
/zh/components,https://zhongsai-steelstructure.com/zh/components,ZH,钢结构构件与材料 | 钢柱钢梁桁架檩条围护系统 - 中赛钢构,钢结构构件与材料供应,component,KEEP,/zh/components/,https://zhongsai-steelstructure.com/zh/components/,Path and search intent identical to V2 page,HIGH,,NO,UNKNOWN,MEDIUM,HIGH,USABLE,OK,N/A,KEEP,NO,NO,
/zh/components/fabricated-steel-beams-columns,https://zhongsai-steelstructure.com/zh/components/fabricated-steel-beams-columns,ZH,按图加工钢梁、钢柱与主体钢构件 | 中赛钢构,按图加工钢梁、钢柱与主体钢构件,component,KEEP,/zh/components/fabricated-steel-beams-columns/,https://zhongsai-steelstructure.com/zh/components/fabricated-steel-beams-columns/,Path and search intent identical to V2 page,HIGH,,NO,UNKNOWN,MEDIUM,HIGH,USABLE,OK,N/A,KEEP,NO,NO,
/zh/components/roof-wall-cladding-systems,https://zhongsai-steelstructure.com/zh/components/roof-wall-cladding-systems,ZH,钢结构建筑屋面与墙面围护系统 | 中赛钢构,钢结构建筑屋面与墙面围护系统,component,KEEP,/zh/components/roof-wall-cladding-systems/,https://zhongsai-steelstructure.com/zh/components/roof-wall-cladding-systems/,Path and search intent identical to V2 page,HIGH,,NO,UNKNOWN,MEDIUM,HIGH,USABLE,OK,N/A,KEEP,NO,NO,
/zh/components/steel-purlins,https://zhongsai-steelstructure.com/zh/components/steel-purlins,ZH,C型Z型钢檩条供应 | 钢结构厂房墙面屋面檩条 | 中赛钢构,C型 / Z型钢檩条与钢结构建筑次结构,component,MERGE_301,/zh/components/,https://zhongsai-steelstructure.com/zh/components/,Thin/category page merged into stronger V2 hub page with same intent,MEDIUM,,NO,UNKNOWN,MEDIUM,HIGH,USABLE,OK,P1_30_DAYS,P1_30_DAYS,YES,NO,"MERGE REVOKED: Components Hub does not sufficiently cover steel truss/purlin supplier intent. Legacy preserve at cutover, build dedicated page in 30 days."
/zh/components/steel-trusses,https://zhongsai-steelstructure.com/zh/components/steel-trusses,ZH,钢结构桁架定制加工 | 大跨度屋架桁架制造厂家 | 中赛钢构,按图定制钢结构桁架与大跨度屋架,component,MERGE_301,/zh/components/,https://zhongsai-steelstructure.com/zh/components/,Thin/category page merged into stronger V2 hub page with same intent,MEDIUM,,NO,UNKNOWN,MEDIUM,HIGH,USABLE,OK,P1_30_DAYS,P1_30_DAYS,YES,NO,"MERGE REVOKED: Components Hub does not sufficiently cover steel truss/purlin supplier intent. Legacy preserve at cutover, build dedicated page in 30 days."
/zh/contact,https://zhongsai-steelstructure.com/zh/contact,ZH,联系中赛钢构 | 钢结构项目询价与技术咨询 - 中赛钢构,提交项目需求，获取方案与报价,contact,KEEP,/zh/contact/,https://zhongsai-steelstructure.com/zh/contact/,Path and search intent identical to V2 page,HIGH,,NO,UNKNOWN,LOW,MEDIUM,USABLE,OK,N/A,KEEP,NO,NO,
/zh/countries,https://zhongsai-steelstructure.com/zh/countries/,ZH,按国家分类 | 中赛钢构出口目的地,按国家采购钢结构 | 本地化市场指南,country,MIGRATE_CONTENT,,,Country page (hub); V2 has no country pages. High localized SEO value.,HIGH,P1,YES,UNKNOWN,LOW,MEDIUM,WEAK,OK,P2_GROWTH,DROP_CANDIDATE,NO,NO,Country page (hub): likely template with country name swap. Low unique value. Drop candidate unless GSC data shows traffic. Long-term: build proper country pages with real project data.
/zh/countries/indonesia,https://zhongsai-steelstructure.com/zh/countries/indonesia,ZH,印度尼西亚钢结构供应商 | 中国预制钢结构建筑制造商,印度尼西亚钢结构供应商,country,MIGRATE_CONTENT,,,Country page (indonesia); V2 has no country pages. High localized SEO value.,HIGH,P1,YES,UNKNOWN,LOW,MEDIUM,WEAK,OK,P2_GROWTH,DROP_CANDIDATE,NO,NO,Country page (indonesia): likely template with country name swap. Low unique value. Drop candidate unless GSC data shows traffic. Long-term: build proper country pages with real project data.
/zh/countries/kenya,https://zhongsai-steelstructure.com/zh/countries/kenya,ZH,肯尼亚钢结构供应商 | 中国预制钢结构建筑出口,面向肯尼亚的钢结构供应商,country,MIGRATE_CONTENT,,,Country page (kenya); V2 has no country pages. High localized SEO value.,HIGH,P1,YES,UNKNOWN,LOW,MEDIUM,WEAK,OK,P2_GROWTH,DROP_CANDIDATE,NO,NO,Country page (kenya): likely template with country name swap. Low unique value. Drop candidate unless GSC data shows traffic. Long-term: build proper country pages with real project data.
/zh/countries/nigeria,https://zhongsai-steelstructure.com/zh/countries/nigeria,ZH,尼日利亚钢结构供应商 | 中国预制仓库工厂制造商,尼日利亚钢结构供应商,country,MIGRATE_CONTENT,,,Country page (nigeria); V2 has no country pages. High localized SEO value.,HIGH,P1,YES,UNKNOWN,LOW,MEDIUM,WEAK,OK,P2_GROWTH,DROP_CANDIDATE,NO,NO,Country page (nigeria): likely template with country name swap. Low unique value. Drop candidate unless GSC data shows traffic. Long-term: build proper country pages with real project data.
/zh/countries/saudi-arabia,https://zhongsai-steelstructure.com/zh/countries/saudi-arabia,ZH,沙特阿拉伯钢结构制造商 | 预制厂房仓库供应商,沙特阿拉伯钢结构制造商,country,MIGRATE_CONTENT,,,Country page (saudi-arabia); V2 has no country pages. High localized SEO value.,HIGH,P1,YES,UNKNOWN,LOW,MEDIUM,WEAK,OK,P2_GROWTH,DROP_CANDIDATE,NO,NO,Country page (saudi-arabia): likely template with country name swap. Low unique value. Drop candidate unless GSC data shows traffic. Long-term: build proper country pages with real project data.
/zh/countries/vietnam,https://zhongsai-steelstructure.com/zh/countries/vietnam,ZH,越南钢结构供应商 | 中国预制钢结构建筑出口,面向越南的钢结构供应商,country,MIGRATE_CONTENT,,,Country page (vietnam); V2 has no country pages. High localized SEO value.,HIGH,P1,YES,UNKNOWN,LOW,MEDIUM,WEAK,OK,P2_GROWTH,DROP_CANDIDATE,NO,NO,Country page (vietnam): likely template with country name swap. Low unique value. Drop candidate unless GSC data shows traffic. Long-term: build proper country pages with real project data.
/zh/engineering-design,https://zhongsai-steelstructure.com/zh/engineering-design,ZH,钢结构设计与深化 | 结构设计深化出图加工图纸 - 中赛钢构,钢结构设计与深化从图纸到制造,service,KEEP,/zh/engineering-design/,https://zhongsai-steelstructure.com/zh/engineering-design/,Path and search intent identical to V2 page,HIGH,,NO,UNKNOWN,LOW,MEDIUM,USABLE,OK,N/A,KEEP,NO,NO,
/zh/export-delivery,https://zhongsai-steelstructure.com/zh/export-delivery,ZH,钢结构出口与交付 | 包装装柜出口单证物流协调安装指导 - 中赛钢构,钢结构出口与交付从工厂到海外项目现场,service,KEEP,/zh/export-delivery/,https://zhongsai-steelstructure.com/zh/export-delivery/,Path and search intent identical to V2 page,HIGH,,NO,UNKNOWN,MEDIUM,HIGH,USABLE,OK,N/A,KEEP,NO,NO,
/zh/faq,https://zhongsai-steelstructure.com/zh/faq,ZH,常见问题 - 中国钢结构出口 | 中赛钢构,中国钢结构出口常见问题解答,resource,MIGRATE_CONTENT,,,FAQ page; V2 FAQ is NOINDEX placeholder. FAQ content needs migration.,HIGH,P2,NO,UNKNOWN,LOW,MEDIUM,USABLE,OK,P1_30_DAYS,P1_30_DAYS,NO,NO,"Unclassified MIGRATE_CONTENT: default P1, review manually."
/zh/landing,https://zhongsai-steelstructure.com/zh/landing,ZH,免费获取钢结构报价 | 中国工厂直销预制钢结构建筑 - 中赛钢构,中国工厂直销 高端预制钢结构建筑,landing,RETAIN_TEMPORARILY,,,Landing page likely for ads; retain until ad campaigns reviewed. Do not 301 to homepage.,MEDIUM,P2,NO,UNKNOWN,LOW,MEDIUM,USABLE,OK,P2_GROWTH,LEGACY_PRESERVE,YES,NO,"Landing page: active ad traffic UNKNOWN. Legacy preserve at cutover, review ad campaigns post-launch."
/zh/manufacturing-quality,https://zhongsai-steelstructure.com/zh/manufacturing-quality,ZH,钢结构制造与质检 | 工厂生产切割焊接涂装质量控制 - 中赛钢构,,manufacturing,KEEP,/zh/manufacturing-quality/,https://zhongsai-steelstructure.com/zh/manufacturing-quality/,Path and search intent identical to V2 page,HIGH,,NO,UNKNOWN,LOW,HIGH,USABLE,OK,N/A,KEEP,NO,NO,
/zh/privacy,https://zhongsai-steelstructure.com/zh/privacy,ZH,隐私政策 | 中赛钢构,隐私政策,legal,KEEP,/zh/privacy/,https://zhongsai-steelstructure.com/zh/privacy/,Path and search intent identical to V2 page,HIGH,,NO,UNKNOWN,LOW,MEDIUM,USABLE,OK,N/A,KEEP,NO,NO,
/zh/products,https://zhongsai-steelstructure.com/zh/products,ZH,钢结构产品中心 | 工业厂房仓库矿业商业建筑钢结构 - 中赛钢构,,product,KEEP,/zh/products/,https://zhongsai-steelstructure.com/zh/products/,Path and search intent identical to V2 page,HIGH,,NO,UNKNOWN,LOW,MEDIUM,USABLE,OK,N/A,KEEP,NO,NO,
/zh/products/agriculture-special,https://zhongsai-steelstructure.com/zh/products/agriculture-special,ZH,工业建筑钢结构 | 预制钢结构厂房仓库车间厂家 - 中赛钢构,农业特种钢结构系统,product,MERGE_301,/zh/products/,https://zhongsai-steelstructure.com/zh/products/,Thin/category page merged into stronger V2 hub page with same intent,MEDIUM,,NO,UNKNOWN,LOW,MEDIUM,USABLE,OK,N/A,SAFE_MERGE,NO,NO,
/zh/products/commercial-public,https://zhongsai-steelstructure.com/zh/products/commercial-public,ZH,工业建筑钢结构 | 预制钢结构厂房仓库车间厂家 - 中赛钢构,商业公共建筑钢结构系统,product,MERGE_301,/zh/products/,https://zhongsai-steelstructure.com/zh/products/,Thin/category page merged into stronger V2 hub page with same intent,MEDIUM,,NO,UNKNOWN,LOW,MEDIUM,USABLE,OK,N/A,SAFE_MERGE,NO,NO,
/zh/products/custom-engineering,https://zhongsai-steelstructure.com/zh/products/custom-engineering,ZH,工业建筑钢结构 | 预制钢结构厂房仓库车间厂家 - 中赛钢构,定制钢结构工程系统,product,KEEP,/zh/products/custom-engineering/,https://zhongsai-steelstructure.com/zh/products/custom-engineering/,Path and search intent identical to V2 page,HIGH,,NO,UNKNOWN,LOW,MEDIUM,USABLE,OK,N/A,KEEP,NO,NO,
/zh/products/industrial,https://zhongsai-steelstructure.com/zh/products/industrial,ZH,工业建筑钢结构 | 预制钢结构厂房仓库车间厂家 - 中赛钢构,工业建筑钢结构系统,product,MERGE_301,/zh/products/,https://zhongsai-steelstructure.com/zh/products/,Thin/category page merged into stronger V2 hub page with same intent,MEDIUM,,NO,UNKNOWN,LOW,MEDIUM,USABLE,OK,N/A,SAFE_MERGE,NO,NO,
/zh/products/mining-energy,https://zhongsai-steelstructure.com/zh/products/mining-energy,ZH,工业建筑钢结构 | 预制钢结构厂房仓库车间厂家 - 中赛钢构,矿业能源重型钢结构系统,product,MERGE_301,/zh/products/,https://zhongsai-steelstructure.com/zh/products/,Thin/category page merged into stronger V2 hub page with same intent,MEDIUM,,NO,UNKNOWN,LOW,MEDIUM,USABLE,OK,N/A,SAFE_MERGE,NO,NO,
/zh/products/residential-light,https://zhongsai-steelstructure.com/zh/products/residential-light,ZH,工业建筑钢结构 | 预制钢结构厂房仓库车间厂家 - 中赛钢构,住宅轻钢结构系统,product,MERGE_301,/zh/products/,https://zhongsai-steelstructure.com/zh/products/,Thin/category page merged into stronger V2 hub page with same intent,MEDIUM,,NO,UNKNOWN,LOW,MEDIUM,USABLE,OK,N/A,SAFE_MERGE,NO,NO,
/zh/projects,https://zhongsai-steelstructure.com/zh/projects,ZH,钢结构项目案例 | 工业厂房仓库矿业商业建筑出口交付 - 中赛钢构,钢结构项目与交付案例,project,KEEP,/zh/projects/,https://zhongsai-steelstructure.com/zh/projects/,Path and search intent identical to V2 page,HIGH,,NO,UNKNOWN,MEDIUM,MEDIUM,USABLE,OK,N/A,KEEP,NO,NO,
/zh/projects/brazil-chinese-supermarket,https://zhongsai-steelstructure.com/zh/projects/brazil-chinese-supermarket,ZH,巴西华人超市钢结构项目 | 可按项目要求提供商业建筑出口案例 - 中赛钢构,巴西华人超市钢结构项目,project,GONE_410_CANDIDATE,,,GENERATED_LEGACY_PROJECT: Legacy page was generated content and is not a verified ZhongSai project case. Overseas project (brazil-chinese-supermarket); V2 currently only has 12 domestic projects. Needs content verification before migration.,MEDIUM,P1,YES,UNKNOWN,MEDIUM,MEDIUM,USABLE,OK,N/A,GONE_410_CANDIDATE,NO,NO,"Overseas project (brazil-chinese-supermarket): NOT verified as ZhongSai project. Do NOT create V2 page. Requires company confirmation of participation scope. | V2-08C: Confirmed generated content, not real project. Marked GONE_410_CANDIDATE."
/zh/projects/china-cnooc-pipe-rack,https://zhongsai-steelstructure.com/zh/projects/china-cnooc-pipe-rack,ZH,,,project,GONE_410_CANDIDATE,,,Already returns 404 on old site; no live content to migrate,HIGH,,NO,UNKNOWN,HIGH,MEDIUM,USABLE,OK,N/A,GONE_410_CANDIDATE,NO,NO,
/zh/projects/china-huarun-center,https://zhongsai-steelstructure.com/zh/projects/china-huarun-center,ZH,,,project,GONE_410_CANDIDATE,,,Already returns 404 on old site; no live content to migrate,HIGH,,NO,UNKNOWN,HIGH,MEDIUM,USABLE,OK,N/A,GONE_410_CANDIDATE,NO,NO,
/zh/projects/china-qianhai-dreamfactory,https://zhongsai-steelstructure.com/zh/projects/china-qianhai-dreamfactory,ZH,,,project,GONE_410_CANDIDATE,,,Already returns 404 on old site; no live content to migrate,HIGH,,NO,UNKNOWN,HIGH,HIGH,USABLE,OK,N/A,GONE_410_CANDIDATE,NO,NO,
/zh/projects/cnooc-pr6-pipe-rack-frame,https://zhongsai-steelstructure.com/zh/projects/cnooc-pr6-pipe-rack-frame,ZH,"中海油PR6管廊4-SS2框架项目 | 广东惠州大亚湾石化区5,000 吨 - 中赛钢构",中海油PR6管廊4-SS2框架项目,project,301_ONE_TO_ONE,/zh/projects/cnooc-pr6-pipe-rack/,https://zhongsai-steelstructure.com/zh/projects/cnooc-pr6-pipe-rack/,Path changed but same search intent; V2 has equivalent page,HIGH,,NO,UNKNOWN,MEDIUM,MEDIUM,USABLE,OK,N/A,301_ONE_TO_ONE,NO,NO,
/zh/projects/cnpc-sixth-construction-cracking-furnace,https://zhongsai-steelstructure.com/zh/projects/cnpc-sixth-construction-cracking-furnace,ZH,"中油六建裂解炉项目 | 广东6,000 吨 - 中赛钢构",中油六建裂解炉项目,project,301_ONE_TO_ONE,/zh/projects/cnpc-cracking-furnace/,https://zhongsai-steelstructure.com/zh/projects/cnpc-cracking-furnace/,Path changed but same search intent; V2 has equivalent page,HIGH,,NO,UNKNOWN,MEDIUM,MEDIUM,USABLE,OK,N/A,301_ONE_TO_ONE,NO,NO,
/zh/projects/cnpc-sixth-construction-liquid-furnace,https://zhongsai-steelstructure.com/zh/projects/cnpc-sixth-construction-liquid-furnace,ZH,"中油六建液体炉项目 | 广东4,100 吨 - 中赛钢构",中油六建液体炉项目,project,301_ONE_TO_ONE,/zh/projects/cnpc-liquid-furnace/,https://zhongsai-steelstructure.com/zh/projects/cnpc-liquid-furnace/,Path changed but same search intent; V2 has equivalent page,HIGH,,NO,UNKNOWN,MEDIUM,MEDIUM,USABLE,OK,N/A,301_ONE_TO_ONE,NO,NO,
/zh/projects/dubai-industrial-warehouse,https://zhongsai-steelstructure.com/zh/projects/dubai-industrial-warehouse,ZH,工业仓库 — 迪拜 | 中赛钢构,工业仓库 — 迪拜,project,GONE_410_CANDIDATE,,,GENERATED_LEGACY_PROJECT: Legacy page was generated content and is not a verified ZhongSai project case. Overseas project (dubai-industrial-warehouse); V2 currently only has 12 domestic projects. Needs content verification before migration.,MEDIUM,P1,YES,UNKNOWN,HIGH,HIGH,USABLE,OK,N/A,GONE_410_CANDIDATE,NO,NO,"Overseas project (dubai-industrial-warehouse): NOT verified as ZhongSai project. Do NOT create V2 page. Requires company confirmation of participation scope. | V2-08C: Confirmed generated content, not real project. Marked GONE_410_CANDIDATE."
/zh/projects/ethiopia-textile-factory,https://zhongsai-steelstructure.com/zh/projects/ethiopia-textile-factory,ZH,大型纺织制造工厂 — 亚的斯亚贝巴，埃塞俄比亚 | 中赛钢构,大型纺织制造工厂 — 亚的斯亚贝巴，埃塞俄比亚,project,GONE_410_CANDIDATE,,,GENERATED_LEGACY_PROJECT: Legacy page was generated content and is not a verified ZhongSai project case. Overseas project (ethiopia-textile-factory); V2 currently only has 12 domestic projects. Needs content verification before migration.,MEDIUM,P1,YES,UNKNOWN,HIGH,HIGH,USABLE,OK,N/A,GONE_410_CANDIDATE,NO,NO,"Overseas project (ethiopia-textile-factory): NOT verified as ZhongSai project. Do NOT create V2 page. Requires company confirmation of participation scope. | V2-08C: Confirmed generated content, not real project. Marked GONE_410_CANDIDATE."
/zh/projects/futian-bonded-zone-customs,https://zhongsai-steelstructure.com/zh/projects/futian-bonded-zone-customs,ZH,"福田保税区海关基础设施项目 | 广东深圳福田2,100 吨 - 中赛钢构",福田保税区海关基础设施项目,project,KEEP,/zh/projects/futian-bonded-zone-customs/,https://zhongsai-steelstructure.com/zh/projects/futian-bonded-zone-customs/,Path and search intent identical to V2 page,HIGH,,NO,UNKNOWN,MEDIUM,MEDIUM,USABLE,OK,N/A,KEEP,NO,NO,
/zh/projects/guangdong-yixian-biotech-manufacturing,https://zhongsai-steelstructure.com/zh/projects/guangdong-yixian-biotech-manufacturing,ZH,"广东逸仙生物科技高端制造厂房项目 | 广东9,000 吨 - 中赛钢构",广东逸仙生物科技高端制造厂房项目,project,301_ONE_TO_ONE,/zh/projects/yixian-biotech-manufacturing/,https://zhongsai-steelstructure.com/zh/projects/yixian-biotech-manufacturing/,Path changed but same search intent; V2 has equivalent page,HIGH,,NO,UNKNOWN,MEDIUM,HIGH,USABLE,OK,N/A,301_ONE_TO_ONE,NO,NO,
/zh/projects/guangzhou-gongkong-high-end-equipment-base,https://zhongsai-steelstructure.com/zh/projects/guangzhou-gongkong-high-end-equipment-base,ZH,"广州工控大湾区现代高端装备研发生产基地项目 | 广东广州南沙区9,800 吨 - 中赛钢构",广州工控大湾区现代高端装备研发生产基地项目,project,301_ONE_TO_ONE,/zh/projects/guangzhou-high-end-equipment-base/,https://zhongsai-steelstructure.com/zh/projects/guangzhou-high-end-equipment-base/,Path changed but same search intent; V2 has equivalent page,HIGH,,NO,UNKNOWN,MEDIUM,MEDIUM,USABLE,OK,N/A,301_ONE_TO_ONE,NO,NO,
/zh/projects/huarun-center-commercial-residential,https://zhongsai-steelstructure.com/zh/projects/huarun-center-commercial-residential,ZH,华润置地中心商业、住宅楼项目 | 东莞南城2380吨 - 中赛钢构,华润置地中心商业、住宅楼项目,project,301_ONE_TO_ONE,/zh/projects/dongguan-huarun-center/,https://zhongsai-steelstructure.com/zh/projects/dongguan-huarun-center/,Path changed but same search intent; V2 has equivalent page,HIGH,,NO,UNKNOWN,MEDIUM,MEDIUM,USABLE,OK,N/A,301_ONE_TO_ONE,NO,NO,
/zh/projects/indonesia-mining-steel-structure,https://zhongsai-steelstructure.com/zh/projects/indonesia-mining-steel-structure,ZH,印尼选矿厂钢结构项目 | 可按项目要求提供矿山加工厂房出口案例 - 中赛钢构,印尼选矿厂钢结构项目,project,GONE_410_CANDIDATE,,,GENERATED_LEGACY_PROJECT: Legacy page was generated content and is not a verified ZhongSai project case. Overseas project (indonesia-mining-steel-structure); V2 currently only has 12 domestic projects. Needs content verification before migration.,MEDIUM,P1,YES,UNKNOWN,MEDIUM,MEDIUM,USABLE,OK,N/A,GONE_410_CANDIDATE,NO,NO,"Overseas project (indonesia-mining-steel-structure): NOT verified as ZhongSai project. Do NOT create V2 page. Requires company confirmation of participation scope. | V2-08C: Confirmed generated content, not real project. Marked GONE_410_CANDIDATE."
/zh/projects/kenya-dairy-farm,https://zhongsai-steelstructure.com/zh/projects/kenya-dairy-farm,ZH,,,project,GONE_410_CANDIDATE,,,Already returns 404 on old site; no live content to migrate,HIGH,,NO,UNKNOWN,MEDIUM,MEDIUM,USABLE,OK,N/A,GONE_410_CANDIDATE,NO,NO,
/zh/projects/kenya-dairy-farm-complex,https://zhongsai-steelstructure.com/zh/projects/kenya-dairy-farm-complex,ZH,奶牛场综合体（挤奶厅、饲料库、牛舍） — 内罗毕，肯尼亚 | 中赛钢构,奶牛场综合体（挤奶厅、饲料库、牛舍） — 内罗毕，肯尼亚,project,GONE_410_CANDIDATE,,,GENERATED_LEGACY_PROJECT: Legacy page was generated content and is not a verified ZhongSai project case. Overseas project (kenya-dairy-farm-complex); V2 currently only has 12 domestic projects. Needs content verification before migration.,MEDIUM,P1,YES,UNKNOWN,MEDIUM,MEDIUM,USABLE,OK,N/A,GONE_410_CANDIDATE,NO,NO,"Overseas project (kenya-dairy-farm-complex): NOT verified as ZhongSai project. Do NOT create V2 page. Requires company confirmation of participation scope. | V2-08C: Confirmed generated content, not real project. Marked GONE_410_CANDIDATE."
/zh/projects/luohu-mixc-commercial-skybridge,https://zhongsai-steelstructure.com/zh/projects/luohu-mixc-commercial-skybridge,ZH,罗湖万象城商业中心天桥项目 | 广东深圳罗湖500 吨 - 中赛钢构,罗湖万象城商业中心天桥项目,project,301_ONE_TO_ONE,/zh/projects/luohu-mixc-skybridge/,https://zhongsai-steelstructure.com/zh/projects/luohu-mixc-skybridge/,Path changed but same search intent; V2 has equivalent page,HIGH,,NO,UNKNOWN,MEDIUM,MEDIUM,USABLE,OK,N/A,301_ONE_TO_ONE,NO,NO,
/zh/projects/malaysia-commercial-complex,https://zhongsai-steelstructure.com/zh/projects/malaysia-commercial-complex,ZH,公共商业综合体 — 吉隆坡 | 中赛钢构,公共商业综合体 — 吉隆坡,project,GONE_410_CANDIDATE,,,GENERATED_LEGACY_PROJECT: Legacy page was generated content and is not a verified ZhongSai project case. Overseas project (malaysia-commercial-complex); V2 currently only has 12 domestic projects. Needs content verification before migration.,MEDIUM,P1,YES,UNKNOWN,MEDIUM,MEDIUM,USABLE,OK,N/A,GONE_410_CANDIDATE,NO,NO,"Overseas project (malaysia-commercial-complex): NOT verified as ZhongSai project. Do NOT create V2 page. Requires company confirmation of participation scope. | V2-08C: Confirmed generated content, not real project. Marked GONE_410_CANDIDATE."
/zh/projects/mexico-appliance-factory,https://zhongsai-steelstructure.com/zh/projects/mexico-appliance-factory,ZH,家电制造工厂 — 蒙特雷 | 中赛钢构,家电制造工厂 — 蒙特雷,project,GONE_410_CANDIDATE,,,GENERATED_LEGACY_PROJECT: Legacy page was generated content and is not a verified ZhongSai project case. Overseas project (mexico-appliance-factory); V2 currently only has 12 domestic projects. Needs content verification before migration.,MEDIUM,P1,YES,UNKNOWN,HIGH,HIGH,USABLE,OK,N/A,GONE_410_CANDIDATE,NO,NO,"Overseas project (mexico-appliance-factory): NOT verified as ZhongSai project. Do NOT create V2 page. Requires company confirmation of participation scope. | V2-08C: Confirmed generated content, not real project. Marked GONE_410_CANDIDATE."
/zh/projects/nigeria-logistics-warehouse,https://zhongsai-steelstructure.com/zh/projects/nigeria-logistics-warehouse,ZH,,,project,GONE_410_CANDIDATE,,,Already returns 404 on old site; no live content to migrate,HIGH,,NO,UNKNOWN,HIGH,HIGH,USABLE,OK,N/A,GONE_410_CANDIDATE,NO,NO,
/zh/projects/oman-oil-equipment-workshop,https://zhongsai-steelstructure.com/zh/projects/oman-oil-equipment-workshop,ZH,石油设备维修车间 — 马斯喀特 | 中赛钢构,石油设备维修车间 — 马斯喀特,project,GONE_410_CANDIDATE,,,GENERATED_LEGACY_PROJECT: Legacy page was generated content and is not a verified ZhongSai project case. Overseas project (oman-oil-equipment-workshop); V2 currently only has 12 domestic projects. Needs content verification before migration.,MEDIUM,P1,YES,UNKNOWN,HIGH,HIGH,USABLE,OK,N/A,GONE_410_CANDIDATE,NO,NO,"Overseas project (oman-oil-equipment-workshop): NOT verified as ZhongSai project. Do NOT create V2 page. Requires company confirmation of participation scope. | V2-08C: Confirmed generated content, not real project. Marked GONE_410_CANDIDATE."
/zh/projects/peru-mining-workshop,https://zhongsai-steelstructure.com/zh/projects/peru-mining-workshop,ZH,秘鲁矿山车间钢结构项目 | 可按项目要求提供矿业厂房出口案例 - 中赛钢构,秘鲁矿山车间钢结构项目,project,GONE_410_CANDIDATE,,,GENERATED_LEGACY_PROJECT: Legacy page was generated content and is not a verified ZhongSai project case. Overseas project (peru-mining-workshop); V2 currently only has 12 domestic projects. Needs content verification before migration.,MEDIUM,P1,YES,UNKNOWN,HIGH,HIGH,USABLE,OK,N/A,GONE_410_CANDIDATE,NO,NO,"Overseas project (peru-mining-workshop): NOT verified as ZhongSai project. Do NOT create V2 page. Requires company confirmation of participation scope. | V2-08C: Confirmed generated content, not real project. Marked GONE_410_CANDIDATE."
/zh/projects/philippines-food-processing-plant,https://zhongsai-steelstructure.com/zh/projects/philippines-food-processing-plant,ZH,食品加工厂房 — 马尼拉 | 中赛钢构,食品加工厂房 — 马尼拉,project,GONE_410_CANDIDATE,,,GENERATED_LEGACY_PROJECT: Legacy page was generated content and is not a verified ZhongSai project case. Overseas project (philippines-food-processing-plant); V2 currently only has 12 domestic projects. Needs content verification before migration.,MEDIUM,P1,YES,UNKNOWN,MEDIUM,MEDIUM,USABLE,OK,N/A,GONE_410_CANDIDATE,NO,NO,"Overseas project (philippines-food-processing-plant): NOT verified as ZhongSai project. Do NOT create V2 page. Requires company confirmation of participation scope. | V2-08C: Confirmed generated content, not real project. Marked GONE_410_CANDIDATE."
/zh/projects/saudi-arabia-manufacturing-factory,https://zhongsai-steelstructure.com/zh/projects/saudi-arabia-manufacturing-factory,ZH,,,project,GONE_410_CANDIDATE,,,Already returns 404 on old site; no live content to migrate,HIGH,,NO,UNKNOWN,HIGH,HIGH,USABLE,OK,N/A,GONE_410_CANDIDATE,NO,NO,
/zh/projects/shanghai-baoye-xiegang-aviation-manufacturing,https://zhongsai-steelstructure.com/zh/projects/shanghai-baoye-xiegang-aviation-manufacturing,ZH,"上海宝冶谢岗通用航空制造及供应链项目 | 广东东莞谢岗镇8,可按项目要求提供 - 中赛钢构",上海宝冶谢岗通用航空制造及供应链项目,project,301_ONE_TO_ONE,/zh/projects/xiegang-aviation-manufacturing/,https://zhongsai-steelstructure.com/zh/projects/xiegang-aviation-manufacturing/,Path changed but same search intent; V2 has equivalent page,HIGH,,NO,UNKNOWN,MEDIUM,HIGH,USABLE,OK,N/A,301_ONE_TO_ONE,NO,NO,
/zh/projects/shantou-luxshare-precision-electronics,https://zhongsai-steelstructure.com/zh/projects/shantou-luxshare-precision-electronics,ZH,"汕头立讯精密全球电子信息产业中心项目 | 广东汕头4,可按项目要求提供 - 中赛钢构",汕头立讯精密全球电子信息产业中心项目,project,301_ONE_TO_ONE,/zh/projects/shantou-luxshare-electronics-center/,https://zhongsai-steelstructure.com/zh/projects/shantou-luxshare-electronics-center/,Path changed but same search intent; V2 has equivalent page,HIGH,,NO,UNKNOWN,MEDIUM,MEDIUM,USABLE,OK,N/A,301_ONE_TO_ONE,NO,NO,
/zh/projects/shenzhen-international-zhanjiang-logistics-port,https://zhongsai-steelstructure.com/zh/projects/shenzhen-international-zhanjiang-logistics-port,ZH,深国际湛江综合物流港钢结构项目 | 广东湛江3160吨 - 中赛钢构,深国际湛江综合物流港钢结构项目,project,301_ONE_TO_ONE,/zh/projects/zhanjiang-logistics-port/,https://zhongsai-steelstructure.com/zh/projects/zhanjiang-logistics-port/,Path changed but same search intent; V2 has equivalent page,HIGH,,NO,UNKNOWN,MEDIUM,MEDIUM,USABLE,OK,N/A,301_ONE_TO_ONE,NO,NO,
/zh/projects/shenzhen-qianhai-dreamfactory,https://zhongsai-steelstructure.com/zh/projects/shenzhen-qianhai-dreamfactory,ZH,"深圳前海深港青年梦工厂项目 | 广东深圳前海3,600 吨 - 中赛钢构",深圳前海深港青年梦工厂项目,project,301_ONE_TO_ONE,/zh/projects/qianhai-dreamfactory/,https://zhongsai-steelstructure.com/zh/projects/qianhai-dreamfactory/,Path changed but same search intent; V2 has equivalent page,HIGH,,NO,UNKNOWN,HIGH,HIGH,USABLE,OK,N/A,301_ONE_TO_ONE,NO,NO,
/zh/projects/south-africa-auto-parts-factory,https://zhongsai-steelstructure.com/zh/projects/south-africa-auto-parts-factory,ZH,汽车零部件制造工厂（配可按项目要求提供航车） — 约翰内斯堡，南非 | 中赛钢构,汽车零部件制造工厂（配可按项目要求提供航车） — 约翰内斯堡，南非,project,GONE_410_CANDIDATE,,,GENERATED_LEGACY_PROJECT: Legacy page was generated content and is not a verified ZhongSai project case. Overseas project (south-africa-auto-parts-factory); V2 currently only has 12 domestic projects. Needs content verification before migration.,MEDIUM,P1,YES,UNKNOWN,HIGH,HIGH,USABLE,OK,N/A,GONE_410_CANDIDATE,NO,NO,"Overseas project (south-africa-auto-parts-factory): NOT verified as ZhongSai project. Do NOT create V2 page. Requires company confirmation of participation scope. | V2-08C: Confirmed generated content, not real project. Marked GONE_410_CANDIDATE."
/zh/projects/tanzania-grain-storage-warehouse,https://zhongsai-steelstructure.com/zh/projects/tanzania-grain-storage-warehouse,ZH,粮食储备仓库 — 达累斯萨拉姆 | 中赛钢构,粮食储备仓库 — 达累斯萨拉姆,project,GONE_410_CANDIDATE,,,GENERATED_LEGACY_PROJECT: Legacy page was generated content and is not a verified ZhongSai project case. Overseas project (tanzania-grain-storage-warehouse); V2 currently only has 12 domestic projects. Needs content verification before migration.,MEDIUM,P1,YES,UNKNOWN,HIGH,HIGH,USABLE,OK,N/A,GONE_410_CANDIDATE,NO,NO,"Overseas project (tanzania-grain-storage-warehouse): NOT verified as ZhongSai project. Do NOT create V2 page. Requires company confirmation of participation scope. | V2-08C: Confirmed generated content, not real project. Marked GONE_410_CANDIDATE."
/zh/projects/vietnam-ecommerce-logistics-center,https://zhongsai-steelstructure.com/zh/projects/vietnam-ecommerce-logistics-center,ZH,电商物流仓储中心（12米檐高） — 胡志明市，越南 | 中赛钢构,电商物流仓储中心（12米檐高） — 胡志明市，越南,project,GONE_410_CANDIDATE,,,GENERATED_LEGACY_PROJECT: Legacy page was generated content and is not a verified ZhongSai project case. Overseas project (vietnam-ecommerce-logistics-center); V2 currently only has 12 domestic projects. Needs content verification before migration.,MEDIUM,P1,YES,UNKNOWN,MEDIUM,MEDIUM,USABLE,OK,N/A,GONE_410_CANDIDATE,NO,NO,"Overseas project (vietnam-ecommerce-logistics-center): NOT verified as ZhongSai project. Do NOT create V2 page. Requires company confirmation of participation scope. | V2-08C: Confirmed generated content, not real project. Marked GONE_410_CANDIDATE."
/zh/projects/vietnam-logistics-center,https://zhongsai-steelstructure.com/zh/projects/vietnam-logistics-center,ZH,越南物流中心钢结构项目 | 可按项目要求提供仓储物流出口案例 - 中赛钢构,越南物流中心钢结构项目,project,GONE_410_CANDIDATE,,,GENERATED_LEGACY_PROJECT: Legacy page was generated content and is not a verified ZhongSai project case. Overseas project (vietnam-logistics-center); V2 currently only has 12 domestic projects. Needs content verification before migration.,MEDIUM,P1,YES,UNKNOWN,MEDIUM,MEDIUM,USABLE,OK,N/A,GONE_410_CANDIDATE,NO,NO,"Overseas project (vietnam-logistics-center): NOT verified as ZhongSai project. Do NOT create V2 page. Requires company confirmation of participation scope. | V2-08C: Confirmed generated content, not real project. Marked GONE_410_CANDIDATE."
/zh/shipments,https://zhongsai-steelstructure.com/zh/shipments,ZH,钢结构出货动态 | 装柜实拍视频照片 | 中赛钢构,出货动态 — 装柜实拍,other,301_ONE_TO_ONE,/zh/export-delivery/,https://zhongsai-steelstructure.com/zh/export-delivery/,Path changed but same search intent; V2 has equivalent page,HIGH,,NO,UNKNOWN,LOW,MEDIUM,USABLE,OK,N/A,301_ONE_TO_ONE,NO,NO,
/zh/solutions,https://zhongsai-steelstructure.com/zh/solutions,ZH,钢结构解决方案 | 工业厂房仓库矿业商业建筑设计制造出口 - 中赛钢构,面向不同行业的钢结构解决方案,solution,MIGRATE_CONTENT,,,Solutions hub; V2 solutions is NOINDEX placeholder. Cannot redirect to placeholder.,HIGH,P1,YES,UNKNOWN,MEDIUM,MEDIUM,USABLE,OK,P1_30_DAYS,SAFE_MERGE,NO,NO,Solutions hub: V2 solutions is NOINDEX. Merge to /products/ as closest intent equivalent. Build proper solutions page in 30 days.
/zh/steel-building-solutions/agriculture,https://zhongsai-steelstructure.com/zh/steel-building-solutions/agriculture,ZH,钢结构养殖大棚_钢结构鸡舍猪舍牛棚_中赛钢构,钢结构养殖建筑_鸡舍猪舍牛棚钢结构厂家,solution,MERGE_301,/zh/products/,https://zhongsai-steelstructure.com/zh/products/,Thin/category page merged into stronger V2 hub page with same intent,MEDIUM,,NO,UNKNOWN,MEDIUM,MEDIUM,USABLE,OK,N/A,SAFE_MERGE,NO,NO,
/zh/steel-building-solutions/commercial,https://zhongsai-steelstructure.com/zh/steel-building-solutions/commercial,ZH,钢结构商业建筑_超市4S店写字楼酒店_中赛钢构,钢结构商业建筑_超市4S店写字楼酒店出口厂家,solution,MERGE_301,/zh/products/,https://zhongsai-steelstructure.com/zh/products/,Thin/category page merged into stronger V2 hub page with same intent,MEDIUM,,NO,UNKNOWN,MEDIUM,MEDIUM,USABLE,OK,N/A,SAFE_MERGE,NO,NO,
/zh/steel-building-solutions/energy,https://zhongsai-steelstructure.com/zh/steel-building-solutions/energy,ZH,钢结构能源石化_电厂炼油厂管廊_中赛钢构,钢结构能源石化_电厂炼油厂管廊出口厂家,solution,MERGE_301,/zh/products/,https://zhongsai-steelstructure.com/zh/products/,Thin/category page merged into stronger V2 hub page with same intent,MEDIUM,,NO,UNKNOWN,MEDIUM,MEDIUM,USABLE,OK,N/A,SAFE_MERGE,NO,NO,
/zh/steel-building-solutions/logistics,https://zhongsai-steelstructure.com/zh/steel-building-solutions/logistics,ZH,钢结构物流仓储_物流配送中心仓库_中赛钢构,钢结构物流仓储_物流配送中心出口厂家,solution,MERGE_301,/zh/steel-warehouse/,https://zhongsai-steelstructure.com/zh/steel-warehouse/,Thin/category page merged into stronger V2 hub page with same intent,MEDIUM,,NO,UNKNOWN,MEDIUM,MEDIUM,USABLE,OK,N/A,SAFE_MERGE,NO,NO,
/zh/steel-building-solutions/manufacturing,https://zhongsai-steelstructure.com/zh/steel-building-solutions/manufacturing,ZH,钢结构制造业工厂_生产厂房装配车间_中赛钢构,钢结构制造业工厂_生产厂房装配车间出口厂家,solution,MERGE_301,/zh/steel-workshop/,https://zhongsai-steelstructure.com/zh/steel-workshop/,Thin/category page merged into stronger V2 hub page with same intent,MEDIUM,,NO,UNKNOWN,MEDIUM,HIGH,USABLE,OK,N/A,SAFE_MERGE,NO,NO,
/zh/steel-building-solutions/mining,https://zhongsai-steelstructure.com/zh/steel-building-solutions/mining,ZH,钢结构矿山建筑_矿山厂房输送廊道_中赛钢构,钢结构矿山建筑_矿山厂房输送廊道出口厂家,solution,MERGE_301,/zh/products/,https://zhongsai-steelstructure.com/zh/products/,Thin/category page merged into stronger V2 hub page with same intent,MEDIUM,,NO,UNKNOWN,MEDIUM,MEDIUM,USABLE,OK,N/A,SAFE_MERGE,NO,NO,
/zh/steel-building-solutions/public,https://zhongsai-steelstructure.com/zh/steel-building-solutions/public,ZH,钢结构公共建筑_学校医院体育馆展厅_中赛钢构,钢结构公共建筑_学校医院体育馆出口厂家,solution,MERGE_301,/zh/products/,https://zhongsai-steelstructure.com/zh/products/,Thin/category page merged into stronger V2 hub page with same intent,MEDIUM,,NO,UNKNOWN,MEDIUM,MEDIUM,USABLE,OK,N/A,SAFE_MERGE,NO,NO,
/zh/steel-car-4s-dealership,https://zhongsai-steelstructure.com/zh/steel-car-4s-dealership,ZH,预制钢结构汽车4S店与品牌店制造商,预制钢结构汽车4S店,application,MIGRATE_CONTENT,,,Application page (steel-car-4s-dealership); no V2 equivalent. Evaluate migration or merge into Products/Workshop/Warehouse.,MEDIUM,P1,YES,UNKNOWN,LOW,MEDIUM,USABLE,OK,P1_30_DAYS,LEGACY_PRESERVE,YES,NO,"Application (steel-car-4s-dealership): distinct commercial intent, no V2 target. Legacy preserve at cutover, rebuild in 30 days."
/zh/steel-equipment-platform,https://zhongsai-steelstructure.com/zh/steel-equipment-platform,ZH,钢结构设备平台与工作平台制造商,设备平台与定制钢结构工程,application,MIGRATE_CONTENT,,,Application page (steel-equipment-platform); no V2 equivalent. Evaluate migration or merge into Products/Workshop/Warehouse.,MEDIUM,P1,YES,UNKNOWN,LOW,MEDIUM,USABLE,OK,P2_GROWTH,P2_GROWTH,NO,NO,"Application (steel-equipment-platform): niche intent. Long-term growth, not cutover blocker."
/zh/steel-exhibition-hall,https://zhongsai-steelstructure.com/zh/steel-exhibition-hall,ZH,大跨度钢结构展厅与会展中心制造商,大跨度钢结构展厅,application,MIGRATE_CONTENT,,,Application page (steel-exhibition-hall); no V2 equivalent. Evaluate migration or merge into Products/Workshop/Warehouse.,MEDIUM,P1,YES,UNKNOWN,LOW,MEDIUM,USABLE,OK,P1_30_DAYS,LEGACY_PRESERVE,YES,NO,"Application (steel-exhibition-hall): distinct commercial intent, no V2 target. Legacy preserve at cutover, rebuild in 30 days."
/zh/steel-factory-crane,https://zhongsai-steelstructure.com/zh/steel-factory-crane,ZH,预制钢结构厂房（带行车）制造商,预制钢结构厂房（带行车）,application,MIGRATE_CONTENT,,,Application page (steel-factory-crane); no V2 equivalent. Evaluate migration or merge into Products/Workshop/Warehouse.,MEDIUM,P1,YES,UNKNOWN,MEDIUM,HIGH,USABLE,OK,P2_GROWTH,P2_GROWTH,NO,NO,"Application (steel-factory-crane): niche intent. Long-term growth, not cutover blocker."
/zh/steel-hangar,https://zhongsai-steelstructure.com/zh/steel-hangar,ZH,钢结构机库_飞机库直升机库厂家_中赛钢构,钢结构飞机库与大跨度建筑解决方案,application,MIGRATE_CONTENT,,,Application page (steel-hangar); no V2 equivalent. Evaluate migration or merge into Products/Workshop/Warehouse.,MEDIUM,P1,YES,UNKNOWN,LOW,MEDIUM,USABLE,OK,P1_30_DAYS,LEGACY_PRESERVE,YES,NO,"Application (steel-hangar): distinct commercial intent, no V2 target. Legacy preserve at cutover, rebuild in 30 days."
/zh/steel-hospital-building,https://zhongsai-steelstructure.com/zh/steel-hospital-building,ZH,预制钢结构医院建筑制造商,医院与公共建筑钢结构解决方案,application,MIGRATE_CONTENT,,,Application page (steel-hospital-building); no V2 equivalent. Evaluate migration or merge into Products/Workshop/Warehouse.,MEDIUM,P1,YES,UNKNOWN,LOW,MEDIUM,USABLE,OK,P1_30_DAYS,LEGACY_PRESERVE,YES,NO,"Application (steel-hospital-building): distinct commercial intent, no V2 target. Legacy preserve at cutover, rebuild in 30 days."
/zh/steel-hotel-restaurant,https://zhongsai-steelstructure.com/zh/steel-hotel-restaurant,ZH,预制钢结构酒店与餐厅建筑制造商,预制钢结构酒店与餐厅,application,MIGRATE_CONTENT,,,Application page (steel-hotel-restaurant); no V2 equivalent. Evaluate migration or merge into Products/Workshop/Warehouse.,MEDIUM,P1,YES,UNKNOWN,LOW,MEDIUM,USABLE,OK,P1_30_DAYS,LEGACY_PRESERVE,YES,NO,"Application (steel-hotel-restaurant): distinct commercial intent, no V2 target. Legacy preserve at cutover, rebuild in 30 days."
/zh/steel-livestock-barn,https://zhongsai-steelstructure.com/zh/steel-livestock-barn,ZH,农业与特种用途钢结构建筑解决方案 | 中赛钢构,农业与特种用途钢结构建筑解决方案,application,MIGRATE_CONTENT,,,Application page (steel-livestock-barn); no V2 equivalent. Evaluate migration or merge into Products/Workshop/Warehouse.,MEDIUM,P1,YES,UNKNOWN,LOW,MEDIUM,USABLE,OK,P2_GROWTH,P2_GROWTH,NO,NO,"Application (steel-livestock-barn): niche intent. Long-term growth, not cutover blocker."
/zh/steel-mining-conveyor,https://zhongsai-steelstructure.com/zh/steel-mining-conveyor,ZH,钢结构矿山输送廊道制造商,矿业输送系统与设备平台钢结构,application,MIGRATE_CONTENT,,,Application page (steel-mining-conveyor); no V2 equivalent. Evaluate migration or merge into Products/Workshop/Warehouse.,MEDIUM,P1,YES,UNKNOWN,LOW,MEDIUM,USABLE,OK,P2_GROWTH,P2_GROWTH,NO,NO,"Application (steel-mining-conveyor): niche intent. Long-term growth, not cutover blocker."
/zh/steel-mining-factory,https://zhongsai-steelstructure.com/zh/steel-mining-factory,ZH,矿业与重型工业钢结构解决方案 | 中赛钢构,矿业与重型工业钢结构解决方案,application,MIGRATE_CONTENT,,,Application page (steel-mining-factory); V2 has only NOINDEX placeholder. Content needs migration before indexable.,HIGH,P0,YES,UNKNOWN,MEDIUM,HIGH,USABLE,OK,P0_CUTOVER,LEGACY_PRESERVED_200,IMPLEMENTED,NO,"Mining factory: V2 page exists but NOINDEX. Old page has real content. Legacy preserve at cutover (keep URL 200 with V2 framework + fact-checked content), then make indexable in 30 days. | P0 implemented in V2-08B: HTTP 200, indexable"
/zh/steel-office-building,https://zhongsai-steelstructure.com/zh/steel-office-building,ZH,预制钢结构办公楼制造商,钢结构办公楼与商业建筑解决方案,application,MIGRATE_CONTENT,,,Application page (steel-office-building); no V2 equivalent. Evaluate migration or merge into Products/Workshop/Warehouse.,MEDIUM,P1,YES,UNKNOWN,LOW,MEDIUM,USABLE,OK,P1_30_DAYS,LEGACY_PRESERVE,YES,NO,"Application (steel-office-building): distinct commercial intent, no V2 target. Legacy preserve at cutover, rebuild in 30 days."
/zh/steel-residential-villa,https://zhongsai-steelstructure.com/zh/steel-residential-villa,ZH,预制钢结构住宅别墅与公寓建筑制造商,预制钢结构住宅别墅,application,MIGRATE_CONTENT,,,Application page (steel-residential-villa); no V2 equivalent. Evaluate migration or merge into Products/Workshop/Warehouse.,MEDIUM,P1,YES,UNKNOWN,LOW,MEDIUM,USABLE,OK,P2_GROWTH,P2_GROWTH,NO,NO,"Application (steel-residential-villa): niche intent. Long-term growth, not cutover blocker."
/zh/steel-school-building,https://zhongsai-steelstructure.com/zh/steel-school-building,ZH,预制钢结构学校建筑制造商,学校与教育建筑钢结构解决方案,application,MIGRATE_CONTENT,,,Application page (steel-school-building); no V2 equivalent. Evaluate migration or merge into Products/Workshop/Warehouse.,MEDIUM,P1,YES,UNKNOWN,LOW,MEDIUM,USABLE,OK,P1_30_DAYS,LEGACY_PRESERVE,YES,NO,"Application (steel-school-building): distinct commercial intent, no V2 target. Legacy preserve at cutover, rebuild in 30 days."
/zh/steel-sports-arena,https://zhongsai-steelstructure.com/zh/steel-sports-arena,ZH,大跨度钢结构体育馆与运动场馆制造商,大跨度钢结构体育馆,application,MIGRATE_CONTENT,,,Application page (steel-sports-arena); no V2 equivalent. Evaluate migration or merge into Products/Workshop/Warehouse.,MEDIUM,P1,YES,UNKNOWN,LOW,MEDIUM,USABLE,OK,P1_30_DAYS,LEGACY_PRESERVE,YES,NO,"Application (steel-sports-arena): distinct commercial intent, no V2 target. Legacy preserve at cutover, rebuild in 30 days."
/zh/steel-supermarket-mall,https://zhongsai-steelstructure.com/zh/steel-supermarket-mall,ZH,商业与公共建筑钢结构解决方案 | 中赛钢构,商业与公共建筑钢结构解决方案,application,MIGRATE_CONTENT,,,Application page (steel-supermarket-mall); V2 has only NOINDEX placeholder. Content needs migration before indexable.,HIGH,P0,YES,UNKNOWN,LOW,MEDIUM,USABLE,OK,P1_30_DAYS,LEGACY_PRESERVE,YES,NO,"Supermarket/mall: V2 page exists but NOINDEX. Commercial intent but narrower than warehouse/workshop. Legacy preserve at cutover, rebuild properly in 30 days."
/zh/steel-warehouse,https://zhongsai-steelstructure.com/zh/steel-warehouse,ZH,钢结构仓库厂家_预制钢结构仓库出口_中赛钢构,钢结构仓库与物流建筑解决方案,application,KEEP,/zh/steel-warehouse/,https://zhongsai-steelstructure.com/zh/steel-warehouse/,Path and search intent identical to V2 page,HIGH,,NO,UNKNOWN,MEDIUM,HIGH,USABLE,OK,N/A,KEEP,NO,NO,
/zh/steel-warehouse-logistics,https://zhongsai-steelstructure.com/zh/steel-warehouse-logistics,ZH,预制钢结构仓库与物流中心制造商,预制钢结构仓库与物流中心,application,MERGE_301,/zh/steel-warehouse/,https://zhongsai-steelstructure.com/zh/steel-warehouse/,Thin/category page merged into stronger V2 hub page with same intent,MEDIUM,,NO,UNKNOWN,MEDIUM,HIGH,USABLE,OK,N/A,SAFE_MERGE,NO,NO,
/zh/steel-workshop,https://zhongsai-steelstructure.com/zh/steel-workshop,ZH,钢结构厂房厂家_钢结构车间生产出口_中赛钢构,钢结构厂房与车间建筑解决方案,application,KEEP,/zh/steel-workshop/,https://zhongsai-steelstructure.com/zh/steel-workshop/,Path and search intent identical to V2 page,HIGH,,NO,UNKNOWN,MEDIUM,HIGH,USABLE,OK,N/A,KEEP,NO,NO,
/zh/steel-workshop-processing,https://zhongsai-steelstructure.com/zh/steel-workshop-processing,ZH,预制钢结构车间与加工厂制造商,预制钢结构车间与加工厂,application,MERGE_301,/zh/steel-workshop/,https://zhongsai-steelstructure.com/zh/steel-workshop/,Thin/category page merged into stronger V2 hub page with same intent,MEDIUM,,NO,UNKNOWN,MEDIUM,HIGH,USABLE,OK,N/A,SAFE_MERGE,NO,NO,
/zh/terms,https://zhongsai-steelstructure.com/zh/terms,ZH,服务条款 | 中赛钢构,服务条款,legal,KEEP,/zh/terms/,https://zhongsai-steelstructure.com/zh/terms/,Path and search intent identical to V2 page,HIGH,,NO,UNKNOWN,LOW,MEDIUM,USABLE,OK,N/A,KEEP,NO,NO,
